{"type":"FeatureCollection","features":[{"type":"Feature","geometry":{"type":"Polygon","coordinates":[[[99.92906,13.28272],[99.92487,13.28281],[99.92329,13.281],[99.91837,13.28496],[99.91119,13.28094],[99.90821,13.28198],[99.90533,13.28044],[99.90862,13.27419],[99.90741,13.27173],[99.91006,13.26942],[99.90724,13.26363],[99.89828,13.26673],[99.89325,13.26559],[99.89199,13.26363],[99.88664,13.26353],[99.88309,13.26069],[99.88012,13.25705],[99.88187,13.25664],[99.8847,13.25163],[99.88848,13.25043],[99.89229,13.24652],[99.89231,13.24367],[99.89012,13.24169],[99.88849,13.24443],[99.87996,13.24966],[99.87216,13.24999],[99.86791,13.24672],[99.86001,13.24419],[99.85209,13.30777],[99.85432,13.31271],[99.85496,13.32592],[99.85892,13.33595],[99.86928,13.38112],[99.89129,13.43249],[99.89093,13.44913],[99.8873,13.45562],[99.89098,13.46438],[99.88918,13.46985],[99.89514,13.47589],[99.89626,13.48284],[99.90171,13.49039],[99.91123,13.49486],[99.91405,13.49969],[99.91751,13.50172],[99.91406,13.50896],[99.92145,13.51455],[99.92538,13.51382],[99.93045,13.50566],[99.93278,13.50478],[99.93582,13.4983],[99.96088,13.49683],[99.96634,13.48587],[99.96888,13.49056],[99.97414,13.49043],[99.98801,13.50009],[99.98911,13.50192],[99.98806,13.50356],[99.99336,13.50774],[99.99408,13.50328],[99.99639,13.5019],[99.99686,13.50377],[100.00019,13.5033],[100.00825,13.51618],[100.01165,13.51198],[100.0193,13.50968],[100.02556,13.50496],[100.02983,13.50613],[100.02724,13.5189],[100.03223,13.5227],[100.02941,13.52933],[100.03663,13.53505],[100.04023,13.53608],[100.04368,13.53995],[100.04353,13.55408],[100.03624,13.57681],[100.0368,13.58829],[100.03839,13.59277],[100.04254,13.59467],[100.04027,13.60042],[100.03314,13.60811],[100.03171,13.61217],[100.0445,13.6153],[100.04869,13.6191],[100.05183,13.6185],[100.05332,13.62026],[100.0536,13.62553],[100.05195,13.62763],[100.05635,13.63153],[100.05812,13.63542],[100.05661,13.64891],[100.0598,13.66041],[100.06292,13.66586],[100.06362,13.67362],[100.06713,13.68032],[100.06817,13.69294],[100.0666,13.69581],[100.03438,13.6914],[100.0266,13.70025],[100.02342,13.70921],[100.02172,13.72238],[100.0223,13.73499],[100.03023,13.7452],[100.02858,13.75425],[100.01944,13.74731],[100.01037,13.74538],[100.00817,13.74238],[100.00212,13.74032],[99.99686,13.74122],[99.9968,13.73983],[99.99413,13.7414],[99.9872,13.73452],[99.96184,13.72126],[99.95866,13.72324],[99.94673,13.74082],[99.94265,13.74429],[99.94297,13.75173],[99.94076,13.75514],[99.93809,13.76992],[99.95263,13.77494],[99.95649,13.79573],[99.96876,13.79769],[99.97029,13.80101],[99.96845,13.8048],[99.97005,13.80846],[99.9625,13.81403],[99.96335,13.81792],[99.96072,13.82324],[99.96362,13.82666],[99.96214,13.83162],[99.95901,13.83339],[99.95805,13.83615],[99.95382,13.83237],[99.94156,13.82991],[99.93541,13.83373],[99.93529,13.8355],[99.93786,13.83755],[99.93643,13.84132],[99.91984,13.84571],[99.91329,13.84399],[99.91135,13.84445],[99.91027,13.84719],[99.90816,13.84696],[99.90422,13.8412],[99.90046,13.84113],[99.91086,13.86833],[99.91156,13.87413],[99.90696,13.88037],[99.90623,13.88514],[99.90753,13.88951],[99.90516,13.89927],[99.9019,13.90255],[99.896,13.90357],[99.90923,13.9096],[99.92296,13.91873],[99.92685,13.93417],[99.92623,13.93797],[99.92008,13.9405],[99.90666,13.93941],[99.89166,13.94179],[99.88664,13.94447],[99.88545,13.94922],[99.87624,13.96194],[99.86204,13.96654],[99.85439,13.96396],[99.85202,13.9648],[99.84578,13.9749],[99.84289,13.98315],[99.83431,13.98978],[99.82966,13.99832],[99.83394,14.00522],[99.83436,14.00993],[99.83749,14.01185],[99.83478,14.01419],[99.83451,14.01661],[99.83503,14.02058],[99.83789,14.02383],[99.83715,14.03079],[99.84198,14.03347],[99.84256,14.03745],[99.84893,14.04305],[99.84916,14.05204],[99.8439,14.05362],[99.83369,14.06097],[99.82036,14.06103],[99.81692,14.06427],[99.81043,14.06571],[99.80789,14.06991],[99.81088,14.07538],[99.80881,14.08109],[99.80641,14.08348],[99.79684,14.08553],[99.79087,14.09964],[99.78839,14.10006],[99.78362,14.09554],[99.77726,14.09313],[99.76766,14.09501],[99.77041,14.09829],[99.77121,14.10219],[99.76795,14.11588],[99.76841,14.12776],[99.76214,14.15052],[99.76321,14.16003],[99.76026,14.17147],[99.79681,14.20031],[99.79407,14.20472],[99.79865,14.20707],[99.79792,14.2089],[99.79372,14.2098],[99.79345,14.21376],[99.79612,14.21493],[99.79457,14.21835],[99.79813,14.22066],[99.79836,14.22481],[99.80173,14.22965],[99.8127,14.22931],[99.81511,14.23431],[99.81832,14.23636],[99.82026,14.24207],[99.8195,14.24408],[99.82344,14.2503],[99.82172,14.26234],[99.82475,14.2669],[99.82193,14.26715],[99.81984,14.27609],[99.82395,14.28935],[99.82307,14.30755],[99.81403,14.33434],[99.8151,14.3397],[99.82046,14.35001],[99.81666,14.3749],[99.817,14.3814],[99.82397,14.37972],[99.82807,14.38026],[99.82937,14.38206],[99.82369,14.39682],[99.82423,14.41034],[99.81468,14.43913],[99.81887,14.45104],[99.81946,14.49475],[99.82142,14.50113],[99.81939,14.51332],[99.81521,14.52153],[99.81827,14.52779],[99.81124,14.53451],[99.80475,14.53448],[99.80351,14.53773],[99.79633,14.54519],[99.79339,14.55235],[99.79193,14.56396],[99.79537,14.56243],[99.79818,14.56792],[99.80318,14.61574],[99.8057,14.61983],[99.82182,14.63323],[99.82237,14.64609],[99.82088,14.65076],[99.81878,14.6508],[99.81763,14.65568],[99.81391,14.65874],[99.81028,14.66856],[99.79823,14.67869],[99.8013,14.69176],[99.79868,14.69246],[99.79465,14.69778],[99.79307,14.71045],[99.79926,14.71613],[99.79628,14.72482],[99.80122,14.7352],[99.78815,14.74383],[99.77642,14.73963],[99.7618,14.74542],[99.75369,14.74319],[99.75097,14.74703],[99.73979,14.75435],[99.71452,14.75473],[99.70965,14.75885],[99.70172,14.76142],[99.69663,14.767],[99.69596,14.77296],[99.68828,14.77431],[99.68322,14.78343],[99.6751,14.79061],[99.66919,14.79254],[99.66575,14.7956],[99.66216,14.80315],[99.65903,14.80411],[99.65748,14.80393],[99.65927,14.80195],[99.63979,14.8022],[99.62943,14.79576],[99.62695,14.78946],[99.61692,14.78245],[99.61003,14.78286],[99.60432,14.78589],[99.5995,14.78509],[99.58842,14.78677],[99.58505,14.78525],[99.58056,14.7899],[99.57751,14.7895],[99.57333,14.78445],[99.57478,14.76887],[99.57839,14.75619],[99.57783,14.74792],[99.57325,14.74142],[99.5717,14.73227],[99.56842,14.7305],[99.5659,14.73176],[99.5573,14.73064],[99.54247,14.71569],[99.53631,14.71365],[99.53346,14.70808],[99.51564,14.70244],[99.51318,14.70273],[99.50885,14.70885],[99.49636,14.70377],[99.49202,14.70395],[99.48108,14.70939],[99.45834,14.72487],[99.45288,14.72594],[99.44912,14.72975],[99.44162,14.73274],[99.44303,14.74074],[99.43891,14.74341],[99.43198,14.75244],[99.43335,14.75543],[99.43153,14.76459],[99.43327,14.76813],[99.43693,14.77067],[99.4357,14.77518],[99.42119,14.78143],[99.41417,14.7769],[99.41202,14.77313],[99.40622,14.77314],[99.38926,14.76566],[99.38393,14.76676],[99.38131,14.76531],[99.37603,14.76582],[99.37145,14.76778],[99.36665,14.77311],[99.36282,14.77112],[99.35852,14.77153],[99.34882,14.78187],[99.34337,14.78332],[99.34085,14.78575],[99.33468,14.79371],[99.33525,14.80021],[99.32998,14.80717],[99.31494,14.8141],[99.30886,14.81277],[99.30285,14.82605],[99.29337,14.83194],[99.29398,14.83588],[99.29154,14.83884],[99.28968,14.84614],[99.28786,14.8471],[99.28781,14.85201],[99.28436,14.85435],[99.2842,14.85839],[99.2816,14.86135],[99.28542,14.86254],[99.28687,14.86481],[99.29184,14.86498],[99.29374,14.86963],[99.30063,14.87505],[99.30551,14.88276],[99.31345,14.88413],[99.31811,14.89662],[99.31685,14.9067],[99.32,14.91169],[99.32201,14.92055],[99.32143,14.92433],[99.31308,14.93031],[99.31062,14.93553],[99.31586,14.94351],[99.32105,14.94668],[99.32091,14.94915],[99.31491,14.95624],[99.31232,14.96722],[99.30532,14.97333],[99.30432,14.98097],[99.29837,14.98714],[99.29202,14.98839],[99.28979,14.9927],[99.28512,14.99353],[99.28315,14.99812],[99.27575,14.99075],[99.26068,14.99142],[99.25634,14.98761],[99.25247,14.99233],[99.25294,14.99494],[99.25031,14.99595],[99.24955,14.99974],[99.23589,15.00878],[99.23335,15.0122],[99.22738,15.01071],[99.21539,15.01399],[99.21313,15.01166],[99.20401,15.01421],[99.19402,15.02353],[99.19228,15.02878],[99.18082,15.01739],[99.17526,15.01588],[99.17265,15.01687],[99.16986,15.01392],[99.16233,15.01547],[99.15708,15.01789],[99.15587,15.02331],[99.14831,15.02391],[99.14554,15.02695],[99.1425,15.03514],[99.13563,15.03736],[99.13535,15.04007],[99.1371,15.0426],[99.1466,15.04696],[99.14291,15.05206],[99.14089,15.05055],[99.13084,15.04945],[99.12484,15.05099],[99.11912,15.05499],[99.11345,15.04431],[99.11103,15.04734],[99.10258,15.0444],[99.10136,15.04255],[99.09309,15.04273],[99.08723,15.03931],[99.08078,15.04008],[99.07723,15.03864],[99.06998,15.04377],[99.0699,15.04662],[99.06799,15.0476],[99.05034,15.0429],[99.0384,15.04936],[99.02815,15.04956],[99.02477,15.05428],[99.01976,15.05455],[99.00885,15.07018],[99.00033,15.07132],[99.00587,15.08099],[99.00872,15.08223],[99.0099,15.08611],[99.0066,15.09826],[99.00324,15.10298],[98.99772,15.10534],[99.00047,15.11804],[99.00136,15.13461],[99.00034,15.13755],[99.00662,15.14436],[99.00316,15.15036],[99.00043,15.16431],[98.99418,15.16508],[98.98982,15.17632],[98.98437,15.18029],[98.98924,15.18677],[98.99185,15.18672],[98.99484,15.18378],[99.00222,15.18517],[99.00224,15.19322],[99.00501,15.19874],[99.00511,15.20333],[99.00846,15.20843],[99.00508,15.21915],[99.00597,15.22707],[99.00844,15.23109],[99.00621,15.23922],[99.01279,15.24467],[99.01935,15.24686],[99.01952,15.26072],[99.01662,15.2649],[99.02226,15.27164],[99.02398,15.27859],[99.02973,15.28445],[99.03909,15.28892],[99.03777,15.29792],[99.03269,15.29883],[99.03097,15.30298],[99.03065,15.31066],[99.03243,15.31831],[99.03096,15.33543],[99.03477,15.34154],[99.04295,15.34617],[99.04605,15.35914],[99.04493,15.36211],[99.04643,15.36416],[99.04358,15.37629],[99.04686,15.37618],[99.0508,15.38265],[99.0548,15.38241],[99.05896,15.3947],[99.06594,15.39258],[99.0683,15.39461],[99.06875,15.39787],[99.06666,15.3991],[99.06855,15.41429],[99.06772,15.41999],[99.06354,15.42333],[99.06435,15.42847],[99.0618,15.43766],[99.0576,15.44036],[99.05588,15.44414],[99.05963,15.44886],[99.05886,15.45965],[99.06513,15.46342],[99.06353,15.4688],[99.06447,15.47331],[99.06872,15.47931],[99.0716,15.48041],[99.07575,15.48826],[99.07841,15.49981],[99.07288,15.51195],[99.06042,15.51924],[99.05519,15.52505],[99.05401,15.54019],[99.05067,15.54391],[99.04832,15.55534],[99.05251,15.56421],[99.06119,15.56796],[99.06738,15.5687],[99.07846,15.57639],[99.09415,15.58265],[99.0919,15.59241],[99.09632,15.6005],[99.09758,15.61136],[99.10685,15.61598],[99.11009,15.62489],[99.11576,15.63351],[99.11668,15.6455],[99.11181,15.64968],[99.11555,15.66318],[99.11166,15.6682],[99.11613,15.67584],[99.11727,15.68335],[99.12595,15.69617],[99.12444,15.69985],[99.12749,15.7012],[99.13008,15.70632],[99.12811,15.71321],[99.1308,15.72477],[99.13344,15.72828],[99.13886,15.73125],[99.1383,15.73512],[99.13505,15.73795],[99.13391,15.74518],[99.13117,15.74885],[99.13022,15.7593],[99.12763,15.76712],[99.12978,15.77879],[99.13246,15.7857],[99.13619,15.78937],[99.13129,15.80725],[99.12355,15.81463],[99.1033,15.82109],[99.10368,15.82725],[99.09626,15.8314],[99.0947,15.83744],[99.09877,15.85378],[99.09446,15.85856],[99.09409,15.86117],[99.09735,15.87116],[99.09518,15.87523],[99.08898,15.87909],[99.08616,15.88497],[99.08842,15.89417],[99.08563,15.90007],[99.08665,15.90572],[99.08548,15.90989],[99.08665,15.9149],[99.09571,15.92449],[99.09691,15.93091],[99.09048,15.93733],[99.08902,15.9451],[99.08631,15.948],[99.08074,15.94859],[99.07986,15.95041],[99.07524,15.95189],[99.07447,15.95969],[99.07508,15.96201],[99.07699,15.96177],[99.08031,15.96523],[99.08266,15.97032],[99.08597,15.97212],[99.08875,15.97981],[99.08609,15.99689],[99.08147,16.00727],[99.08351,16.02626],[99.08688,16.0332],[99.08695,16.04189],[99.09132,16.04522],[99.10573,16.0498],[99.10895,16.05578],[99.11471,16.0606],[99.11278,16.06366],[99.11571,16.06855],[99.11648,16.07451],[99.11421,16.08003],[99.10905,16.08226],[99.10661,16.08663],[99.10804,16.08889],[99.108,16.09978],[99.10473,16.10229],[99.10287,16.10099],[99.09383,16.103],[99.0904,16.11181],[99.08838,16.11388],[99.08328,16.11426],[99.08107,16.12395],[99.07723,16.12745],[99.0722,16.12904],[99.06804,16.13289],[99.05922,16.13261],[99.05619,16.13495],[99.05211,16.13542],[99.05028,16.13787],[99.0509,16.14185],[99.04935,16.14446],[99.0514,16.15704],[99.05061,16.16037],[99.05605,16.16468],[99.06761,16.16524],[99.06832,16.17259],[99.07006,16.17449],[99.06992,16.1817],[99.07304,16.18661],[99.07372,16.19646],[99.08081,16.20163],[99.0831,16.2133],[99.07872,16.21925],[99.07457,16.2219],[99.0722,16.22945],[99.06519,16.23585],[99.06393,16.24109],[99.05491,16.24681],[99.05374,16.25373],[99.04889,16.25939],[99.04779,16.27011],[99.04555,16.27613],[99.04602,16.28156],[99.04223,16.2922],[99.04452,16.29917],[99.04898,16.30259],[99.05353,16.30916],[99.05042,16.31569],[99.05246,16.32142],[99.05216,16.33026],[99.05026,16.33523],[99.04235,16.3385],[99.04212,16.34709],[99.04502,16.35346],[99.04194,16.35593],[99.04163,16.37419],[99.03713,16.38275],[99.03263,16.3849],[99.02275,16.38283],[99.01616,16.38696],[99.01998,16.39989],[99.01959,16.41599],[99.02107,16.41888],[99.02611,16.42173],[99.03717,16.42073],[99.04029,16.41733],[99.04425,16.41856],[99.04861,16.42584],[99.047,16.42892],[99.0478,16.43125],[99.05768,16.44801],[99.06692,16.46111],[99.07484,16.46746],[99.08354,16.46939],[99.09449,16.47545],[99.09937,16.47357],[99.10018,16.47743],[99.10578,16.47674],[99.10733,16.48068],[99.11074,16.47761],[99.11294,16.47922],[99.12,16.47899],[99.12079,16.47831],[99.1187,16.47672],[99.122,16.47468],[99.12305,16.4789],[99.12514,16.47922],[99.12513,16.48162],[99.12736,16.48278],[99.12602,16.48601],[99.13023,16.48712],[99.12955,16.48944],[99.13429,16.49049],[99.13469,16.49409],[99.13792,16.49458],[99.13998,16.50039],[99.14493,16.49932],[99.1486,16.50079],[99.15052,16.50346],[99.15406,16.50004],[99.15616,16.50471],[99.15919,16.50396],[99.16226,16.50702],[99.16331,16.5029],[99.16494,16.50301],[99.17358,16.51097],[99.17248,16.51225],[99.16751,16.5121],[99.17116,16.52136],[99.17644,16.52586],[99.18012,16.52681],[99.17915,16.53019],[99.18031,16.53224],[99.19137,16.53103],[99.18911,16.53479],[99.19138,16.53883],[99.19672,16.53713],[99.19979,16.53153],[99.20566,16.53232],[99.21946,16.52738],[99.22262,16.53181],[99.22937,16.5331],[99.22999,16.5347],[99.23278,16.53292],[99.24056,16.53354],[99.23979,16.53804],[99.24267,16.54032],[99.24431,16.54603],[99.24763,16.5488],[99.24785,16.55123],[99.24519,16.55473],[99.2489,16.5592],[99.25307,16.56086],[99.25585,16.56744],[99.25437,16.57965],[99.25717,16.58222],[99.25391,16.58401],[99.24971,16.59085],[99.25251,16.59474],[99.25087,16.59661],[99.25142,16.5984],[99.255,16.60322],[99.2468,16.61264],[99.24661,16.61664],[99.24439,16.61755],[99.24282,16.62386],[99.24393,16.62907],[99.24264,16.63228],[99.24398,16.63728],[99.24309,16.6395],[99.24775,16.64417],[99.2461,16.65435],[99.2484,16.65738],[99.24674,16.6621],[99.26086,16.66676],[99.2658,16.67121],[99.27218,16.6687],[99.27245,16.67412],[99.2754,16.67747],[99.27127,16.68367],[99.28024,16.68641],[99.2825,16.68898],[99.28431,16.69692],[99.28174,16.70649],[99.29536,16.71846],[99.29789,16.72667],[99.29708,16.73127],[99.30305,16.73922],[99.30231,16.74509],[99.30445,16.75039],[99.30311,16.75543],[99.30635,16.76824],[99.30463,16.7708],[99.29406,16.77625],[99.29221,16.77976],[99.29199,16.7851],[99.29628,16.78988],[99.30238,16.79347],[99.3165,16.7963],[99.31817,16.80319],[99.32485,16.81504],[99.34502,16.81366],[99.36803,16.80531],[99.37243,16.80715],[99.37654,16.81225],[99.38664,16.81114],[99.38789,16.81416],[99.38214,16.82256],[99.38457,16.82278],[99.38702,16.82708],[99.38228,16.83554],[99.38708,16.83493],[99.39539,16.84235],[99.40589,16.84187],[99.41435,16.84716],[99.41507,16.85374],[99.41848,16.86125],[99.41668,16.86551],[99.42595,16.86401],[99.4299,16.8649],[99.43782,16.87128],[99.44738,16.86984],[99.45972,16.86356],[99.4687,16.86673],[99.46458,16.87168],[99.46585,16.87669],[99.46493,16.87945],[99.45973,16.88422],[99.45347,16.88407],[99.44804,16.89014],[99.44991,16.89606],[99.44955,16.9042],[99.44648,16.91558],[99.44726,16.92135],[99.45085,16.92632],[99.45312,16.93887],[99.45054,16.94348],[99.44321,16.94743],[99.44475,16.95012],[99.44365,16.9544],[99.44528,16.96115],[99.44348,16.96439],[99.4407,16.96408],[99.43606,16.977],[99.42861,16.98453],[99.4281,16.99308],[99.42161,16.99945],[99.42252,17.00549],[99.41914,17.01575],[99.41403,17.01932],[99.40994,17.01864],[99.40819,17.0216],[99.39731,17.02257],[99.39441,17.02696],[99.39471,17.02933],[99.39265,17.03036],[99.3918,17.03648],[99.39299,17.0382],[99.39143,17.04219],[99.39368,17.04662],[99.39108,17.04895],[99.39365,17.05463],[99.39147,17.05865],[99.39088,17.06755],[99.38721,17.07045],[99.39216,17.0758],[99.39335,17.08312],[99.3912,17.08418],[99.38517,17.08255],[99.38113,17.09011],[99.37379,17.09523],[99.37028,17.09495],[99.3704,17.09753],[99.36738,17.09675],[99.36424,17.09236],[99.3593,17.09214],[99.35462,17.09553],[99.35334,17.09433],[99.35002,17.09543],[99.33906,17.09354],[99.33783,17.0958],[99.33089,17.09963],[99.32979,17.10413],[99.32185,17.11285],[99.32061,17.12708],[99.32989,17.13743],[99.32849,17.13919],[99.31619,17.14237],[99.31437,17.14455],[99.31883,17.15734],[99.31769,17.17054],[99.31356,17.17663],[99.31196,17.18913],[99.31491,17.19295],[99.31647,17.20389],[99.31942,17.21197],[99.31369,17.21908],[99.31918,17.22655],[99.32009,17.2316],[99.31893,17.23762],[99.32109,17.24378],[99.31921,17.2619],[99.31622,17.26935],[99.32102,17.26944],[99.32357,17.26642],[99.32709,17.26773],[99.33001,17.26572],[99.34023,17.2673],[99.34138,17.26173],[99.34658,17.25609],[99.35136,17.25514],[99.35862,17.24853],[99.36116,17.24024],[99.36721,17.23306],[99.37047,17.22633],[99.37039,17.21831],[99.3729,17.21278],[99.37794,17.20978],[99.39314,17.20642],[99.39503,17.20748],[99.40092,17.2206],[99.40518,17.21915],[99.4194,17.21875],[99.421,17.22088],[99.41891,17.22319],[99.41883,17.2266],[99.42347,17.22759],[99.42743,17.23203],[99.43062,17.23233],[99.43579,17.22917],[99.43858,17.22962],[99.44026,17.23604],[99.44548,17.24287],[99.44113,17.25203],[99.44347,17.25337],[99.44956,17.2504],[99.45572,17.25448],[99.45502,17.26727],[99.45272,17.26915],[99.45345,17.27575],[99.45169,17.28098],[99.45145,17.29063],[99.45183,17.29615],[99.45616,17.30535],[99.45475,17.30867],[99.45623,17.31166],[99.45864,17.3097],[99.46176,17.31062],[99.47637,17.3258],[99.47641,17.34112],[99.47297,17.35513],[99.47035,17.357],[99.47199,17.36367],[99.4695,17.36826],[99.45909,17.36976],[99.45572,17.36881],[99.45442,17.37287],[99.44876,17.37715],[99.44711,17.38085],[99.44491,17.38139],[99.4422,17.38914],[99.42947,17.3923],[99.43032,17.40092],[99.42728,17.40888],[99.42972,17.41297],[99.43031,17.41797],[99.43993,17.42135],[99.44271,17.43475],[99.44086,17.43564],[99.43424,17.43409],[99.42873,17.44038],[99.42049,17.44277],[99.41716,17.44835],[99.4145,17.44997],[99.41755,17.45796],[99.41332,17.45994],[99.40608,17.47012],[99.40784,17.47749],[99.41585,17.47987],[99.41916,17.48724],[99.41795,17.4944],[99.42141,17.50068],[99.41853,17.50488],[99.41854,17.50866],[99.42203,17.5158],[99.42107,17.5186],[99.4231,17.52035],[99.43107,17.52117],[99.439,17.52844],[99.43306,17.53982],[99.43022,17.54926],[99.43504,17.56341],[99.4284,17.56932],[99.42135,17.5687],[99.4151,17.57012],[99.4133,17.5746],[99.41585,17.57797],[99.41564,17.58387],[99.42245,17.59194],[99.4187,17.59528],[99.41896,17.59982],[99.42566,17.60906],[99.44044,17.60953],[99.44348,17.60296],[99.44702,17.59963],[99.452,17.5979],[99.45388,17.59871],[99.45309,17.60676],[99.45516,17.60869],[99.44981,17.61324],[99.44994,17.61636],[99.44744,17.61882],[99.44682,17.62277],[99.44993,17.63089],[99.44736,17.64433],[99.4509,17.65482],[99.45659,17.65571],[99.46228,17.66048],[99.46555,17.6613],[99.47028,17.66591],[99.47041,17.66973],[99.47638,17.67694],[99.47023,17.69076],[99.4728,17.69586],[99.47533,17.69722],[99.47383,17.71628],[99.47799,17.72451],[99.47136,17.73786],[99.48146,17.74473],[99.48451,17.75477],[99.48716,17.75746],[99.4877,17.7636],[99.50335,17.77751],[99.50506,17.78065],[99.51515,17.7827],[99.51457,17.78823],[99.51724,17.79193],[99.51653,17.7949],[99.51905,17.79732],[99.53965,17.80482],[99.54214,17.8097],[99.54716,17.81186],[99.56548,17.81119],[99.56866,17.81249],[99.57123,17.81609],[99.58197,17.81588],[99.59884,17.82164],[99.60655,17.81937],[99.60809,17.81612],[99.61492,17.81783],[99.62166,17.81304],[99.62594,17.81286],[99.62706,17.81472],[99.62928,17.81467],[99.63523,17.80872],[99.63569,17.80593],[99.64051,17.80504],[99.64243,17.80176],[99.64513,17.80242],[99.65003,17.79628],[99.67068,17.79901],[99.6749,17.78874],[99.68096,17.78509],[99.68592,17.77798],[99.68521,17.77313],[99.68875,17.76969],[99.69609,17.75669],[99.69766,17.75575],[99.70631,17.7576],[99.70766,17.75647],[99.70892,17.75093],[99.70803,17.74792],[99.71012,17.74414],[99.70892,17.74154],[99.70967,17.73794],[99.71362,17.73677],[99.71532,17.73439],[99.71408,17.72902],[99.71975,17.73169],[99.72075,17.72963],[99.72309,17.72908],[99.72484,17.72559],[99.72421,17.72301],[99.7262,17.72157],[99.73042,17.72165],[99.73098,17.7233],[99.73595,17.72276],[99.73673,17.72385],[99.73508,17.72635],[99.74133,17.7282],[99.74172,17.73155],[99.74477,17.73298],[99.74494,17.73629],[99.74821,17.73517],[99.75167,17.73816],[99.75266,17.74457],[99.7564,17.74866],[99.75223,17.74953],[99.75049,17.75231],[99.75498,17.75205],[99.75577,17.75473],[99.76073,17.75824],[99.76123,17.76187],[99.76241,17.75967],[99.76495,17.76052],[99.76883,17.77123],[99.77135,17.7715],[99.77287,17.77539],[99.77643,17.77748],[99.7755,17.78022],[99.77316,17.77893],[99.77216,17.78026],[99.77586,17.78179],[99.77691,17.78732],[99.77909,17.78876],[99.78163,17.78812],[99.78219,17.79074],[99.78625,17.79102],[99.78819,17.79312],[99.79045,17.79097],[99.79665,17.79243],[99.79856,17.79583],[99.802,17.79548],[99.80395,17.80016],[99.80699,17.80245],[99.81058,17.80117],[99.81129,17.80388],[99.81382,17.80152],[99.81742,17.80316],[99.81965,17.80116],[99.82226,17.80279],[99.82486,17.80088],[99.82946,17.80066],[99.83211,17.80295],[99.83467,17.80046],[99.8347,17.79803],[99.83709,17.79686],[99.83852,17.80029],[99.84205,17.79795],[99.8449,17.8009],[99.8497,17.80161],[99.85245,17.79785],[99.85683,17.80188],[99.85734,17.79858],[99.86016,17.79803],[99.8609,17.80032],[99.86275,17.79973],[99.86793,17.80227],[99.86884,17.80497],[99.87036,17.80208],[99.87279,17.80383],[99.87623,17.80128],[99.87619,17.80369],[99.8779,17.80494],[99.87945,17.80302],[99.88252,17.80283],[99.88317,17.80761],[99.88467,17.80595],[99.88793,17.80709],[99.89076,17.80423],[99.89466,17.80557],[99.89876,17.79707],[99.90156,17.79791],[99.90394,17.79414],[99.90609,17.79349],[99.91164,17.795],[99.91335,17.79381],[99.91314,17.79121],[99.91616,17.79208],[99.92186,17.78655],[99.92054,17.78118],[99.92467,17.7746],[99.92255,17.76871],[99.91164,17.76447],[99.91398,17.75759],[99.92097,17.74743],[99.92621,17.74341],[99.92916,17.74511],[99.93477,17.73573],[99.9393,17.73449],[99.94503,17.72318],[99.95071,17.71947],[99.95587,17.71848],[99.96337,17.71133],[99.96317,17.70762],[99.96663,17.70281],[99.96597,17.69641],[99.96952,17.68245],[99.97483,17.67123],[99.97394,17.6627],[99.97765,17.65689],[99.9758,17.64918],[99.96865,17.6412],[99.96618,17.6326],[99.96713,17.62782],[99.97612,17.62239],[99.96781,17.61488],[99.9629,17.61272],[99.95615,17.60393],[99.94082,17.59215],[99.92403,17.58676],[99.92527,17.58032],[99.92418,17.57531],[99.92784,17.56399],[99.93369,17.55929],[99.9424,17.54512],[99.93977,17.53879],[99.94039,17.53555],[99.93743,17.53394],[99.93131,17.52279],[99.93091,17.51435],[99.93262,17.50701],[99.93734,17.5016],[99.94011,17.49539],[99.94836,17.49926],[99.95026,17.50335],[99.95599,17.50582],[99.95583,17.50378],[99.95998,17.5002],[99.96075,17.4971],[99.96681,17.49258],[99.97233,17.49594],[99.97571,17.49254],[99.97555,17.48923],[99.97995,17.48828],[99.98167,17.48622],[99.98208,17.48119],[99.98025,17.47519],[99.98127,17.47298],[99.98551,17.47191],[99.99065,17.46706],[99.99573,17.4681],[99.99901,17.46678],[100.0045,17.45675],[100.01694,17.45687],[100.02001,17.45862],[100.02711,17.45214],[100.03095,17.44407],[100.02922,17.4387],[100.03086,17.43567],[100.02728,17.42948],[100.01835,17.42269],[100.01636,17.41731],[100.00769,17.41837],[99.99635,17.41647],[99.99496,17.41057],[99.99076,17.4078],[99.99361,17.40411],[99.99153,17.40033],[99.99437,17.39865],[99.99649,17.3941],[100.00386,17.39127],[100.00987,17.37986],[100.00635,17.37369],[99.99966,17.36901],[100.00512,17.36674],[100.00512,17.36307],[100.00798,17.36073],[100.00078,17.35389],[100.00481,17.34796],[100.00422,17.34494],[100.00786,17.34326],[100.01186,17.33604],[100.01086,17.33077],[100.00975,17.32762],[100.00239,17.32567],[99.99608,17.32124],[99.99352,17.31387],[99.99604,17.30294],[100.0024,17.29751],[100.00028,17.29352],[99.99485,17.28905],[99.98643,17.28822],[99.97978,17.28495],[99.9747,17.27473],[99.97141,17.27056],[99.96911,17.26994],[99.96925,17.26588],[99.96609,17.26473],[99.9628,17.25915],[99.96301,17.25031],[99.95488,17.24278],[99.95642,17.24085],[99.96569,17.24219],[99.97345,17.24138],[99.97095,17.23758],[99.95824,17.23106],[99.98231,17.21608],[99.97963,17.21276],[99.97396,17.21276],[99.97126,17.21097],[99.97511,17.20793],[99.97326,17.19952],[99.9816,17.19311],[99.98364,17.18958],[99.98114,17.17453],[99.97318,17.16473],[99.97741,17.15891],[99.98253,17.15538],[99.98512,17.16021],[99.98944,17.15837],[99.99284,17.15923],[99.99526,17.15578],[100.0085,17.15134],[100.00918,17.14763],[100.00281,17.14718],[99.99657,17.14338],[99.99669,17.13743],[100.0009,17.13946],[100.01421,17.13914],[100.01491,17.14279],[100.02384,17.15335],[100.02376,17.16535],[100.02927,17.16411],[100.03331,17.16773],[100.03203,17.17314],[100.03638,17.17835],[100.03661,17.18143],[100.04769,17.17899],[100.05245,17.18198],[100.07402,17.18304],[100.09125,17.18884],[100.10222,17.1886],[100.1205,17.18314],[100.1297,17.18506],[100.1294,17.1829],[100.13684,17.18048],[100.14851,17.1857],[100.15031,17.18462],[100.14914,17.17888],[100.15405,17.17713],[100.15547,17.16947],[100.16058,17.16583],[100.16334,17.17114],[100.168,17.20186],[100.18657,17.2063],[100.20624,17.20715],[100.22721,17.22419],[100.24692,17.23668],[100.2526,17.24424],[100.2533,17.24933],[100.24899,17.25565],[100.2466,17.2804],[100.24286,17.28992],[100.23751,17.31552],[100.24056,17.3373],[100.23883,17.34434],[100.24344,17.35194],[100.25148,17.35502],[100.25569,17.35883],[100.26278,17.35732],[100.26895,17.3659],[100.27795,17.37155],[100.28522,17.37326],[100.28919,17.37594],[100.29677,17.37447],[100.30588,17.38197],[100.32363,17.3685],[100.33054,17.37912],[100.32982,17.3865],[100.33784,17.38967],[100.34267,17.38686],[100.34813,17.3927],[100.3544,17.38694],[100.36893,17.38966],[100.38858,17.40091],[100.39147,17.40442],[100.3957,17.4027],[100.40019,17.40323],[100.40705,17.40723],[100.42002,17.41107],[100.42701,17.42142],[100.43071,17.41882],[100.43499,17.41845],[100.44777,17.42415],[100.45287,17.41866],[100.47011,17.42099],[100.47548,17.42009],[100.47893,17.41774],[100.484,17.41771],[100.49499,17.42263],[100.49667,17.42629],[100.50034,17.42872],[100.50556,17.42157],[100.50496,17.41815],[100.50712,17.41539],[100.50739,17.40956],[100.51361,17.40383],[100.51651,17.40671],[100.51557,17.40814],[100.51668,17.40958],[100.52219,17.40806],[100.52178,17.41022],[100.52736,17.4129],[100.52894,17.41182],[100.52808,17.41564],[100.53068,17.41707],[100.5323,17.41445],[100.53716,17.41509],[100.53794,17.41777],[100.54181,17.41566],[100.54716,17.41623],[100.55146,17.41438],[100.56123,17.41684],[100.5636,17.41967],[100.56826,17.41993],[100.57036,17.42196],[100.58271,17.42075],[100.58639,17.41889],[100.59813,17.42385],[100.60342,17.42802],[100.60192,17.43742],[100.60263,17.44463],[100.60937,17.45908],[100.61399,17.46526],[100.61836,17.46843],[100.62178,17.46862],[100.62882,17.47453],[100.64188,17.47271],[100.64559,17.47416],[100.64378,17.48152],[100.64497,17.48486],[100.64175,17.48963],[100.6422,17.49303],[100.65039,17.49288],[100.65846,17.499],[100.66245,17.49887],[100.67062,17.50207],[100.68477,17.51464],[100.68966,17.52266],[100.71069,17.53237],[100.72431,17.53434],[100.73993,17.54208],[100.7437,17.55389],[100.74701,17.55827],[100.75709,17.56495],[100.75979,17.56896],[100.76535,17.5706],[100.76664,17.57994],[100.77405,17.58335],[100.77399,17.59564],[100.77606,17.60077],[100.7805,17.60564],[100.78478,17.60627],[100.78988,17.61334],[100.80167,17.63421],[100.80223,17.63842],[100.80668,17.63939],[100.81244,17.64364],[100.83674,17.64833],[100.84278,17.65373],[100.84491,17.65626],[100.84445,17.65923],[100.84643,17.66022],[100.84596,17.66339],[100.84993,17.66739],[100.85285,17.67425],[100.85258,17.68061],[100.85477,17.68152],[100.85784,17.68899],[100.86618,17.69904],[100.86791,17.70435],[100.87446,17.7111],[100.88931,17.71569],[100.90451,17.71512],[100.90614,17.71346],[100.90899,17.70168],[100.91452,17.69898],[100.92177,17.69998],[100.92463,17.69616],[100.94181,17.70195],[100.94619,17.69993],[100.95563,17.70069],[100.96531,17.70481],[100.97675,17.71594],[100.98411,17.72966],[100.98826,17.743],[100.99475,17.7356],[101.00763,17.7312],[101.00304,17.7168],[101.00531,17.70884],[101.00264,17.70745],[101.00526,17.70374],[100.99959,17.69898],[101.00935,17.69973],[100.99877,17.67858],[100.9947,17.67785],[100.99212,17.67418],[100.99146,17.66648],[100.99022,17.66567],[100.99281,17.66285],[100.98989,17.66152],[100.99473,17.65748],[100.99206,17.6544],[100.99137,17.64931],[100.99463,17.64218],[100.99287,17.63904],[100.99365,17.63178],[100.99076,17.62301],[100.99123,17.61924],[100.98694,17.61767],[100.98724,17.61213],[100.9841,17.6084],[100.98208,17.60855],[100.97596,17.59584],[100.96839,17.59333],[100.96721,17.58463],[100.96499,17.58082],[100.96747,17.57133],[100.96449,17.57418],[100.96029,17.57442],[100.95674,17.57228],[100.95518,17.5739],[100.94912,17.57301],[100.94768,17.57126],[100.94612,17.57255],[100.94081,17.57219],[100.93852,17.56902],[100.93297,17.56802],[100.93126,17.57116],[100.92764,17.56955],[100.92456,17.57246],[100.91539,17.57605],[100.91809,17.58116],[100.90909,17.58416],[100.90573,17.59225],[100.90306,17.59334],[100.8829,17.58627],[100.86904,17.56922],[100.86106,17.54726],[100.86084,17.54492],[100.86338,17.54318],[100.86629,17.53389],[100.87209,17.53146],[100.87279,17.52893],[100.86793,17.52366],[100.86531,17.51653],[100.85277,17.50701],[100.84528,17.50328],[100.84372,17.49496],[100.84474,17.48968],[100.83398,17.48204],[100.83353,17.47483],[100.83694,17.46559],[100.84119,17.46543],[100.84115,17.46302],[100.84717,17.46016],[100.85079,17.45394],[100.85476,17.45512],[100.85646,17.45092],[100.86391,17.45369],[100.87564,17.44951],[100.88543,17.45717],[100.88544,17.45908],[100.89267,17.4624],[100.89447,17.46541],[100.89509,17.46246],[100.90076,17.45709],[100.90423,17.45754],[100.90595,17.45399],[100.9077,17.45438],[100.91173,17.45068],[100.91613,17.45158],[100.91739,17.44336],[100.9147,17.43526],[100.91736,17.43213],[100.92113,17.43151],[100.92047,17.42872],[100.92269,17.42469],[100.92082,17.42262],[100.92417,17.41995],[100.92117,17.41539],[100.92278,17.41171],[100.92096,17.40737],[100.92306,17.40276],[100.91831,17.40182],[100.91653,17.39249],[100.91831,17.38943],[100.91472,17.38373],[100.91337,17.37706],[100.91664,17.37335],[100.91463,17.36723],[100.91718,17.36404],[100.91442,17.34196],[100.91768,17.34245],[100.91903,17.33943],[100.92639,17.33807],[100.92946,17.33561],[100.93955,17.33595],[100.94559,17.34099],[100.95344,17.33827],[100.95472,17.33536],[100.96989,17.34134],[100.97986,17.33875],[100.98711,17.33863],[100.9917,17.34148],[101.00542,17.33492],[101.00883,17.32986],[101.00769,17.32235],[101.01093,17.31557],[101.01658,17.31203],[101.02408,17.31215],[101.02759,17.30995],[101.03592,17.29817],[101.04561,17.28988],[101.04975,17.28413],[101.05885,17.28101],[101.08269,17.281],[101.08223,17.27414],[101.08937,17.26472],[101.09216,17.25453],[101.10947,17.23434],[101.11001,17.22646],[101.10793,17.21511],[101.0999,17.2101],[101.0954,17.19936],[101.08303,17.19195],[101.07705,17.18025],[101.07789,17.17006],[101.08015,17.16785],[101.07649,17.16042],[101.07981,17.15415],[101.0792,17.13847],[101.07272,17.1291],[101.0706,17.11522],[101.06406,17.11397],[101.06207,17.11218],[101.05503,17.11534],[101.0519,17.11512],[101.05662,17.10559],[101.05121,17.09622],[101.05625,17.09449],[101.05688,17.09018],[101.05176,17.08339],[101.05007,17.07824],[101.05228,17.07354],[101.05626,17.07067],[101.05838,17.06167],[101.05801,17.05657],[101.05506,17.05386],[101.05838,17.04758],[101.05499,17.04162],[101.05643,17.03203],[101.0536,17.025],[101.05629,17.01722],[101.04704,17.00121],[101.04721,16.99729],[101.04539,16.99408],[101.04655,16.98723],[101.0426,16.98498],[101.04422,16.9807],[101.04912,16.97549],[101.04572,16.97167],[101.04456,16.9671],[101.05095,16.95858],[101.05214,16.95301],[101.04567,16.95368],[101.03742,16.94686],[101.02849,16.94454],[101.02872,16.93694],[101.03318,16.93238],[101.03852,16.92972],[101.04711,16.92904],[101.05276,16.93073],[101.06437,16.92864],[101.07021,16.92577],[101.07245,16.91979],[101.0702,16.90897],[101.06684,16.90212],[101.07419,16.90298],[101.07889,16.90127],[101.09259,16.90025],[101.09958,16.90349],[101.10349,16.9033],[101.107,16.90752],[101.10679,16.91213],[101.11059,16.91741],[101.1111,16.92616],[101.1161,16.93209],[101.11556,16.94182],[101.1169,16.94744],[101.11529,16.95696],[101.11608,16.96865],[101.1185,16.97584],[101.11199,16.99563],[101.11273,16.99856],[101.11112,17.00265],[101.11191,17.00658],[101.11477,17.00771],[101.11321,17.00916],[101.11685,17.02018],[101.12359,17.02551],[101.13564,17.028],[101.13882,17.03203],[101.14756,17.03189],[101.16817,17.03794],[101.17036,17.04073],[101.17046,17.04698],[101.17256,17.0524],[101.17852,17.05525],[101.18852,17.06508],[101.2042,17.06844],[101.2125,17.0657],[101.21938,17.05989],[101.2237,17.06052],[101.22921,17.06782],[101.22332,17.08038],[101.22318,17.08541],[101.23552,17.09537],[101.23983,17.10554],[101.24335,17.10883],[101.25016,17.11184],[101.26155,17.10629],[101.27327,17.09567],[101.2789,17.09771],[101.28719,17.10668],[101.29342,17.10642],[101.30509,17.11591],[101.30724,17.12082],[101.30741,17.12966],[101.31564,17.13599],[101.32032,17.13728],[101.32439,17.14422],[101.32957,17.14569],[101.33118,17.14865],[101.33438,17.1496],[101.3421,17.15752],[101.34321,17.16072],[101.34931,17.16287],[101.35209,17.16787],[101.36438,17.17134],[101.37158,17.16907],[101.38174,17.16983],[101.38879,17.17545],[101.39752,17.17804],[101.4038,17.17248],[101.41074,17.17186],[101.41459,17.16661],[101.4219,17.1627],[101.42875,17.15435],[101.44597,17.14615],[101.4519,17.14117],[101.45196,17.12346],[101.4584,17.11626],[101.4615,17.10603],[101.46188,17.10186],[101.45903,17.09864],[101.46504,17.09384],[101.46929,17.09228],[101.47179,17.09299],[101.47802,17.08636],[101.48052,17.07306],[101.4895,17.05903],[101.48961,17.04518],[101.49214,17.03208],[101.49622,17.0242],[101.49584,17.02098],[101.50144,17.01736],[101.50401,17.01036],[101.50665,17.01028],[101.51978,17.01899],[101.53287,17.02339],[101.53612,17.02233],[101.54438,17.01537],[101.54387,17.01051],[101.54638,17.00177],[101.55104,16.99485],[101.55518,16.99497],[101.55715,16.99251],[101.55885,16.99395],[101.56597,16.9857],[101.5715,16.98554],[101.57524,16.98358],[101.58256,16.98685],[101.58349,16.99124],[101.58744,16.99626],[101.59353,16.99526],[101.59685,16.99676],[101.5989,16.99995],[101.60627,16.99848],[101.61245,17.00411],[101.61275,17.0083],[101.61689,17.01547],[101.6155,17.01894],[101.61618,17.02316],[101.62036,17.02636],[101.62458,17.03708],[101.62802,17.04089],[101.62892,17.04546],[101.63237,17.04253],[101.63649,17.04236],[101.63621,17.04455],[101.63745,17.04481],[101.64427,17.03916],[101.64985,17.04191],[101.64962,17.03913],[101.64564,17.03527],[101.64543,17.02882],[101.64802,17.02646],[101.64738,17.02424],[101.65023,17.01761],[101.65305,17.01612],[101.65544,17.01156],[101.65431,17.00498],[101.66106,16.99402],[101.66842,16.98612],[101.66928,16.98047],[101.67534,16.97561],[101.67398,16.96646],[101.6702,16.96031],[101.67264,16.95704],[101.67235,16.95381],[101.67653,16.94265],[101.67827,16.93958],[101.68266,16.93699],[101.6917,16.93614],[101.6871,16.93072],[101.6887,16.9252],[101.69185,16.9231],[101.68994,16.92203],[101.68708,16.92389],[101.685,16.92226],[101.68615,16.919],[101.68295,16.91133],[101.68475,16.90171],[101.68116,16.89631],[101.67819,16.88385],[101.68285,16.87888],[101.68331,16.87476],[101.67967,16.87179],[101.68357,16.86871],[101.67664,16.86675],[101.67897,16.86501],[101.67854,16.86115],[101.68081,16.85763],[101.6856,16.85917],[101.68801,16.85832],[101.68615,16.85512],[101.68414,16.85506],[101.6853,16.85339],[101.68448,16.84867],[101.68736,16.84497],[101.6885,16.84818],[101.69038,16.84859],[101.68957,16.84143],[101.6926,16.83554],[101.69855,16.834],[101.70017,16.83163],[101.69875,16.82957],[101.69975,16.82813],[101.70622,16.82991],[101.70642,16.82525],[101.71902,16.81472],[101.71821,16.80856],[101.72139,16.80687],[101.71932,16.8046],[101.71923,16.79985],[101.70491,16.80785],[101.69982,16.80903],[101.69399,16.80569],[101.68715,16.79766],[101.70482,16.78348],[101.71185,16.76891],[101.71871,16.75883],[101.72775,16.75331],[101.74455,16.75695],[101.76325,16.75603],[101.76674,16.75935],[101.77305,16.75881],[101.78548,16.76196],[101.78796,16.76428],[101.78689,16.75941],[101.78295,16.75382],[101.78965,16.74714],[101.78587,16.74279],[101.78984,16.73892],[101.78879,16.73696],[101.79178,16.72753],[101.78793,16.72676],[101.78784,16.72209],[101.78153,16.72019],[101.77935,16.71305],[101.77641,16.71256],[101.77538,16.70373],[101.77196,16.70268],[101.77426,16.69778],[101.77257,16.6879],[101.76593,16.6799],[101.75178,16.67753],[101.74989,16.67443],[101.75236,16.67211],[101.75173,16.66914],[101.75048,16.66804],[101.7432,16.66879],[101.74129,16.66031],[101.73727,16.66132],[101.73551,16.6587],[101.73172,16.65777],[101.73087,16.65214],[101.72463,16.65144],[101.71864,16.65669],[101.71719,16.65625],[101.71648,16.65986],[101.71065,16.66603],[101.70775,16.6661],[101.70643,16.6706],[101.70262,16.6685],[101.70325,16.67315],[101.70107,16.67629],[101.70133,16.67925],[101.69836,16.67706],[101.69801,16.67974],[101.69509,16.68054],[101.69393,16.68373],[101.69031,16.68355],[101.6886,16.6862],[101.68515,16.68461],[101.6821,16.68785],[101.67858,16.68442],[101.67803,16.68811],[101.67566,16.68623],[101.67195,16.68775],[101.67052,16.68624],[101.66496,16.68555],[101.66415,16.68825],[101.6589,16.68675],[101.65653,16.68849],[101.64929,16.68688],[101.64511,16.68287],[101.6344,16.68023],[101.62939,16.68405],[101.62564,16.68332],[101.61854,16.68517],[101.61233,16.69276],[101.60506,16.70728],[101.59524,16.70766],[101.59179,16.7092],[101.59252,16.71836],[101.58932,16.72001],[101.58749,16.72386],[101.57798,16.72661],[101.57495,16.72466],[101.56783,16.72576],[101.55985,16.73065],[101.55396,16.72809],[101.55457,16.72562],[101.55282,16.72119],[101.55403,16.71155],[101.56032,16.705],[101.56258,16.69703],[101.57118,16.69222],[101.57183,16.68205],[101.57387,16.67583],[101.57767,16.67272],[101.57612,16.66894],[101.57704,16.6626],[101.57225,16.65484],[101.57187,16.64832],[101.56832,16.64937],[101.56589,16.64793],[101.56126,16.64945],[101.56182,16.65271],[101.55404,16.65588],[101.55139,16.65864],[101.54796,16.66767],[101.54528,16.66836],[101.54227,16.66591],[101.53788,16.66613],[101.53614,16.67083],[101.52943,16.67563],[101.52701,16.67938],[101.51867,16.67931],[101.51413,16.6812],[101.51096,16.67894],[101.5108,16.67577],[101.51365,16.67282],[101.51189,16.67135],[101.51248,16.66651],[101.50902,16.6554],[101.51331,16.64799],[101.51481,16.64787],[101.51339,16.6447],[101.51405,16.64125],[101.51738,16.63927],[101.52359,16.63126],[101.52615,16.6195],[101.52133,16.61666],[101.51816,16.61961],[101.51004,16.61562],[101.50638,16.61668],[101.50491,16.61296],[101.50009,16.61057],[101.49993,16.60737],[101.50209,16.60485],[101.50064,16.60149],[101.50082,16.58862],[101.4985,16.58124],[101.49885,16.5765],[101.4961,16.57033],[101.49729,16.56968],[101.49938,16.57174],[101.49877,16.56767],[101.49699,16.56699],[101.49943,16.56571],[101.49723,16.56119],[101.49982,16.56197],[101.508,16.5557],[101.51027,16.55897],[101.51123,16.55637],[101.51514,16.55539],[101.51551,16.55172],[101.51744,16.55241],[101.51718,16.55039],[101.51954,16.54953],[101.51867,16.54742],[101.51503,16.54604],[101.51555,16.54266],[101.51364,16.54369],[101.50942,16.54254],[101.50804,16.54479],[101.50622,16.54314],[101.50295,16.54561],[101.50252,16.54102],[101.5047,16.54202],[101.50497,16.53869],[101.50272,16.53925],[101.50093,16.53644],[101.50035,16.53849],[101.49665,16.53885],[101.49384,16.53303],[101.48486,16.5287],[101.48365,16.52432],[101.48072,16.5282],[101.47937,16.52446],[101.47677,16.52571],[101.47514,16.53001],[101.47232,16.52906],[101.47078,16.52355],[101.46646,16.51901],[101.46505,16.51255],[101.4667,16.5046],[101.46538,16.4979],[101.47285,16.48825],[101.47225,16.47712],[101.46744,16.47502],[101.46027,16.46182],[101.45515,16.46011],[101.45092,16.45589],[101.44819,16.44523],[101.44315,16.43848],[101.42821,16.43314],[101.42328,16.42845],[101.42253,16.42436],[101.41793,16.42345],[101.41814,16.41819],[101.41609,16.41602],[101.4172,16.41049],[101.41036,16.41162],[101.40899,16.40827],[101.40495,16.40682],[101.40454,16.40329],[101.39845,16.40082],[101.40026,16.39726],[101.40447,16.39588],[101.40844,16.3908],[101.4073,16.38006],[101.3925,16.3736],[101.39144,16.36549],[101.38124,16.35941],[101.38193,16.35531],[101.37703,16.34723],[101.37843,16.34335],[101.37602,16.3303],[101.37823,16.32807],[101.37617,16.32374],[101.37846,16.32127],[101.37856,16.31724],[101.37485,16.31246],[101.37225,16.30107],[101.36923,16.29933],[101.36685,16.29319],[101.36848,16.28926],[101.36718,16.28462],[101.37008,16.28073],[101.3688,16.27733],[101.37067,16.27413],[101.3672,16.27342],[101.36214,16.26873],[101.35763,16.26915],[101.35338,16.26006],[101.36002,16.25353],[101.36431,16.24597],[101.372,16.24379],[101.37193,16.23817],[101.36861,16.23588],[101.36763,16.22491],[101.37433,16.21496],[101.37471,16.21133],[101.37237,16.2049],[101.37362,16.19865],[101.37952,16.18818],[101.36326,16.18559],[101.3629,16.18102],[101.36109,16.17934],[101.36247,16.17668],[101.35609,16.17415],[101.35424,16.16503],[101.34945,16.16087],[101.34527,16.16026],[101.34399,16.15374],[101.3408,16.15365],[101.34246,16.14995],[101.34196,16.14548],[101.34457,16.14331],[101.34141,16.14152],[101.34072,16.13496],[101.33895,16.13322],[101.33965,16.12426],[101.33662,16.12226],[101.33536,16.11835],[101.33873,16.1097],[101.33866,16.1037],[101.33481,16.10224],[101.33657,16.096],[101.33386,16.09413],[101.33258,16.08851],[101.33042,16.08752],[101.33238,16.08477],[101.3309,16.07471],[101.32835,16.0718],[101.32785,16.06603],[101.32533,16.0613],[101.32636,16.05742],[101.32992,16.05409],[101.32883,16.05204],[101.32551,16.05124],[101.32293,16.04097],[101.32515,16.03609],[101.3301,16.03419],[101.33062,16.02307],[101.33521,16.02115],[101.33551,16.01823],[101.34145,16.01245],[101.33947,16.00915],[101.3421,16.00642],[101.34344,16.00184],[101.3399,15.99879],[101.33708,15.993],[101.34158,15.98555],[101.3473,15.98269],[101.3527,15.97194],[101.35708,15.96747],[101.35808,15.96315],[101.36996,15.96917],[101.37474,15.96747],[101.37504,15.95967],[101.37167,15.95404],[101.36998,15.9393],[101.36253,15.93273],[101.36419,15.93002],[101.36049,15.92347],[101.37394,15.92159],[101.3745,15.92039],[101.36901,15.91017],[101.36257,15.90769],[101.36049,15.89898],[101.35594,15.89584],[101.35255,15.88861],[101.35062,15.88748],[101.34534,15.8892],[101.34053,15.88835],[101.33244,15.88112],[101.3306,15.86486],[101.32648,15.85244],[101.33146,15.85108],[101.33137,15.84516],[101.33006,15.84156],[101.32482,15.83877],[101.32448,15.83286],[101.32583,15.83029],[101.33198,15.82999],[101.33183,15.82438],[101.32772,15.81793],[101.32658,15.80683],[101.33041,15.80583],[101.3313,15.80344],[101.32996,15.80141],[101.32093,15.79692],[101.31718,15.78984],[101.32837,15.78538],[101.32988,15.78125],[101.33367,15.77769],[101.3321,15.77342],[101.33442,15.77295],[101.33495,15.77023],[101.33929,15.76736],[101.33644,15.76523],[101.33578,15.75364],[101.34065,15.75626],[101.35301,15.74686],[101.35959,15.7461],[101.36124,15.74355],[101.3832,15.73659],[101.38505,15.73765],[101.38632,15.74289],[101.39246,15.74493],[101.39957,15.74177],[101.40609,15.73567],[101.40008,15.72339],[101.39984,15.70527],[101.39513,15.68757],[101.3926,15.66287],[101.38449,15.64417],[101.38167,15.62111],[101.37804,15.61791],[101.37085,15.58111],[101.37055,15.57045],[101.37362,15.55639],[101.37519,15.53618],[101.37492,15.52436],[101.38323,15.49943],[101.38589,15.47069],[101.38021,15.45034],[101.3778,15.43315],[101.37755,15.39069],[101.38108,15.38744],[101.37546,15.37683],[101.37667,15.36544],[101.37934,15.35918],[101.37775,15.35393],[101.37915,15.3465],[101.38133,15.34502],[101.38465,15.3479],[101.3858,15.34651],[101.38386,15.34158],[101.38066,15.33933],[101.38248,15.33425],[101.38089,15.29949],[101.38277,15.26582],[101.38607,15.24386],[101.39114,15.24016],[101.39158,15.22868],[101.39634,15.20366],[101.40059,15.16601],[101.39958,15.15855],[101.40136,15.15178],[101.40137,15.13627],[101.39867,15.12832],[101.39806,15.11839],[101.39964,15.10125],[101.39664,15.09854],[101.39811,15.09401],[101.39737,15.08664],[101.39872,15.08565],[101.39985,15.07708],[101.39915,15.07244],[101.40305,15.06177],[101.41068,15.05314],[101.41526,15.04111],[101.41382,15.0342],[101.41649,15.0316],[101.41941,15.01836],[101.42462,15.0127],[101.42299,15.00664],[101.42094,15.00461],[101.42034,14.99696],[101.42338,14.99392],[101.42457,14.98825],[101.4291,14.98301],[101.42899,14.97771],[101.4307,14.9765],[101.43321,14.96244],[101.43046,14.96038],[101.42977,14.95727],[101.43267,14.95108],[101.4316,14.95033],[101.43281,14.9461],[101.43572,14.94386],[101.43794,14.93307],[101.43983,14.93262],[101.43856,14.9302],[101.43947,14.92769],[101.44441,14.92338],[101.44435,14.9195],[101.44944,14.91244],[101.44726,14.90836],[101.44863,14.90205],[101.44995,14.90192],[101.45077,14.89106],[101.45455,14.87581],[101.45093,14.8742],[101.45289,14.8699],[101.45179,14.86639],[101.45439,14.8643],[101.45051,14.85748],[101.42986,14.84987],[101.42329,14.84366],[101.41541,14.84435],[101.40373,14.82792],[101.39367,14.81683],[101.37821,14.80675],[101.36879,14.8041],[101.352,14.7956],[101.34926,14.79351],[101.34658,14.78747],[101.33742,14.78649],[101.33523,14.78183],[101.33975,14.7727],[101.33279,14.76295],[101.32616,14.75902],[101.3207,14.76008],[101.31032,14.75761],[101.30712,14.7586],[101.30647,14.75577],[101.30366,14.75488],[101.30269,14.74439],[101.29571,14.73775],[101.29019,14.73755],[101.28724,14.74432],[101.28405,14.74654],[101.28195,14.74465],[101.28243,14.73469],[101.2807,14.73238],[101.27138,14.73295],[101.26692,14.72997],[101.26242,14.73261],[101.25902,14.73102],[101.25207,14.73229],[101.24983,14.7345],[101.2449,14.73179],[101.24083,14.73408],[101.23848,14.73253],[101.23448,14.73453],[101.23246,14.73216],[101.22665,14.73769],[101.22415,14.74283],[101.21629,14.74706],[101.21695,14.74906],[101.21392,14.7543],[101.21064,14.75511],[101.20722,14.75208],[101.19756,14.75657],[101.19768,14.74901],[101.19345,14.75096],[101.19149,14.74888],[101.18845,14.74939],[101.18876,14.74528],[101.19391,14.74056],[101.19058,14.73375],[101.19386,14.73128],[101.19046,14.7238],[101.18759,14.72523],[101.1854,14.72263],[101.18926,14.71513],[101.18679,14.71176],[101.19087,14.70955],[101.19143,14.70676],[101.19497,14.70574],[101.19444,14.70118],[101.1961,14.70119],[101.19671,14.69907],[101.19583,14.69662],[101.19757,14.69632],[101.19843,14.69227],[101.20038,14.69094],[101.20113,14.68425],[101.20376,14.68378],[101.20133,14.6804],[101.2017,14.67612],[101.19939,14.66958],[101.20042,14.66595],[101.19902,14.66398],[101.20195,14.66286],[101.20502,14.65486],[101.20377,14.65216],[101.20557,14.64756],[101.20513,14.63986],[101.20727,14.63878],[101.20653,14.63422],[101.20832,14.63257],[101.20832,14.63008],[101.20607,14.62956],[101.20413,14.62361],[101.20445,14.61581],[101.20733,14.61414],[101.20746,14.61187],[101.20426,14.6083],[101.20975,14.59996],[101.2087,14.59466],[101.2149,14.59178],[101.2155,14.58789],[101.2142,14.58551],[101.2105,14.58494],[101.20781,14.58102],[101.2056,14.58038],[101.20573,14.57708],[101.1994,14.56925],[101.20081,14.56568],[101.19712,14.56419],[101.19329,14.55886],[101.19475,14.55421],[101.19079,14.55432],[101.18828,14.55175],[101.18478,14.55139],[101.18141,14.54715],[101.18272,14.54504],[101.18106,14.54383],[101.18391,14.54028],[101.18381,14.53408],[101.18724,14.53033],[101.19069,14.52883],[101.19546,14.53092],[101.19722,14.52562],[101.20665,14.52073],[101.20824,14.51722],[101.21061,14.51737],[101.21716,14.50621],[101.2231,14.50414],[101.22585,14.49564],[101.24277,14.47151],[101.24115,14.48065],[101.24386,14.48917],[101.24977,14.49005],[101.25108,14.49462],[101.25616,14.49771],[101.25865,14.49739],[101.26614,14.50238],[101.26795,14.50744],[101.27169,14.50947],[101.27261,14.51248],[101.27717,14.51247],[101.27946,14.50647],[101.28423,14.50198],[101.28252,14.49815],[101.28366,14.49011],[101.29339,14.49118],[101.30051,14.49813],[101.30616,14.49854],[101.30651,14.4855],[101.31233,14.47135],[101.31683,14.47106],[101.31808,14.46908],[101.3232,14.46932],[101.32907,14.46539],[101.33192,14.46592],[101.34083,14.45881],[101.34279,14.45544],[101.34916,14.45207],[101.35236,14.45456],[101.35935,14.44888],[101.36559,14.44943],[101.36515,14.44562],[101.36966,14.44224],[101.37007,14.4382],[101.37303,14.43932],[101.37675,14.43516],[101.3816,14.43378],[101.38134,14.42934],[101.37822,14.42781],[101.37975,14.42374],[101.38809,14.42344],[101.39083,14.4196],[101.39599,14.41857],[101.39706,14.40877],[101.40679,14.40377],[101.42241,14.38324],[101.42658,14.38994],[101.43222,14.38957],[101.45083,14.38141],[101.4752,14.36541],[101.48313,14.34591],[101.49704,14.33439],[101.49765,14.33222],[101.49465,14.32357],[101.49622,14.31677],[101.50541,14.30898],[101.49871,14.29843],[101.49878,14.26818],[101.49126,14.26152],[101.48441,14.26401],[101.48063,14.26762],[101.47275,14.26182],[101.46292,14.26267],[101.45091,14.25483],[101.44579,14.25633],[101.44028,14.2543],[101.43034,14.25663],[101.41476,14.25332],[101.41212,14.25442],[101.39515,14.27366],[101.38186,14.27281],[101.38119,14.271],[101.38392,14.26585],[101.38066,14.25809],[101.37847,14.25748],[101.38245,14.24938],[101.37827,14.23845],[101.38391,14.23315],[101.38323,14.2298],[101.38605,14.2252],[101.38445,14.21617],[101.38074,14.21272],[101.38226,14.2105],[101.3779,14.21155],[101.37492,14.21022],[101.37283,14.20544],[101.36646,14.20181],[101.35904,14.20277],[101.35077,14.19988],[101.34976,14.19788],[101.34554,14.19724],[101.34522,14.19435],[101.34111,14.18953],[101.33651,14.18722],[101.33413,14.18356],[101.32996,14.1823],[101.32889,14.17973],[101.33045,14.17671],[101.31507,14.17321],[101.31134,14.16952],[101.3111,14.16445],[101.30369,14.16237],[101.29925,14.15727],[101.29652,14.15856],[101.29532,14.15552],[101.29052,14.15343],[101.28876,14.14961],[101.28681,14.13236],[101.29374,14.12435],[101.30379,14.11968],[101.3084,14.11185],[101.3073,14.10064],[101.30837,14.09615],[101.31592,14.08615],[101.31906,14.08494],[101.32089,14.07719],[101.2788,14.05512],[101.27626,14.05945],[101.27398,14.06048],[101.25981,14.06221],[101.23842,14.05808],[101.23439,14.06052],[101.22959,14.05502],[101.22431,14.05239],[101.21402,14.05558],[101.20808,14.04614],[101.2041,14.04599],[101.20251,14.04446],[101.20376,14.04055],[101.20082,14.03734],[101.20018,14.03206],[101.19691,14.02891],[101.20019,14.02358],[101.1985,14.02295],[101.19532,14.02478],[101.19366,14.02368],[101.19681,14.01399],[101.1928,14.01471],[101.1847,14.01206],[101.17863,14.01212],[101.17723,14.00708],[101.17184,14.01119],[101.16996,14.0087],[101.16943,14.00391],[101.16492,14.0089],[101.16341,14.00565],[101.16511,14.00201],[101.16145,14.00308],[101.15899,14.00198],[101.15585,14.00395],[101.15341,14.00084],[101.14573,13.99682],[101.1439,13.99708],[101.14312,14.00269],[101.13924,14.00125],[101.13969,13.98878],[101.14279,13.97362],[101.14105,13.97123],[101.1361,13.96951],[101.10323,13.97408],[101.04515,13.97646],[101.02231,13.97105],[100.98277,13.97036],[100.91347,13.96101],[100.91414,13.94641],[100.9067,13.88317],[100.90634,13.86044],[100.90461,13.85857],[100.90226,13.84878],[100.91276,13.8467],[100.90778,13.83808],[100.93841,13.81444],[100.92866,13.80137],[100.90969,13.79025],[100.89108,13.75717],[100.85512,13.69943],[100.95549,13.66284],[100.95322,13.65087],[100.95425,13.64867],[100.96261,13.6449],[100.9624,13.6401],[100.95936,13.63237],[100.9389,13.61359],[100.9246,13.59476],[100.90703,13.59173],[100.90704,13.58117],[100.91191,13.5786],[100.91508,13.57197],[100.90472,13.55535],[100.90305,13.55482],[100.89022,13.56463],[100.88926,13.56364],[100.88945,13.55836],[100.88609,13.55713],[100.88439,13.55187],[100.87924,13.54669],[100.87247,13.5236],[100.87417,13.51904],[100.8713,13.51225],[100.87288,13.50054],[100.8727,13.49297],[100.8712,13.48988],[100.86311,13.48962],[100.86097,13.48572],[100.85177,13.48418],[100.84839,13.47842],[100.8436,13.48199],[100.83322,13.48241],[100.81925,13.48711],[100.81863,13.48565],[100.81284,13.4891],[100.80468,13.48757],[100.79858,13.48852],[100.79078,13.49301],[100.78366,13.493],[100.77658,13.49054],[100.72927,13.50049],[100.70706,13.50166],[100.70703,13.50476],[100.67844,13.50764],[100.67785,13.50637],[100.67839,13.50766],[100.67623,13.50863],[100.65458,13.51557],[100.65404,13.51261],[100.65359,13.51272],[100.65443,13.51569],[100.64382,13.51803],[100.64349,13.51665],[100.64372,13.51803],[100.63117,13.52064],[100.62275,13.52677],[100.62207,13.52948],[100.61189,13.5389],[100.58448,13.53927],[100.58805,13.53507],[100.58674,13.52986],[100.58211,13.52274],[100.57235,13.51491],[100.56942,13.51608],[100.56175,13.51332],[100.53782,13.51074],[100.53358,13.50935],[100.53095,13.5061],[100.52931,13.51004],[100.52282,13.50711],[100.52025,13.51088],[100.52006,13.50888],[100.51833,13.51022],[100.51749,13.50819],[100.51348,13.50689],[100.50256,13.5071],[100.49542,13.50434],[100.49087,13.5051],[100.48848,13.50109],[100.48688,13.50411],[100.48021,13.50059],[100.47864,13.50217],[100.47345,13.50175],[100.47132,13.50519],[100.47074,13.50322],[100.4655,13.50271],[100.46401,13.50046],[100.46036,13.49927],[100.45877,13.49977],[100.45841,13.50249],[100.45369,13.50198],[100.4533,13.50382],[100.44173,13.49872],[100.4381,13.49894],[100.43713,13.49675],[100.43523,13.49811],[100.43449,13.49656],[100.43069,13.49582],[100.4256,13.49787],[100.4217,13.49493],[100.41831,13.49576],[100.41672,13.49452],[100.41487,13.49583],[100.4122,13.49409],[100.41044,13.49523],[100.41069,13.49149],[100.40031,13.48935],[100.37624,13.48849],[100.34296,13.48383],[100.31451,13.48919],[100.29386,13.49993],[100.2832,13.49218],[100.27704,13.48965],[100.27007,13.48248],[100.24886,13.47366],[100.13824,13.443],[100.0792,13.42408],[100.06049,13.41632],[100.04768,13.40769],[100.04228,13.39862],[100.04253,13.39363],[100.03949,13.39364],[100.03737,13.37797],[100.03309,13.37037],[100.02432,13.36289],[100.01939,13.36208],[100.01501,13.36513],[100.00377,13.3674],[99.9965,13.36575],[100.00155,13.3547],[99.99665,13.34306],[99.99839,13.33548],[99.99565,13.3297],[99.9884,13.32857],[99.98725,13.3265],[99.98062,13.32407],[99.97735,13.3251],[99.97677,13.32234],[99.97185,13.3205],[99.96587,13.3156],[99.96121,13.31681],[99.96194,13.31322],[99.95829,13.31012],[99.95029,13.31008],[99.95229,13.30712],[99.95264,13.2967],[99.94605,13.29654],[99.9365,13.29325],[99.93364,13.28501],[99.92906,13.28272]]]},"properties":{"Region":"C","px_type1":124467,"px_type2":312697,"area_rai1":70012.69,"area_rai2":175892.06,"area_aban":245904.75,"area_tot":59761200.38,"pct_aban":0.4115}},{"type":"Feature","geometry":{"type":"MultiPolygon","coordinates":[[[[100.97399,12.5191],[100.97414,12.51312],[100.97038,12.51866],[100.96771,12.51769],[100.96629,12.5215],[100.97105,12.52278],[100.97399,12.5191]]],[[[100.9564,12.50824],[100.95167,12.51471],[100.95424,12.52265],[100.95215,12.52867],[100.95306,12.52969],[100.95643,12.52875],[100.95989,12.51728],[100.95775,12.51224],[100.95804,12.50831],[100.9564,12.50824]]],[[[100.9702,12.55024],[100.97202,12.55018],[100.97086,12.54733],[100.97075,12.54902],[100.9702,12.55024]]],[[[100.95351,12.58632],[100.95372,12.58001],[100.95778,12.56535],[100.96138,12.56397],[100.96308,12.56104],[100.95237,12.54961],[100.94883,12.5618],[100.9499,12.56522],[100.94638,12.56842],[100.94648,12.5718],[100.94322,12.5759],[100.9421,12.5808],[100.94568,12.58303],[100.94557,12.58828],[100.94951,12.58611],[100.95351,12.58632]]],[[[100.93565,12.57274],[100.93235,12.57052],[100.93087,12.57244],[100.93486,12.57611],[100.93565,12.57274]]],[[[100.96114,12.58076],[100.95942,12.58241],[100.95952,12.58732],[100.9629,12.59087],[100.96702,12.58504],[100.96605,12.58124],[100.96114,12.58076]]],[[[100.916,12.60178],[100.91713,12.60569],[100.91742,12.6009],[100.916,12.60178]]],[[[100.88888,12.61085],[100.88877,12.61181],[100.88917,12.61068],[100.88888,12.61085]]],[[[100.87431,12.61238],[100.87547,12.61477],[100.87712,12.61032],[100.87603,12.61041],[100.87431,12.61238]]],[[[100.91815,12.6168],[100.91737,12.6155],[100.91781,12.61708],[100.91815,12.6168]]],[[[100.88254,12.61748],[100.88361,12.61607],[100.87971,12.61444],[100.87792,12.61787],[100.88254,12.61748]]],[[[100.89971,12.62236],[100.89978,12.62657],[100.90241,12.62294],[100.89971,12.62236]]],[[[100.87397,12.63885],[100.87764,12.63616],[100.86984,12.63346],[100.86794,12.62827],[100.86799,12.63354],[100.86363,12.63991],[100.86582,12.64179],[100.87353,12.64279],[100.87397,12.63885]]],[[[100.89191,12.64164],[100.88532,12.64188],[100.87766,12.645],[100.87943,12.64621],[100.88621,12.64458],[100.89079,12.64722],[100.89251,12.64576],[100.89191,12.64164]]],[[[100.89634,12.64492],[100.89859,12.6464],[100.89666,12.64432],[100.89634,12.64492]]],[[[100.82158,12.67388],[100.82074,12.67696],[100.82205,12.67912],[100.82544,12.67341],[100.82158,12.67388]]],[[[100.7806,12.71666],[100.78936,12.71788],[100.79177,12.71625],[100.79704,12.71782],[100.80224,12.71718],[100.80427,12.70763],[100.80266,12.70255],[100.80603,12.69626],[100.8026,12.69153],[100.79595,12.68962],[100.79462,12.68631],[100.79083,12.68396],[100.78951,12.6814],[100.79078,12.67825],[100.78799,12.6747],[100.77995,12.67101],[100.77608,12.6736],[100.77887,12.67667],[100.77581,12.68238],[100.77551,12.68861],[100.77024,12.69673],[100.76462,12.70195],[100.76532,12.71169],[100.76689,12.71306],[100.769,12.70533],[100.77288,12.70433],[100.77621,12.70692],[100.77397,12.71911],[100.776,12.71977],[100.7806,12.71666]]],[[[100.79903,12.72486],[100.79747,12.72948],[100.79921,12.72777],[100.79903,12.72486]]],[[[100.84946,12.76078],[100.843,12.75925],[100.83823,12.76056],[100.84625,12.7632],[100.84946,12.76078]]],[[[100.78911,12.92437],[100.78228,12.90885],[100.78158,12.90261],[100.77968,12.9005],[100.77594,12.90035],[100.7743,12.89765],[100.77166,12.90215],[100.77187,12.90976],[100.76668,12.91415],[100.76991,12.91786],[100.76887,12.92095],[100.77031,12.92749],[100.7756,12.92395],[100.7795,12.92464],[100.78593,12.93455],[100.78959,12.93648],[100.78911,12.92437]]],[[[100.80441,12.92983],[100.8067,12.92773],[100.8061,12.9255],[100.80434,12.92831],[100.80441,12.92983]]],[[[100.79433,12.94372],[100.79258,12.94127],[100.78951,12.94117],[100.78946,12.94443],[100.791,12.9426],[100.79433,12.94372]]],[[[100.8094,13.17345],[100.8078,13.16606],[100.80944,13.16107],[100.81272,13.15952],[100.81249,13.15688],[100.81644,13.15052],[100.82008,13.15004],[100.81812,13.14809],[100.81738,13.14326],[100.81969,13.13779],[100.80978,13.12488],[100.80704,13.12654],[100.80682,13.135],[100.80329,13.138],[100.80627,13.14193],[100.80656,13.14523],[100.80442,13.14739],[100.79962,13.14776],[100.80363,13.14958],[100.80478,13.15493],[100.80176,13.15864],[100.80114,13.16264],[100.79826,13.16314],[100.79977,13.16509],[100.79957,13.16971],[100.80186,13.17185],[100.80036,13.17642],[100.80184,13.17906],[100.80459,13.17809],[100.80803,13.1799],[100.80733,13.17489],[100.8094,13.17345]]],[[[100.91975,13.17447],[100.92095,13.17327],[100.91964,13.17313],[100.91975,13.17447]]],[[[102.24757,12.16333],[102.25047,12.1595],[102.24908,12.15805],[102.24595,12.16019],[102.24463,12.1593],[102.24492,12.16287],[102.24757,12.16333]]],[[[102.2409,12.29656],[102.24392,12.29275],[102.24024,12.28667],[102.2379,12.28612],[102.2354,12.29691],[102.23746,12.2955],[102.23803,12.29692],[102.2382,12.29584],[102.2409,12.29656]]],[[[102.13143,12.39249],[102.13209,12.3966],[102.1336,12.39884],[102.13454,12.3964],[102.13143,12.39249]]],[[[102.12052,12.40978],[102.1248,12.40971],[102.12617,12.40485],[102.11863,12.40897],[102.11918,12.41162],[102.12052,12.40978]]],[[[102.10812,12.42325],[102.11018,12.42554],[102.11101,12.42597],[102.11044,12.42285],[102.10812,12.42325]]],[[[102.02186,12.46134],[102.02094,12.46419],[102.02265,12.46526],[102.02485,12.46061],[102.02186,12.46134]]],[[[102.06674,12.4653],[102.06535,12.46539],[102.06593,12.46614],[102.06674,12.4653]]],[[[101.9487,12.50755],[101.9479,12.51414],[101.94947,12.51466],[101.95158,12.51183],[101.9487,12.50755]]],[[[101.45951,12.57431],[101.46481,12.57538],[101.46521,12.57327],[101.4684,12.57183],[101.46925,12.56644],[101.46638,12.5674],[101.45917,12.56462],[101.45592,12.56088],[101.45348,12.55394],[101.4504,12.55403],[101.45047,12.55001],[101.44692,12.5457],[101.4491,12.53991],[101.44807,12.53234],[101.44522,12.52877],[101.44635,12.52487],[101.44465,12.5219],[101.44187,12.5214],[101.44067,12.52738],[101.44462,12.53567],[101.44619,12.55911],[101.44803,12.56166],[101.44666,12.56731],[101.44818,12.56992],[101.44612,12.57263],[101.44525,12.58015],[101.4505,12.58291],[101.45269,12.57907],[101.45951,12.57431]]],[[[101.56723,12.5588],[101.57002,12.5568],[101.56909,12.55459],[101.56845,12.55472],[101.56723,12.5588]]],[[[101.69892,12.57024],[101.70161,12.57198],[101.70031,12.56605],[101.69801,12.56699],[101.69892,12.57024]]],[[[101.51057,12.58225],[101.50845,12.58433],[101.50924,12.58584],[101.51112,12.58472],[101.51057,12.58225]]],[[[101.69089,12.59579],[101.68952,12.59846],[101.69321,12.60193],[101.69254,12.59722],[101.69089,12.59579]]],[[[101.69017,12.60936],[101.68876,12.60735],[101.68614,12.6107],[101.68918,12.61388],[101.68846,12.61754],[101.69037,12.61697],[101.69017,12.60936]]],[[[101.1684,12.64387],[101.16861,12.6434],[101.16834,12.64355],[101.1684,12.64387]]],[[[101.17008,12.64487],[101.16992,12.64437],[101.16979,12.64468],[101.17008,12.64487]]],[[[101.17069,12.6458],[101.17078,12.6453],[101.17052,12.64535],[101.17069,12.6458]]],[[[101.16884,12.64692],[101.17049,12.64926],[101.1711,12.64698],[101.16884,12.64692]]],[[[101.17403,12.64896],[101.1741,12.6484],[101.17386,12.64873],[101.17403,12.64896]]],[[[102.18933,12.36466],[102.15193,12.40189],[102.13643,12.40945],[102.12651,12.4125],[102.12438,12.42327],[102.103,12.45242],[102.09505,12.46013],[102.09274,12.4596],[102.09367,12.46133],[102.09194,12.46346],[102.07512,12.47487],[102.06224,12.48037],[102.05883,12.48383],[102.05559,12.48185],[102.05995,12.46883],[102.05745,12.46803],[102.05242,12.47239],[102.04334,12.47193],[102.04251,12.47341],[102.04424,12.476],[102.03979,12.48129],[102.04045,12.4829],[102.04539,12.4841],[102.04641,12.4902],[102.04542,12.49146],[102.03596,12.48642],[102.03561,12.48893],[102.03652,12.4918],[102.03979,12.49131],[102.04328,12.49348],[102.04031,12.50329],[102.03457,12.51019],[102.01218,12.52729],[101.99533,12.53667],[101.98057,12.54183],[101.96252,12.543],[101.94847,12.5384],[101.94828,12.52861],[101.94974,12.52796],[101.94883,12.52511],[101.9513,12.51834],[101.95079,12.51631],[101.94846,12.51628],[101.94586,12.52175],[101.94485,12.53194],[101.92864,12.53734],[101.92692,12.54391],[101.92401,12.54753],[101.89719,12.5705],[101.89227,12.57296],[101.88923,12.56982],[101.88359,12.57962],[101.88586,12.58258],[101.89155,12.5819],[101.89526,12.57514],[101.89903,12.57293],[101.91179,12.57574],[101.90498,12.59694],[101.90136,12.6025],[101.89053,12.60712],[101.88912,12.6028],[101.8826,12.60092],[101.88179,12.59741],[101.88475,12.58568],[101.88263,12.58734],[101.87928,12.59329],[101.87794,12.6002],[101.87408,12.60543],[101.87,12.60795],[101.86965,12.61095],[101.86517,12.61725],[101.86302,12.64237],[101.85499,12.64636],[101.85256,12.65369],[101.83764,12.66216],[101.83278,12.66781],[101.82568,12.67267],[101.81119,12.67904],[101.80944,12.68148],[101.78583,12.69347],[101.77428,12.69652],[101.76928,12.70252],[101.76427,12.70311],[101.76061,12.70584],[101.74652,12.70846],[101.72179,12.70486],[101.71185,12.70025],[101.70493,12.69936],[101.69931,12.69573],[101.69268,12.69485],[101.67242,12.68466],[101.66682,12.67776],[101.66635,12.67185],[101.66061,12.66757],[101.66121,12.66578],[101.65663,12.66138],[101.65672,12.66423],[101.65544,12.66269],[101.65266,12.66332],[101.65498,12.66048],[101.65124,12.65206],[101.64399,12.64619],[101.64593,12.64256],[101.63516,12.64293],[101.61419,12.65057],[101.59331,12.65338],[101.59233,12.65162],[101.58543,12.65231],[101.57177,12.65017],[101.56519,12.64677],[101.56389,12.64459],[101.56551,12.64035],[101.56353,12.63649],[101.56581,12.63233],[101.56198,12.63155],[101.55963,12.62842],[101.55637,12.62743],[101.5282,12.63106],[101.5067,12.63156],[101.49732,12.62963],[101.48762,12.63235],[101.46874,12.63308],[101.45382,12.63137],[101.44078,12.62748],[101.43454,12.62437],[101.42434,12.61551],[101.4232,12.61172],[101.42518,12.60988],[101.42525,12.60124],[101.42265,12.59325],[101.42495,12.59069],[101.42118,12.58978],[101.42181,12.58764],[101.41879,12.5834],[101.41363,12.58592],[101.41401,12.5883],[101.41662,12.59034],[101.41123,12.59507],[101.37145,12.61798],[101.33696,12.63453],[101.28525,12.65408],[101.23167,12.66551],[101.19265,12.6694],[101.17913,12.66874],[101.1392,12.67582],[101.10882,12.67905],[101.09964,12.67829],[101.09119,12.67516],[101.06522,12.67455],[101.0592,12.67055],[101.04758,12.66883],[101.04181,12.6646],[101.00252,12.65913],[100.97408,12.64888],[100.96931,12.64598],[100.96809,12.64147],[100.97077,12.63893],[100.96617,12.63526],[100.96383,12.63018],[100.96702,12.61806],[100.96234,12.60259],[100.96371,12.59488],[100.96172,12.59462],[100.95754,12.59975],[100.95295,12.60197],[100.95122,12.60189],[100.9498,12.59932],[100.94502,12.59834],[100.94381,12.60314],[100.93567,12.60847],[100.93106,12.60889],[100.92604,12.6051],[100.92448,12.60776],[100.92505,12.61174],[100.91999,12.61989],[100.91381,12.62316],[100.91441,12.6279],[100.91993,12.62596],[100.92738,12.627],[100.92598,12.63728],[100.93019,12.64546],[100.92177,12.65528],[100.91515,12.65931],[100.90391,12.66201],[100.89244,12.65954],[100.88701,12.65245],[100.87827,12.65266],[100.86452,12.65016],[100.86173,12.65148],[100.85239,12.6479],[100.84997,12.6494],[100.84883,12.65444],[100.85961,12.65927],[100.86228,12.6639],[100.86097,12.66995],[100.85667,12.67517],[100.85238,12.67408],[100.84902,12.67536],[100.84355,12.6698],[100.84045,12.67538],[100.8424,12.67983],[100.8404,12.68328],[100.85014,12.68789],[100.85689,12.69449],[100.8541,12.69403],[100.8498,12.69759],[100.84689,12.69692],[100.84413,12.69377],[100.8379,12.69714],[100.8375,12.70197],[100.83917,12.70709],[100.83371,12.71323],[100.83804,12.72311],[100.83395,12.73273],[100.83602,12.73971],[100.83967,12.74066],[100.84127,12.7428],[100.8397,12.75175],[100.84276,12.75422],[100.85329,12.75359],[100.85624,12.75761],[100.8548,12.76277],[100.86346,12.76775],[100.87105,12.76941],[100.87636,12.76171],[100.87935,12.76076],[100.8883,12.76323],[100.89442,12.76732],[100.90323,12.77871],[100.91303,12.80674],[100.91294,12.81498],[100.90601,12.83725],[100.8986,12.85427],[100.88614,12.87531],[100.85937,12.9058],[100.85633,12.91195],[100.8565,12.91875],[100.85861,12.92069],[100.85841,12.92419],[100.86075,12.92553],[100.86185,12.93008],[100.86535,12.92527],[100.86884,12.92472],[100.87547,12.92814],[100.88346,12.93719],[100.88472,12.94842],[100.88296,12.95011],[100.88223,12.95545],[100.88458,12.95885],[100.88293,12.96997],[100.88705,12.97089],[100.88895,12.97305],[100.89128,12.97225],[100.89342,12.9745],[100.89513,12.9713],[100.90081,12.97006],[100.91037,12.97669],[100.92084,12.98892],[100.9279,13.00768],[100.92652,13.0218],[100.92288,13.03275],[100.91083,13.0512],[100.90123,13.06241],[100.88775,13.05479],[100.88526,13.05955],[100.89743,13.06741],[100.89515,13.07082],[100.88271,13.06391],[100.87855,13.07121],[100.88733,13.07614],[100.8797,13.08078],[100.87349,13.07603],[100.87117,13.0787],[100.87945,13.10978],[100.88893,13.11872],[100.89344,13.11983],[100.89769,13.12394],[100.89808,13.13423],[100.90065,13.13599],[100.89864,13.13957],[100.89982,13.14269],[100.9064,13.14772],[100.91361,13.16053],[100.92351,13.16771],[100.92894,13.18163],[100.92974,13.19115],[100.93408,13.19476],[100.93624,13.20211],[100.93423,13.21105],[100.9362,13.21464],[100.93612,13.21944],[100.92637,13.26223],[100.91461,13.28392],[100.89803,13.30262],[100.9027,13.30427],[100.90269,13.31732],[100.909,13.31298],[100.91795,13.31414],[100.92083,13.32301],[100.91924,13.32662],[100.91959,13.33175],[100.92342,13.33459],[100.92577,13.34067],[100.92901,13.34003],[100.93003,13.33757],[100.93759,13.33878],[100.94019,13.33671],[100.93915,13.34016],[100.94772,13.34697],[100.96173,13.34865],[100.96345,13.3475],[100.96905,13.35246],[100.97131,13.3495],[100.97026,13.35329],[100.97727,13.35909],[100.97613,13.36527],[100.98262,13.36573],[100.98195,13.36779],[100.97781,13.36857],[100.97706,13.37002],[100.98082,13.3709],[100.97849,13.37169],[100.98112,13.37389],[100.9788,13.3747],[100.98242,13.37523],[100.98559,13.37927],[100.98651,13.38404],[100.98513,13.38598],[100.98622,13.38879],[100.9847,13.38934],[100.98524,13.39538],[100.96781,13.43307],[100.96934,13.45375],[100.97384,13.47095],[100.97394,13.47325],[100.97138,13.47639],[100.96345,13.47256],[100.9546,13.4654],[100.93812,13.46213],[100.92104,13.4639],[100.91334,13.46663],[100.90481,13.46652],[100.8992,13.46906],[100.89684,13.46777],[100.88855,13.46838],[100.88278,13.4719],[100.87359,13.47189],[100.84838,13.4783],[100.85177,13.48418],[100.86097,13.48572],[100.86311,13.48962],[100.87185,13.49058],[100.87276,13.50503],[100.87116,13.5106],[100.87417,13.51904],[100.87247,13.5236],[100.87924,13.54669],[100.88439,13.55187],[100.88609,13.55713],[100.88945,13.55836],[100.88926,13.56364],[100.89022,13.56463],[100.90369,13.55473],[100.91462,13.57057],[100.91372,13.57614],[100.91086,13.57955],[100.90704,13.58117],[100.90703,13.59173],[100.9246,13.59476],[100.9389,13.61359],[100.95936,13.63237],[100.96213,13.63797],[100.96261,13.6449],[100.95425,13.64867],[100.95322,13.65087],[100.95549,13.66284],[100.85512,13.69943],[100.89108,13.75717],[100.90969,13.79025],[100.92866,13.80137],[100.93841,13.81444],[100.90778,13.83808],[100.91276,13.8467],[100.90226,13.84878],[100.90461,13.85857],[100.90634,13.86044],[100.9067,13.88317],[100.91414,13.94641],[100.91347,13.96101],[100.98277,13.97036],[101.02231,13.97105],[101.04515,13.97646],[101.10323,13.97408],[101.13666,13.96948],[101.14193,13.97181],[101.14279,13.97362],[101.13969,13.98878],[101.13924,14.00125],[101.14312,14.00269],[101.1439,13.99708],[101.14573,13.99682],[101.15341,14.00084],[101.15585,14.00395],[101.15899,14.00198],[101.16145,14.00308],[101.16511,14.00201],[101.16341,14.00565],[101.16492,14.0089],[101.16943,14.00391],[101.16996,14.0087],[101.17184,14.01119],[101.17723,14.00708],[101.17863,14.01212],[101.1847,14.01206],[101.1928,14.01471],[101.19681,14.01399],[101.19366,14.02368],[101.19532,14.02478],[101.1985,14.02295],[101.20019,14.02358],[101.19691,14.02891],[101.20018,14.03206],[101.20082,14.03734],[101.20376,14.04055],[101.20251,14.04446],[101.2041,14.04599],[101.20808,14.04614],[101.21402,14.05558],[101.22431,14.05239],[101.22959,14.05502],[101.23439,14.06052],[101.23842,14.05808],[101.25981,14.06221],[101.27398,14.06048],[101.27626,14.05945],[101.2788,14.05512],[101.32089,14.07719],[101.31906,14.08494],[101.31592,14.08615],[101.30837,14.09615],[101.3073,14.10064],[101.3084,14.11185],[101.30379,14.11968],[101.29374,14.12435],[101.28681,14.13236],[101.28876,14.14961],[101.29052,14.15343],[101.29532,14.15552],[101.29652,14.15856],[101.29925,14.15727],[101.30369,14.16237],[101.3111,14.16445],[101.31134,14.16952],[101.31507,14.17321],[101.33045,14.17671],[101.32889,14.17973],[101.32996,14.1823],[101.33413,14.18356],[101.33651,14.18722],[101.34111,14.18953],[101.34522,14.19435],[101.34554,14.19724],[101.34976,14.19788],[101.35077,14.19988],[101.35904,14.20277],[101.36646,14.20181],[101.37283,14.20544],[101.37492,14.21022],[101.3779,14.21155],[101.38226,14.2105],[101.38074,14.21272],[101.38445,14.21617],[101.38605,14.2252],[101.38323,14.2298],[101.38391,14.23315],[101.37827,14.23845],[101.38245,14.24938],[101.37847,14.25748],[101.38066,14.25809],[101.38392,14.26585],[101.38159,14.27258],[101.38354,14.27375],[101.39515,14.27366],[101.41212,14.25442],[101.41476,14.25332],[101.43034,14.25663],[101.44028,14.2543],[101.44579,14.25633],[101.45091,14.25483],[101.46292,14.26267],[101.47275,14.26182],[101.48063,14.26762],[101.48441,14.26401],[101.49126,14.26152],[101.49869,14.2679],[101.49871,14.29843],[101.50541,14.30898],[101.49622,14.31677],[101.49465,14.32357],[101.49765,14.33222],[101.49704,14.33439],[101.48313,14.34591],[101.4752,14.36541],[101.45083,14.38141],[101.43222,14.38957],[101.43336,14.3943],[101.43955,14.4027],[101.43902,14.4072],[101.44211,14.41684],[101.44747,14.42186],[101.44546,14.4265],[101.4419,14.42745],[101.43673,14.43682],[101.4357,14.43998],[101.43762,14.44285],[101.43598,14.44558],[101.46025,14.45707],[101.47,14.45962],[101.47419,14.45843],[101.48175,14.46265],[101.48659,14.46223],[101.49142,14.4524],[101.5025,14.4395],[101.51224,14.43326],[101.5339,14.42491],[101.54138,14.42574],[101.54654,14.43594],[101.56849,14.43459],[101.58844,14.43874],[101.59704,14.43837],[101.60161,14.43573],[101.60564,14.43641],[101.6201,14.42926],[101.62253,14.42664],[101.61839,14.41982],[101.61941,14.41601],[101.62664,14.41331],[101.63131,14.40586],[101.64102,14.40769],[101.64879,14.40377],[101.64788,14.3935],[101.65578,14.39164],[101.67931,14.36692],[101.69228,14.3556],[101.69542,14.35003],[101.7121,14.3313],[101.71748,14.32912],[101.74097,14.30754],[101.74795,14.31403],[101.74788,14.31981],[101.75046,14.32465],[101.74798,14.3307],[101.74894,14.33439],[101.7464,14.33949],[101.74938,14.34822],[101.75399,14.3445],[101.76084,14.34309],[101.77056,14.34812],[101.77434,14.34699],[101.77464,14.34973],[101.78085,14.35206],[101.7797,14.35734],[101.78471,14.35701],[101.78882,14.35974],[101.79281,14.35725],[101.79563,14.35841],[101.80232,14.35434],[101.80774,14.34847],[101.81201,14.34764],[101.81779,14.3505],[101.82333,14.35101],[101.82824,14.35664],[101.8296,14.36275],[101.83541,14.36335],[101.8398,14.36614],[101.84239,14.36416],[101.8391,14.36017],[101.83887,14.35246],[101.84736,14.34949],[101.85827,14.34222],[101.877,14.32358],[101.88789,14.32264],[101.88889,14.31919],[101.89249,14.322],[101.89431,14.33042],[101.90231,14.32688],[101.91012,14.32573],[101.91732,14.33166],[101.91968,14.33008],[101.92222,14.3307],[101.92476,14.32843],[101.92865,14.32848],[101.93416,14.32025],[101.93769,14.31024],[101.94337,14.30245],[101.93942,14.29748],[101.92958,14.29081],[101.92859,14.28693],[101.92904,14.28394],[101.93287,14.28005],[101.93607,14.2731],[101.94509,14.24692],[101.95856,14.24489],[101.97197,14.23944],[101.98178,14.23771],[101.97857,14.23361],[101.96668,14.22749],[101.98979,14.21724],[101.99718,14.21013],[102.01112,14.20305],[102.03507,14.19699],[102.04077,14.18794],[102.0579,14.17758],[102.07153,14.16415],[102.09918,14.15665],[102.10782,14.15058],[102.11384,14.14874],[102.11984,14.14898],[102.13216,14.13778],[102.1515,14.13725],[102.16742,14.14263],[102.16846,14.1512],[102.17162,14.15893],[102.16629,14.16487],[102.16668,14.17249],[102.16941,14.1758],[102.17026,14.17997],[102.17373,14.1827],[102.17477,14.18973],[102.18176,14.1956],[102.18556,14.19629],[102.19201,14.19501],[102.1955,14.19047],[102.19697,14.18438],[102.20251,14.1772],[102.21134,14.17276],[102.21326,14.16475],[102.21063,14.15369],[102.21502,14.14517],[102.23819,14.14438],[102.24614,14.13987],[102.25726,14.1445],[102.26878,14.1463],[102.27199,14.14121],[102.27166,14.12876],[102.28199,14.13094],[102.28889,14.13505],[102.29898,14.12869],[102.30033,14.12343],[102.30781,14.12001],[102.32404,14.12798],[102.32821,14.12676],[102.33145,14.12011],[102.33913,14.12565],[102.34652,14.12473],[102.35006,14.12577],[102.35235,14.13073],[102.35671,14.13153],[102.35795,14.13319],[102.3571,14.13707],[102.36056,14.15139],[102.35759,14.164],[102.36292,14.16623],[102.37307,14.15352],[102.38238,14.14613],[102.3884,14.14477],[102.3998,14.14576],[102.40707,14.15483],[102.41157,14.15568],[102.41835,14.154],[102.42376,14.15791],[102.42715,14.15265],[102.43181,14.1519],[102.43311,14.14643],[102.43529,14.14401],[102.44622,14.14199],[102.45298,14.14326],[102.45541,14.13602],[102.47385,14.13122],[102.4827,14.14172],[102.48797,14.13971],[102.49032,14.13517],[102.49874,14.13644],[102.50027,14.13281],[102.503,14.13254],[102.50921,14.13356],[102.51698,14.14161],[102.52229,14.14312],[102.53113,14.13849],[102.55016,14.13524],[102.56871,14.14863],[102.58603,14.15689],[102.59245,14.16611],[102.59866,14.16918],[102.60803,14.17105],[102.61385,14.16819],[102.62761,14.15216],[102.63431,14.14886],[102.63901,14.15059],[102.64564,14.16068],[102.65535,14.16562],[102.65867,14.16255],[102.6825,14.15127],[102.69072,14.14291],[102.68868,14.13434],[102.69574,14.13057],[102.7345,14.1415],[102.7521,14.13887],[102.76293,14.139],[102.76869,14.14433],[102.77696,14.16246],[102.7791,14.16395],[102.78214,14.16313],[102.78124,14.15569],[102.78303,14.1554],[102.78595,14.15848],[102.79271,14.1731],[102.80023,14.15891],[102.80421,14.1597],[102.80328,14.16684],[102.80531,14.17065],[102.81195,14.17234],[102.81799,14.16998],[102.82313,14.16219],[102.82887,14.15779],[102.8311,14.15876],[102.82955,14.16617],[102.83132,14.16808],[102.84211,14.15988],[102.84845,14.15893],[102.86237,14.14898],[102.86823,14.14915],[102.86982,14.15099],[102.86979,14.15997],[102.87221,14.1705],[102.87689,14.17407],[102.88221,14.17426],[102.89077,14.17084],[102.89778,14.16437],[102.91001,14.16721],[102.92977,14.17638],[102.93357,14.17288],[102.9373,14.16521],[102.9372,14.16181],[102.94093,14.15296],[102.94038,14.1489],[102.93607,14.14191],[102.92546,14.13342],[102.92372,14.1275],[102.92453,14.10961],[102.92303,14.10523],[102.92079,14.1051],[102.92047,14.10307],[102.91316,14.09668],[102.90736,14.09504],[102.90112,14.08345],[102.90114,14.07082],[102.90272,14.06763],[102.89914,14.06146],[102.89945,14.05709],[102.8976,14.05242],[102.90062,14.04737],[102.89957,14.04415],[102.90369,14.04126],[102.90386,14.0385],[102.90154,14.0358],[102.90667,14.02989],[102.90858,14.02131],[102.9114,14.01985],[102.91152,14.01798],[102.90952,14.0164],[102.90717,14.01757],[102.9021,14.01642],[102.89403,14.00744],[102.88605,14.01093],[102.88223,14.00915],[102.87959,14.00426],[102.87161,14.00345],[102.86769,14.00521],[102.84885,13.98604],[102.81544,13.96549],[102.81262,13.95658],[102.8027,13.943],[102.79805,13.9423],[102.79295,13.93767],[102.78285,13.93273],[102.76637,13.85632],[102.75495,13.84494],[102.72328,13.7938],[102.72448,13.78915],[102.73245,13.78514],[102.73226,13.77353],[102.71551,13.77369],[102.68901,13.75183],[102.67776,13.74905],[102.59869,13.70703],[102.5908,13.70631],[102.57714,13.69694],[102.57795,13.6943],[102.57626,13.69248],[102.57262,13.69242],[102.56797,13.68952],[102.55096,13.66464],[102.54836,13.65885],[102.55531,13.65188],[102.55747,13.65179],[102.55879,13.64822],[102.56096,13.64924],[102.56135,13.64696],[102.56355,13.64754],[102.5669,13.64436],[102.56954,13.64427],[102.57109,13.63676],[102.57541,13.63004],[102.57884,13.63011],[102.57885,13.62863],[102.5811,13.62798],[102.58407,13.63015],[102.5868,13.62946],[102.59005,13.62507],[102.59349,13.62608],[102.59483,13.623],[102.59989,13.62303],[102.60215,13.6196],[102.60428,13.61983],[102.60719,13.61651],[102.61045,13.61536],[102.61131,13.61699],[102.61361,13.61622],[102.61418,13.61405],[102.62121,13.61319],[102.62455,13.61064],[102.62419,13.60901],[102.61695,13.60808],[102.6152,13.60613],[102.61411,13.60903],[102.61255,13.60616],[102.61001,13.60546],[102.59545,13.60854],[102.57473,13.60374],[102.57266,13.60141],[102.57307,13.59745],[102.56915,13.59211],[102.5695,13.5854],[102.56429,13.58277],[102.56261,13.57868],[102.5564,13.57824],[102.55299,13.57485],[102.54893,13.57703],[102.54662,13.57417],[102.54504,13.57501],[102.53769,13.56702],[102.52825,13.56686],[102.52675,13.56414],[102.51219,13.56875],[102.50473,13.56803],[102.50062,13.57095],[102.49581,13.56945],[102.4894,13.57236],[102.48374,13.57065],[102.48001,13.57215],[102.47185,13.565],[102.46839,13.56685],[102.46283,13.56566],[102.45918,13.56263],[102.45411,13.56301],[102.4511,13.5611],[102.44497,13.56141],[102.44388,13.56395],[102.43824,13.56011],[102.43091,13.56248],[102.42655,13.56804],[102.42148,13.57139],[102.41774,13.57003],[102.41526,13.57083],[102.41458,13.56871],[102.41283,13.57],[102.40988,13.56691],[102.40548,13.56897],[102.39831,13.56658],[102.39264,13.56732],[102.3884,13.57169],[102.38282,13.57241],[102.37606,13.57782],[102.37087,13.57524],[102.37171,13.57673],[102.36771,13.57841],[102.35984,13.57162],[102.35898,13.56538],[102.35674,13.56587],[102.35548,13.56317],[102.3399,13.55973],[102.33822,13.55613],[102.33859,13.55166],[102.3371,13.55042],[102.33733,13.54607],[102.33512,13.54524],[102.33433,13.54183],[102.33672,13.53483],[102.33901,13.53228],[102.34139,13.53331],[102.34518,13.53127],[102.35119,13.52002],[102.35831,13.51311],[102.35805,13.51003],[102.36314,13.50703],[102.3641,13.50481],[102.36097,13.50358],[102.36252,13.49855],[102.36088,13.49282],[102.36302,13.49068],[102.35708,13.47938],[102.35817,13.47715],[102.35652,13.47444],[102.35832,13.47123],[102.35681,13.46982],[102.35533,13.46139],[102.357,13.45236],[102.35562,13.45154],[102.35707,13.44953],[102.35541,13.44739],[102.35893,13.44662],[102.36051,13.44304],[102.35807,13.43599],[102.35878,13.43191],[102.36159,13.43061],[102.36037,13.42809],[102.3625,13.42543],[102.36053,13.42387],[102.36219,13.42115],[102.3596,13.41852],[102.36066,13.41463],[102.35892,13.40886],[102.36097,13.40576],[102.36065,13.4016],[102.3585,13.39804],[102.35693,13.39813],[102.35773,13.39632],[102.35483,13.38877],[102.35674,13.38137],[102.35091,13.37227],[102.34533,13.34829],[102.34569,13.34605],[102.35206,13.34087],[102.35061,13.3367],[102.35242,13.33407],[102.35152,13.33154],[102.35758,13.32428],[102.35967,13.31458],[102.35764,13.30611],[102.35038,13.29229],[102.34943,13.28676],[102.35061,13.28056],[102.34924,13.27767],[102.35109,13.2724],[102.35868,13.27094],[102.36735,13.26291],[102.36659,13.25583],[102.37035,13.23744],[102.37862,13.22708],[102.37914,13.22255],[102.38675,13.2176],[102.38951,13.20256],[102.3934,13.19937],[102.39417,13.19116],[102.39156,13.18491],[102.39343,13.17671],[102.39663,13.17522],[102.39818,13.17131],[102.39883,13.15724],[102.40587,13.14548],[102.41011,13.14486],[102.41686,13.13956],[102.41812,13.13665],[102.41667,13.1228],[102.42237,13.117],[102.42513,13.10803],[102.42854,13.10827],[102.43331,13.10167],[102.43258,13.09511],[102.4353,13.08915],[102.4398,13.08509],[102.44283,13.08503],[102.44438,13.08707],[102.44974,13.08458],[102.4494,13.08306],[102.45923,13.08221],[102.4942,13.01349],[102.51587,13.00576],[102.52534,13.00539],[102.53003,13.00216],[102.52858,13.00021],[102.52586,13.00205],[102.52589,12.99932],[102.52076,12.99956],[102.52081,12.99827],[102.52316,12.99829],[102.52284,12.99676],[102.5166,12.99633],[102.51636,12.99118],[102.51358,12.9913],[102.51221,12.99507],[102.50843,12.99546],[102.50759,12.9934],[102.50173,12.99163],[102.49978,12.98639],[102.49629,12.98705],[102.49064,12.98487],[102.48569,12.9794],[102.4868,12.97648],[102.48974,12.97569],[102.49125,12.97113],[102.49636,12.96888],[102.50081,12.96123],[102.49631,12.95232],[102.49004,12.95086],[102.48596,12.94797],[102.49255,12.9356],[102.49287,12.93038],[102.49618,12.92672],[102.49526,12.92206],[102.4975,12.91982],[102.49862,12.92088],[102.50183,12.91518],[102.50316,12.90073],[102.50822,12.89778],[102.50932,12.89503],[102.50744,12.89315],[102.50613,12.88675],[102.50867,12.88437],[102.50496,12.88222],[102.5078,12.86582],[102.49971,12.86236],[102.49804,12.8583],[102.50101,12.8497],[102.50394,12.84922],[102.50646,12.84576],[102.51455,12.84191],[102.51574,12.83833],[102.51461,12.83711],[102.51595,12.83223],[102.51531,12.82207],[102.52086,12.82136],[102.52276,12.81882],[102.52506,12.81957],[102.52711,12.81774],[102.5294,12.81806],[102.53211,12.81046],[102.52935,12.80535],[102.52826,12.7966],[102.52967,12.79221],[102.53304,12.7904],[102.53615,12.78385],[102.5356,12.77859],[102.53336,12.77689],[102.53236,12.77236],[102.53372,12.77091],[102.53216,12.76659],[102.52366,12.76226],[102.52315,12.7587],[102.5177,12.75251],[102.50895,12.75358],[102.50565,12.74609],[102.50018,12.73946],[102.50407,12.73018],[102.50229,12.71863],[102.50317,12.71358],[102.49703,12.70357],[102.50759,12.69607],[102.50939,12.68866],[102.50496,12.68269],[102.509,12.67206],[102.51781,12.66331],[102.53262,12.65284],[102.53965,12.6513],[102.54475,12.65599],[102.5503,12.65547],[102.55223,12.65259],[102.55497,12.65195],[102.56734,12.65764],[102.57136,12.65346],[102.57938,12.6532],[102.58254,12.64425],[102.5852,12.64349],[102.58828,12.63902],[102.59143,12.63827],[102.59905,12.62981],[102.6056,12.62745],[102.61677,12.61568],[102.62691,12.61448],[102.62924,12.61248],[102.62975,12.60949],[102.64551,12.61063],[102.6481,12.59956],[102.6472,12.5958],[102.64434,12.59481],[102.64561,12.59012],[102.64457,12.58492],[102.65155,12.58187],[102.66212,12.58222],[102.66712,12.57336],[102.66779,12.56274],[102.67562,12.55911],[102.68504,12.54797],[102.67781,12.54239],[102.67782,12.53839],[102.68412,12.53732],[102.69237,12.53194],[102.69693,12.52634],[102.69534,12.52335],[102.69579,12.51922],[102.70391,12.51946],[102.70635,12.51157],[102.71254,12.50724],[102.71683,12.5071],[102.72372,12.51242],[102.72814,12.51185],[102.72852,12.50897],[102.72355,12.5021],[102.72526,12.49597],[102.72068,12.49131],[102.72077,12.486],[102.72287,12.4854],[102.72977,12.49065],[102.73366,12.48927],[102.73504,12.48592],[102.73991,12.48186],[102.73752,12.47601],[102.73631,12.46598],[102.74163,12.46618],[102.74349,12.46383],[102.74318,12.45977],[102.7464,12.45713],[102.75082,12.46225],[102.75395,12.45553],[102.75699,12.45708],[102.76568,12.45631],[102.76938,12.44822],[102.76929,12.44144],[102.77393,12.43439],[102.7783,12.43584],[102.78078,12.43464],[102.78546,12.42229],[102.78715,12.41351],[102.78443,12.3998],[102.77884,12.39945],[102.77248,12.394],[102.76087,12.39439],[102.74378,12.38776],[102.74116,12.3854],[102.73868,12.37858],[102.72554,12.36459],[102.72398,12.34731],[102.72546,12.34164],[102.7237,12.33452],[102.72662,12.32505],[102.72542,12.3189],[102.72614,12.30267],[102.72343,12.28676],[102.72015,12.28051],[102.71861,12.27222],[102.71374,12.26391],[102.71461,12.25604],[102.71828,12.24822],[102.71821,12.22341],[102.7168,12.22042],[102.71286,12.22089],[102.7083,12.20569],[102.71224,12.19514],[102.70722,12.18618],[102.70378,12.17327],[102.70898,12.16494],[102.71005,12.15179],[102.71842,12.13702],[102.72261,12.13218],[102.72742,12.13145],[102.73241,12.12458],[102.73445,12.11019],[102.74705,12.09597],[102.75201,12.09394],[102.75556,12.08864],[102.75803,12.08047],[102.77097,12.0728],[102.77001,12.06424],[102.77442,12.05337],[102.77454,12.03318],[102.78008,12.02441],[102.77619,12.01206],[102.78031,11.99001],[102.78444,11.97699],[102.79005,11.97691],[102.79294,11.9724],[102.79691,11.96232],[102.79645,11.95661],[102.79948,11.95031],[102.80948,11.94407],[102.81558,11.93373],[102.81346,11.92322],[102.8196,11.91691],[102.81903,11.91177],[102.82217,11.90768],[102.82031,11.89019],[102.82564,11.87301],[102.83489,11.85283],[102.84592,11.84406],[102.84751,11.83727],[102.85318,11.82605],[102.85951,11.82608],[102.86244,11.8233],[102.8621,11.81949],[102.86396,11.81607],[102.8631,11.81218],[102.86545,11.80778],[102.87329,11.803],[102.88554,11.79937],[102.88237,11.79426],[102.88204,11.78986],[102.89205,11.78725],[102.89636,11.77903],[102.90422,11.76926],[102.91139,11.74534],[102.91086,11.71745],[102.91231,11.69684],[102.91106,11.68092],[102.91311,11.67656],[102.91254,11.66109],[102.91466,11.6515],[102.90893,11.64996],[102.90601,11.6554],[102.90429,11.6761],[102.90104,11.68301],[102.90606,11.70137],[102.90729,11.71487],[102.90192,11.73087],[102.90359,11.73295],[102.90088,11.73321],[102.90201,11.73595],[102.89933,11.73584],[102.89198,11.7521],[102.89268,11.7544],[102.89073,11.75458],[102.88757,11.76202],[102.87072,11.7882],[102.83741,11.82931],[102.83843,11.83201],[102.83696,11.83125],[102.83376,11.83389],[102.80397,11.87445],[102.78213,11.89958],[102.77416,11.91178],[102.77263,11.92191],[102.77577,11.92831],[102.77929,11.92907],[102.78055,11.92697],[102.78385,11.92682],[102.78303,11.92959],[102.78178,11.92902],[102.78473,11.94895],[102.78339,11.95529],[102.76703,11.97935],[102.76642,11.98445],[102.77147,11.98236],[102.76966,11.98368],[102.77159,11.9858],[102.77197,11.99004],[102.76546,12.00649],[102.76554,12.02374],[102.75355,12.04243],[102.7406,12.05612],[102.71402,12.07928],[102.67669,12.10642],[102.66329,12.11976],[102.64391,12.1325],[102.63974,12.13681],[102.64158,12.13777],[102.63287,12.14188],[102.62605,12.14766],[102.62524,12.15177],[102.6287,12.15536],[102.63668,12.15712],[102.64591,12.15396],[102.65117,12.15794],[102.64894,12.16281],[102.65043,12.16859],[102.64164,12.17952],[102.61621,12.19525],[102.6133,12.19848],[102.61318,12.20107],[102.59939,12.20399],[102.59486,12.20858],[102.59442,12.21297],[102.58117,12.20379],[102.57686,12.20294],[102.56917,12.19654],[102.56439,12.19882],[102.56191,12.19827],[102.55663,12.2089],[102.55425,12.206],[102.55685,12.2056],[102.55719,12.19889],[102.56764,12.19112],[102.56375,12.18931],[102.56168,12.18588],[102.55697,12.18589],[102.55654,12.1839],[102.56547,12.17843],[102.56611,12.17394],[102.57199,12.17002],[102.57402,12.16591],[102.57379,12.16473],[102.56787,12.16679],[102.55952,12.16466],[102.55794,12.16563],[102.55573,12.16218],[102.56179,12.14176],[102.55731,12.13227],[102.55397,12.13053],[102.55706,12.13008],[102.56031,12.12667],[102.56213,12.12185],[102.56678,12.11656],[102.56446,12.11598],[102.56052,12.10903],[102.56056,12.10552],[102.56229,12.10344],[102.5596,12.10192],[102.55841,12.09539],[102.56473,12.08913],[102.57347,12.08642],[102.57292,12.07772],[102.5837,12.0702],[102.58916,12.05394],[102.584,12.04324],[102.57694,12.05065],[102.57082,12.05181],[102.56785,12.04966],[102.56455,12.05337],[102.56017,12.05262],[102.55738,12.05643],[102.55181,12.05675],[102.54789,12.05904],[102.55101,12.07052],[102.54846,12.07501],[102.55171,12.08236],[102.54307,12.09475],[102.5367,12.10839],[102.53076,12.11513],[102.518,12.12315],[102.48214,12.13761],[102.4729,12.14395],[102.46878,12.14964],[102.46827,12.15472],[102.4699,12.16217],[102.47345,12.16576],[102.46382,12.16568],[102.45977,12.16328],[102.44465,12.1651],[102.43586,12.16889],[102.40439,12.16736],[102.39957,12.16886],[102.39763,12.16766],[102.39237,12.17056],[102.38718,12.18002],[102.37929,12.18317],[102.37085,12.19187],[102.36511,12.19411],[102.34681,12.19496],[102.34307,12.19276],[102.33825,12.18443],[102.33128,12.1847],[102.32574,12.1801],[102.3219,12.18154],[102.32104,12.18489],[102.31409,12.18277],[102.3065,12.18749],[102.30046,12.1866],[102.29875,12.18827],[102.29524,12.18708],[102.28916,12.19038],[102.28912,12.19287],[102.28542,12.19721],[102.28197,12.19754],[102.28162,12.20113],[102.27695,12.20487],[102.28089,12.20892],[102.27985,12.21146],[102.28626,12.21425],[102.28258,12.21433],[102.28058,12.21961],[102.2775,12.22278],[102.28611,12.22168],[102.2889,12.22566],[102.2897,12.23211],[102.28627,12.23375],[102.28775,12.2379],[102.28423,12.24578],[102.26662,12.26783],[102.26065,12.26966],[102.26098,12.27195],[102.2652,12.27227],[102.26561,12.27645],[102.26315,12.28474],[102.25879,12.28891],[102.26275,12.2898],[102.26536,12.29225],[102.26958,12.28425],[102.27266,12.28276],[102.27734,12.2833],[102.28482,12.28805],[102.28697,12.29964],[102.26899,12.30131],[102.25668,12.30043],[102.2465,12.29741],[102.24708,12.31391],[102.23579,12.31894],[102.22885,12.3255],[102.21638,12.33345],[102.18933,12.36466]]],[[[102.56335,11.74679],[102.56609,11.74211],[102.56646,11.73604],[102.57082,11.7322],[102.5679,11.7296],[102.56594,11.72992],[102.56694,11.72481],[102.56438,11.72424],[102.56507,11.71784],[102.56212,11.71423],[102.56465,11.70089],[102.56636,11.69998],[102.56851,11.70189],[102.57193,11.70156],[102.57056,11.70315],[102.57069,11.70898],[102.57303,11.70752],[102.57739,11.70809],[102.57896,11.71245],[102.58311,11.71013],[102.58524,11.70468],[102.58885,11.70372],[102.58838,11.69726],[102.58984,11.69504],[102.59827,11.69466],[102.59803,11.69748],[102.60063,11.701],[102.60817,11.68969],[102.60212,11.68716],[102.6006,11.67725],[102.60628,11.65944],[102.60862,11.65647],[102.60808,11.64556],[102.60445,11.63442],[102.59498,11.6288],[102.60241,11.62768],[102.6034,11.62629],[102.60023,11.6232],[102.59233,11.6207],[102.59651,11.61769],[102.59176,11.61689],[102.59143,11.61378],[102.58791,11.61233],[102.58785,11.60615],[102.59059,11.60581],[102.59681,11.6097],[102.6004,11.60917],[102.60116,11.60697],[102.59648,11.60452],[102.59626,11.59679],[102.59297,11.5935],[102.59446,11.58269],[102.59304,11.58216],[102.59571,11.57777],[102.59327,11.5712],[102.59511,11.56886],[102.59229,11.56168],[102.58422,11.5649],[102.57515,11.57407],[102.56789,11.57631],[102.56793,11.57954],[102.57075,11.58328],[102.57105,11.58852],[102.56682,11.59386],[102.56423,11.59447],[102.5604,11.59114],[102.55671,11.59245],[102.55489,11.59657],[102.55015,11.59632],[102.54737,11.5913],[102.54685,11.59572],[102.54428,11.59574],[102.53994,11.60255],[102.52836,11.60362],[102.52556,11.60682],[102.52754,11.61013],[102.53224,11.61196],[102.53412,11.61017],[102.53569,11.61216],[102.53547,11.61571],[102.52989,11.61573],[102.53248,11.61918],[102.54238,11.61924],[102.54202,11.62119],[102.54477,11.62226],[102.54467,11.63515],[102.54955,11.63427],[102.55504,11.63969],[102.5537,11.64169],[102.55435,11.63949],[102.54844,11.63493],[102.54451,11.63646],[102.54411,11.63864],[102.53934,11.63804],[102.53695,11.64064],[102.5379,11.64302],[102.53335,11.65275],[102.52997,11.65637],[102.529,11.65511],[102.52317,11.65722],[102.5295,11.6621],[102.53145,11.66594],[102.53442,11.66622],[102.53184,11.67125],[102.53185,11.67448],[102.53385,11.67434],[102.53162,11.68227],[102.53351,11.68207],[102.53672,11.68426],[102.52984,11.68168],[102.53244,11.68826],[102.52988,11.68554],[102.52763,11.68735],[102.52761,11.69788],[102.53091,11.69977],[102.53227,11.69705],[102.53595,11.69682],[102.53477,11.69894],[102.53656,11.69864],[102.53753,11.70169],[102.5397,11.70171],[102.54075,11.7055],[102.54267,11.70422],[102.54384,11.70475],[102.53871,11.70833],[102.53858,11.71317],[102.53547,11.71608],[102.5341,11.72468],[102.53623,11.72755],[102.54006,11.72648],[102.54151,11.72976],[102.54016,11.73404],[102.54748,11.73816],[102.54688,11.74153],[102.54463,11.74272],[102.54584,11.74959],[102.54499,11.75493],[102.54799,11.75985],[102.55299,11.76203],[102.55503,11.76114],[102.55847,11.75678],[102.55969,11.74909],[102.56335,11.74679]]],[[[102.5172,11.72532],[102.51921,11.72635],[102.52198,11.72364],[102.5256,11.71675],[102.52058,11.70904],[102.51629,11.71505],[102.51211,11.72578],[102.51285,11.7269],[102.5172,11.72532]]],[[[102.3946,11.77641],[102.39446,11.77165],[102.39019,11.77177],[102.38803,11.77461],[102.39116,11.77692],[102.3946,11.77641]]],[[[102.38435,11.81151],[102.39107,11.80155],[102.3896,11.79817],[102.39303,11.79691],[102.39002,11.79415],[102.39172,11.78603],[102.38839,11.78444],[102.38673,11.77616],[102.38384,11.78227],[102.38452,11.79532],[102.38085,11.79926],[102.38001,11.80799],[102.38129,11.81063],[102.38435,11.81151]]],[[[102.44905,11.79862],[102.45039,11.80163],[102.45273,11.7989],[102.44982,11.79526],[102.44905,11.79862]]],[[[102.37694,11.80546],[102.37564,11.80492],[102.37563,11.80585],[102.37694,11.80546]]],[[[102.45178,11.80446],[102.45611,11.81008],[102.45634,11.80984],[102.45562,11.80708],[102.45178,11.80446]]],[[[102.37689,11.80887],[102.37843,11.80771],[102.37692,11.80778],[102.37689,11.80887]]],[[[102.37502,11.81007],[102.37634,11.81089],[102.37681,11.80946],[102.37502,11.81007]]],[[[102.3983,11.81506],[102.39686,11.81463],[102.39639,11.81512],[102.39744,11.81572],[102.3983,11.81506]]],[[[102.47198,11.84135],[102.47005,11.83537],[102.47094,11.83352],[102.47398,11.83188],[102.47737,11.83243],[102.48166,11.82812],[102.48597,11.83003],[102.4859,11.82846],[102.48813,11.82775],[102.49593,11.82929],[102.50367,11.82852],[102.5059,11.83061],[102.51168,11.82525],[102.5082,11.81613],[102.50448,11.81195],[102.50336,11.81179],[102.50289,11.81512],[102.49757,11.81421],[102.49209,11.81577],[102.48771,11.81294],[102.48543,11.80624],[102.48645,11.80026],[102.48908,11.79651],[102.48696,11.79004],[102.48341,11.79891],[102.48107,11.79811],[102.47866,11.7997],[102.47881,11.8042],[102.46713,11.81216],[102.46085,11.81407],[102.45152,11.81378],[102.44774,11.81194],[102.44725,11.80724],[102.44386,11.81102],[102.44455,11.82064],[102.44848,11.81892],[102.45073,11.82296],[102.45133,11.81829],[102.45421,11.81745],[102.46032,11.82111],[102.46301,11.81979],[102.46612,11.82178],[102.4707,11.82756],[102.4681,11.83478],[102.46807,11.84123],[102.47198,11.84135]]],[[[102.39707,11.81803],[102.39642,11.81675],[102.39585,11.81709],[102.39707,11.81803]]],[[[102.40216,11.82045],[102.4017,11.81851],[102.40112,11.81885],[102.40216,11.82045]]],[[[102.3838,11.82306],[102.38561,11.82397],[102.3859,11.82115],[102.3843,11.82181],[102.3838,11.82306]]],[[[102.46026,11.83212],[102.45945,11.83843],[102.46137,11.834],[102.46026,11.83212]]],[[[102.51938,11.83376],[102.52575,11.8542],[102.526,11.85413],[102.52856,11.85249],[102.53285,11.84278],[102.52972,11.83616],[102.53021,11.83375],[102.52058,11.83305],[102.51938,11.83376]]],[[[102.52515,11.85701],[102.52415,11.85641],[102.52436,11.85728],[102.52515,11.85701]]],[[[102.52244,11.85876],[102.52351,11.85749],[102.52286,11.85739],[102.52244,11.85876]]],[[[102.78337,11.95033],[102.78169,11.95567],[102.78363,11.95001],[102.78337,11.95033]]],[[[102.25731,12.15585],[102.27014,12.14535],[102.27789,12.14768],[102.27886,12.14676],[102.27685,12.14304],[102.27903,12.14164],[102.28406,12.14142],[102.2863,12.14332],[102.29277,12.14413],[102.29536,12.14254],[102.30315,12.14257],[102.30767,12.13972],[102.32236,12.13638],[102.32656,12.13384],[102.33045,12.12724],[102.33802,12.12323],[102.34128,12.11891],[102.34777,12.11869],[102.35642,12.1125],[102.35904,12.10701],[102.35906,12.10166],[102.36232,12.09853],[102.36644,12.08719],[102.3758,12.07301],[102.38311,12.06844],[102.38157,12.06433],[102.38428,12.06057],[102.384,12.05619],[102.39646,12.04995],[102.39918,12.04278],[102.39794,12.03574],[102.40557,12.03087],[102.41251,12.02337],[102.41287,12.02067],[102.41779,12.01435],[102.41876,12.00912],[102.4228,12.00661],[102.42239,12.00391],[102.428,11.99478],[102.42876,11.98978],[102.43457,11.9878],[102.43571,11.98486],[102.44309,11.9812],[102.44289,11.97887],[102.44603,11.97731],[102.44226,11.97359],[102.44327,11.97111],[102.43982,11.96999],[102.43655,11.96566],[102.43529,11.96146],[102.43734,11.9551],[102.43547,11.95242],[102.43005,11.95543],[102.42967,11.95812],[102.42355,11.95963],[102.42047,11.96328],[102.41224,11.96772],[102.40947,11.97242],[102.39924,11.97969],[102.40016,11.98336],[102.39601,11.98622],[102.39239,11.99309],[102.38853,11.9948],[102.38558,11.994],[102.38168,12.00057],[102.37434,11.99844],[102.37189,11.99946],[102.36843,11.99334],[102.37297,11.98426],[102.37694,11.98119],[102.3789,11.96651],[102.37743,11.96349],[102.36195,11.96226],[102.35686,11.96554],[102.35444,11.96402],[102.34893,11.96491],[102.34814,11.96762],[102.34393,11.97039],[102.3383,11.97133],[102.33243,11.97493],[102.3257,11.97139],[102.32225,11.9738],[102.31378,11.96863],[102.31389,11.96512],[102.31869,11.96355],[102.31974,11.96052],[102.31752,11.95647],[102.31454,11.95761],[102.30728,11.96861],[102.30336,11.97841],[102.29297,11.98323],[102.29192,11.98562],[102.29619,11.99265],[102.29602,11.99634],[102.28761,12.01419],[102.28444,12.01461],[102.28125,12.01795],[102.28363,12.02264],[102.28785,12.02084],[102.2903,12.02392],[102.28866,12.03125],[102.29204,12.04514],[102.28518,12.06216],[102.28233,12.06543],[102.27891,12.06438],[102.2745,12.07277],[102.27683,12.07676],[102.2754,12.0946],[102.26987,12.10561],[102.26467,12.11039],[102.26521,12.11492],[102.2603,12.1237],[102.25393,12.12912],[102.24971,12.13695],[102.25875,12.13547],[102.26447,12.13824],[102.26369,12.14362],[102.25073,12.15426],[102.25091,12.15736],[102.25731,12.15585]]],[[[102.24994,12.28989],[102.25286,12.28804],[102.25164,12.28596],[102.2493,12.28754],[102.24994,12.28989]]]]},"properties":{"Region":"E","px_type1":34049,"px_type2":65413,"area_rai1":19152.56,"area_rai2":36794.81,"area_aban":55947.38,"area_tot":22354521.19,"pct_aban":0.2503}},{"type":"Feature","geometry":{"type":"Polygon","coordinates":[[[103.73858,14.37869],[103.72505,14.38043],[103.71123,14.37697],[103.70549,14.37966],[103.70086,14.39083],[103.70324,14.39785],[103.70249,14.40594],[103.70841,14.41383],[103.70835,14.43191],[103.69333,14.43855],[103.686,14.43934],[103.67912,14.43512],[103.66618,14.43537],[103.65914,14.43786],[103.65421,14.43651],[103.64505,14.4295],[103.64138,14.42135],[103.64916,14.42103],[103.65654,14.41806],[103.65714,14.4155],[103.65433,14.40949],[103.65268,14.40934],[103.64947,14.4125],[103.64207,14.4106],[103.62566,14.39933],[103.62213,14.39835],[103.61588,14.40178],[103.61054,14.41944],[103.6043,14.41525],[103.59806,14.41687],[103.58972,14.42388],[103.57925,14.4265],[103.57416,14.42398],[103.56921,14.42529],[103.55912,14.42403],[103.55054,14.41887],[103.53731,14.41585],[103.528,14.40985],[103.52523,14.40089],[103.51768,14.40489],[103.50018,14.40058],[103.49773,14.39701],[103.49691,14.38993],[103.49409,14.38645],[103.49015,14.38566],[103.48669,14.38812],[103.48286,14.38671],[103.48222,14.38189],[103.47961,14.37816],[103.4715,14.37489],[103.47042,14.36705],[103.4674,14.36425],[103.4511,14.36785],[103.44562,14.37895],[103.43945,14.37911],[103.43821,14.38913],[103.43544,14.39091],[103.42089,14.38297],[103.41137,14.37281],[103.40998,14.36898],[103.41261,14.36136],[103.40904,14.35735],[103.39263,14.35682],[103.37688,14.35171],[103.347,14.35392],[103.34014,14.35108],[103.33058,14.35068],[103.32397,14.35225],[103.31737,14.3564],[103.2838,14.34772],[103.26428,14.35029],[103.24656,14.3382],[103.23718,14.33615],[103.22495,14.32552],[103.21868,14.32352],[103.21405,14.32817],[103.20317,14.32705],[103.18493,14.33412],[103.16823,14.33537],[103.16133,14.33069],[103.1535,14.31354],[103.14639,14.32482],[103.14215,14.32653],[103.12926,14.31999],[103.12916,14.31125],[103.13109,14.30741],[103.12402,14.30205],[103.11533,14.29992],[103.09771,14.29918],[103.08907,14.29589],[103.08295,14.29647],[103.07455,14.28555],[103.05727,14.28518],[103.05615,14.28177],[103.05696,14.27446],[103.0384,14.25147],[103.03821,14.24588],[103.03596,14.24138],[103.03266,14.24034],[103.02093,14.22904],[103.01585,14.23255],[103.01269,14.23148],[103.01094,14.22599],[103.00078,14.21801],[102.9989,14.21407],[102.98904,14.21314],[102.98629,14.21489],[102.9703,14.21],[102.96305,14.21208],[102.95387,14.20814],[102.95191,14.2053],[102.95711,14.19913],[102.95611,14.19605],[102.95154,14.19542],[102.94555,14.19882],[102.94014,14.19637],[102.93853,14.19421],[102.94111,14.18898],[102.93991,14.18477],[102.92635,14.17428],[102.91001,14.16721],[102.89778,14.16437],[102.89077,14.17084],[102.88221,14.17426],[102.87423,14.17276],[102.87221,14.1705],[102.86979,14.15997],[102.86982,14.15099],[102.86823,14.14915],[102.86057,14.14949],[102.84845,14.15893],[102.84211,14.15988],[102.83132,14.16808],[102.82955,14.16617],[102.8311,14.15876],[102.82887,14.15779],[102.82313,14.16219],[102.81799,14.16998],[102.81195,14.17234],[102.80531,14.17065],[102.80328,14.16684],[102.80421,14.1597],[102.80023,14.15891],[102.79271,14.1731],[102.78595,14.15848],[102.78303,14.1554],[102.78124,14.15569],[102.78214,14.16313],[102.7791,14.16395],[102.77696,14.16246],[102.76869,14.14433],[102.76293,14.139],[102.7521,14.13887],[102.7345,14.1415],[102.69574,14.13057],[102.68868,14.13434],[102.69072,14.14291],[102.6825,14.15127],[102.65867,14.16255],[102.65535,14.16562],[102.64564,14.16068],[102.63901,14.15059],[102.63431,14.14886],[102.62761,14.15216],[102.61385,14.16819],[102.60803,14.17105],[102.59866,14.16918],[102.59245,14.16611],[102.58603,14.15689],[102.56871,14.14863],[102.55016,14.13524],[102.53113,14.13849],[102.52229,14.14312],[102.51698,14.14161],[102.50921,14.13356],[102.503,14.13254],[102.50027,14.13281],[102.49874,14.13644],[102.49032,14.13517],[102.48797,14.13971],[102.4827,14.14172],[102.47385,14.13122],[102.45541,14.13602],[102.45298,14.14326],[102.44622,14.14199],[102.43529,14.14401],[102.43311,14.14643],[102.43181,14.1519],[102.42715,14.15265],[102.42376,14.15791],[102.41835,14.154],[102.41157,14.15568],[102.40707,14.15483],[102.3998,14.14576],[102.3884,14.14477],[102.38238,14.14613],[102.37307,14.15352],[102.36292,14.16623],[102.35759,14.164],[102.36056,14.15139],[102.3571,14.13707],[102.35795,14.13319],[102.35671,14.13153],[102.35235,14.13073],[102.35006,14.12577],[102.34652,14.12473],[102.33913,14.12565],[102.33145,14.12011],[102.32821,14.12676],[102.32404,14.12798],[102.30781,14.12001],[102.30033,14.12343],[102.29898,14.12869],[102.28889,14.13505],[102.28199,14.13094],[102.27166,14.12876],[102.27199,14.14121],[102.26878,14.1463],[102.25726,14.1445],[102.24614,14.13987],[102.23819,14.14438],[102.21502,14.14517],[102.21063,14.15369],[102.21326,14.16475],[102.21134,14.17276],[102.20251,14.1772],[102.19697,14.18438],[102.19492,14.1913],[102.19201,14.19501],[102.18886,14.19606],[102.18176,14.1956],[102.1743,14.18885],[102.17373,14.1827],[102.17026,14.17997],[102.16941,14.1758],[102.16668,14.17249],[102.16629,14.16487],[102.17162,14.15893],[102.16846,14.1512],[102.16778,14.14369],[102.16177,14.13974],[102.1515,14.13725],[102.13216,14.13778],[102.11984,14.14898],[102.11384,14.14874],[102.10782,14.15058],[102.09918,14.15665],[102.07153,14.16415],[102.0579,14.17758],[102.04077,14.18794],[102.03584,14.19655],[102.01112,14.20305],[101.99718,14.21013],[101.98979,14.21724],[101.96668,14.22749],[101.97857,14.23361],[101.98178,14.23771],[101.97197,14.23944],[101.95856,14.24489],[101.9449,14.24713],[101.93707,14.27068],[101.92859,14.28693],[101.92958,14.29081],[101.93942,14.29748],[101.94337,14.30245],[101.93769,14.31024],[101.93416,14.32025],[101.9303,14.32435],[101.92924,14.32813],[101.92476,14.32843],[101.92222,14.3307],[101.91968,14.33008],[101.91758,14.33169],[101.91012,14.32573],[101.90231,14.32688],[101.89431,14.33042],[101.89249,14.322],[101.88889,14.31919],[101.88789,14.32264],[101.877,14.32358],[101.85827,14.34222],[101.84736,14.34949],[101.83887,14.35246],[101.8391,14.36017],[101.84239,14.36416],[101.84097,14.36592],[101.8296,14.36275],[101.82824,14.35664],[101.82386,14.35141],[101.81201,14.34764],[101.80774,14.34847],[101.80232,14.35434],[101.79563,14.35841],[101.79281,14.35725],[101.78882,14.35974],[101.78471,14.35701],[101.7797,14.35734],[101.78085,14.35206],[101.77464,14.34973],[101.77434,14.34699],[101.77056,14.34812],[101.76084,14.34309],[101.75399,14.3445],[101.74938,14.34822],[101.7464,14.33949],[101.74894,14.33439],[101.74798,14.3307],[101.75046,14.32465],[101.74788,14.31981],[101.74795,14.31403],[101.74097,14.30754],[101.71748,14.32912],[101.7121,14.3313],[101.69542,14.35003],[101.69228,14.3556],[101.67931,14.36692],[101.65578,14.39164],[101.64788,14.3935],[101.64879,14.40377],[101.64102,14.40769],[101.63131,14.40586],[101.62664,14.41331],[101.61941,14.41601],[101.61829,14.41942],[101.6224,14.42614],[101.6213,14.42861],[101.60564,14.43641],[101.60161,14.43573],[101.59704,14.43837],[101.58844,14.43874],[101.56849,14.43459],[101.54654,14.43594],[101.54138,14.42574],[101.5339,14.42491],[101.50762,14.43558],[101.49142,14.4524],[101.4873,14.46185],[101.48378,14.46282],[101.47941,14.46206],[101.47419,14.45843],[101.47,14.45962],[101.46025,14.45707],[101.43613,14.44586],[101.43762,14.44285],[101.4357,14.43998],[101.43639,14.43754],[101.4419,14.42745],[101.44546,14.4265],[101.44733,14.42095],[101.44211,14.41684],[101.43902,14.4072],[101.43955,14.4027],[101.43336,14.3943],[101.43222,14.38957],[101.42658,14.38994],[101.42241,14.38324],[101.40679,14.40377],[101.39706,14.40877],[101.39599,14.41857],[101.39083,14.4196],[101.38809,14.42344],[101.37975,14.42374],[101.37822,14.42781],[101.38134,14.42934],[101.3816,14.43378],[101.37675,14.43516],[101.37303,14.43932],[101.37007,14.4382],[101.36966,14.44224],[101.36515,14.44562],[101.36559,14.44943],[101.35935,14.44888],[101.35236,14.45456],[101.34916,14.45207],[101.34279,14.45544],[101.34083,14.45881],[101.33192,14.46592],[101.32907,14.46539],[101.3232,14.46932],[101.31808,14.46908],[101.31683,14.47106],[101.31233,14.47135],[101.30651,14.4855],[101.30616,14.49854],[101.30107,14.4984],[101.29367,14.49132],[101.28464,14.48943],[101.28252,14.49815],[101.28423,14.50198],[101.27946,14.50647],[101.27771,14.51217],[101.27261,14.51248],[101.27169,14.50947],[101.26795,14.50744],[101.26614,14.50238],[101.25865,14.49739],[101.25616,14.49771],[101.25108,14.49462],[101.24952,14.48989],[101.24386,14.48917],[101.24115,14.48065],[101.24277,14.47151],[101.22585,14.49564],[101.2231,14.50414],[101.21689,14.50649],[101.21061,14.51737],[101.20824,14.51722],[101.20665,14.52073],[101.19722,14.52562],[101.19546,14.53092],[101.19069,14.52883],[101.18427,14.53338],[101.18371,14.54093],[101.1811,14.54354],[101.18272,14.54504],[101.18164,14.54757],[101.18542,14.55179],[101.18828,14.55175],[101.19079,14.55432],[101.19475,14.55421],[101.19329,14.55886],[101.19712,14.56419],[101.20081,14.56568],[101.1994,14.56925],[101.20573,14.57708],[101.2056,14.58038],[101.20781,14.58102],[101.2105,14.58494],[101.2142,14.58551],[101.2155,14.58789],[101.2149,14.59178],[101.2087,14.59466],[101.20975,14.59996],[101.20426,14.6083],[101.20746,14.61187],[101.20733,14.61414],[101.20445,14.61581],[101.20413,14.62361],[101.20607,14.62956],[101.20832,14.63008],[101.20832,14.63257],[101.20653,14.63422],[101.20727,14.63878],[101.20513,14.63986],[101.20557,14.64756],[101.20377,14.65216],[101.20502,14.65486],[101.20195,14.66286],[101.19902,14.66398],[101.20042,14.66595],[101.19939,14.66958],[101.2017,14.67612],[101.20133,14.6804],[101.20376,14.68378],[101.20113,14.68425],[101.20038,14.69094],[101.19843,14.69227],[101.19757,14.69632],[101.19583,14.69662],[101.19671,14.69907],[101.1961,14.70119],[101.19444,14.70118],[101.19497,14.70574],[101.19143,14.70676],[101.19087,14.70955],[101.18679,14.71176],[101.18926,14.71513],[101.1854,14.72263],[101.18759,14.72523],[101.19046,14.7238],[101.19386,14.73128],[101.19058,14.73375],[101.19391,14.74056],[101.18876,14.74528],[101.18845,14.74939],[101.19149,14.74888],[101.19345,14.75096],[101.19768,14.74901],[101.19756,14.75657],[101.20722,14.75208],[101.21064,14.75511],[101.21392,14.7543],[101.21695,14.74906],[101.21629,14.74706],[101.22415,14.74283],[101.22665,14.73769],[101.23246,14.73216],[101.23448,14.73453],[101.23848,14.73253],[101.24083,14.73408],[101.2449,14.73179],[101.24983,14.7345],[101.25207,14.73229],[101.25902,14.73102],[101.26242,14.73261],[101.26692,14.72997],[101.27138,14.73295],[101.2807,14.73238],[101.28243,14.73469],[101.28195,14.74465],[101.28405,14.74654],[101.28724,14.74432],[101.29019,14.73755],[101.29571,14.73775],[101.30269,14.74439],[101.30366,14.75488],[101.30647,14.75577],[101.30712,14.7586],[101.31032,14.75761],[101.3207,14.76008],[101.32616,14.75902],[101.33279,14.76295],[101.33975,14.7727],[101.33523,14.78183],[101.33742,14.78649],[101.34658,14.78747],[101.34926,14.79351],[101.352,14.7956],[101.36879,14.8041],[101.37821,14.80675],[101.39367,14.81683],[101.40373,14.82792],[101.41541,14.84435],[101.42329,14.84366],[101.42986,14.84987],[101.45051,14.85748],[101.45439,14.8643],[101.45179,14.86639],[101.45289,14.8699],[101.45093,14.8742],[101.45455,14.87581],[101.45077,14.89106],[101.44995,14.90192],[101.44863,14.90205],[101.44726,14.90836],[101.44944,14.91244],[101.44435,14.9195],[101.44441,14.92338],[101.43947,14.92769],[101.43856,14.9302],[101.43983,14.93262],[101.43794,14.93307],[101.43572,14.94386],[101.43281,14.9461],[101.4316,14.95033],[101.43267,14.95108],[101.42977,14.95727],[101.43046,14.96038],[101.43321,14.96244],[101.4307,14.9765],[101.42899,14.97771],[101.4291,14.98301],[101.42457,14.98825],[101.42338,14.99392],[101.42034,14.99696],[101.42094,15.00461],[101.42299,15.00664],[101.42462,15.0127],[101.41941,15.01836],[101.41649,15.0316],[101.41382,15.0342],[101.41526,15.04111],[101.41068,15.05314],[101.40305,15.06177],[101.39915,15.07244],[101.39985,15.07708],[101.39872,15.08565],[101.39737,15.08664],[101.39811,15.09401],[101.39664,15.09854],[101.39964,15.10125],[101.39806,15.11839],[101.39867,15.12832],[101.40137,15.13627],[101.40136,15.15178],[101.39958,15.15855],[101.40059,15.16601],[101.39634,15.20366],[101.39158,15.22868],[101.39114,15.24016],[101.38607,15.24386],[101.38277,15.26582],[101.38089,15.29949],[101.38248,15.33425],[101.38066,15.33933],[101.38386,15.34158],[101.3858,15.34651],[101.38465,15.3479],[101.38133,15.34502],[101.37915,15.3465],[101.37775,15.35393],[101.37934,15.35918],[101.37667,15.36544],[101.37546,15.37683],[101.38108,15.38744],[101.37755,15.39069],[101.3778,15.43315],[101.38021,15.45034],[101.38589,15.47069],[101.38323,15.49943],[101.37492,15.52436],[101.37519,15.53618],[101.37362,15.55639],[101.37055,15.57045],[101.37085,15.58111],[101.37804,15.61791],[101.38167,15.62111],[101.38449,15.64417],[101.3926,15.66287],[101.39513,15.68757],[101.39984,15.70527],[101.40008,15.72339],[101.40609,15.73567],[101.39957,15.74177],[101.39246,15.74493],[101.38632,15.74289],[101.38505,15.73765],[101.3832,15.73659],[101.36124,15.74355],[101.35959,15.7461],[101.35301,15.74686],[101.34065,15.75626],[101.33578,15.75364],[101.33644,15.76523],[101.33929,15.76736],[101.33495,15.77023],[101.33442,15.77295],[101.3321,15.77342],[101.33367,15.77769],[101.32988,15.78125],[101.32837,15.78538],[101.32106,15.78908],[101.31796,15.78876],[101.3171,15.79039],[101.32093,15.79692],[101.32996,15.80141],[101.3313,15.80344],[101.33041,15.80583],[101.32658,15.80683],[101.32772,15.81793],[101.33183,15.82438],[101.33198,15.82999],[101.32583,15.83029],[101.32448,15.83286],[101.32482,15.83877],[101.33006,15.84156],[101.33137,15.84516],[101.33146,15.85108],[101.32648,15.85244],[101.3306,15.86486],[101.33244,15.88112],[101.34053,15.88835],[101.34534,15.8892],[101.35062,15.88748],[101.35255,15.88861],[101.35594,15.89584],[101.36049,15.89898],[101.36257,15.90769],[101.36901,15.91017],[101.3745,15.92039],[101.37394,15.92159],[101.36049,15.92347],[101.36419,15.93002],[101.36253,15.93273],[101.36998,15.9393],[101.37167,15.95404],[101.37504,15.95967],[101.37474,15.96747],[101.36996,15.96917],[101.35808,15.96315],[101.35708,15.96747],[101.3527,15.97194],[101.3473,15.98269],[101.34158,15.98555],[101.33708,15.993],[101.3399,15.99879],[101.34344,16.00184],[101.3421,16.00642],[101.33947,16.00915],[101.34145,16.01245],[101.33551,16.01823],[101.33521,16.02115],[101.33062,16.02307],[101.3301,16.03419],[101.32515,16.03609],[101.32293,16.04097],[101.32551,16.05124],[101.32883,16.05204],[101.32992,16.05409],[101.32636,16.05742],[101.32533,16.0613],[101.32785,16.06603],[101.32835,16.0718],[101.3309,16.07471],[101.33238,16.08477],[101.33042,16.08752],[101.33258,16.08851],[101.33386,16.09413],[101.33657,16.096],[101.33481,16.10224],[101.33866,16.1037],[101.33873,16.1097],[101.33536,16.11835],[101.33662,16.12226],[101.33965,16.12426],[101.33895,16.13322],[101.34072,16.13496],[101.34141,16.14152],[101.34457,16.14331],[101.34196,16.14548],[101.34246,16.14995],[101.3408,16.15365],[101.34399,16.15374],[101.34527,16.16026],[101.34945,16.16087],[101.35424,16.16503],[101.35609,16.17415],[101.36247,16.17668],[101.36109,16.17934],[101.3629,16.18102],[101.36326,16.18559],[101.37952,16.18818],[101.37362,16.19865],[101.37237,16.2049],[101.37471,16.21133],[101.37433,16.21496],[101.36763,16.22491],[101.36861,16.23588],[101.37193,16.23817],[101.372,16.24379],[101.36431,16.24597],[101.36002,16.25353],[101.35338,16.26006],[101.35763,16.26915],[101.36214,16.26873],[101.3672,16.27342],[101.37067,16.27413],[101.3688,16.27733],[101.37008,16.28073],[101.36718,16.28462],[101.36848,16.28926],[101.36685,16.29319],[101.36923,16.29933],[101.37225,16.30107],[101.37485,16.31246],[101.37856,16.31724],[101.37846,16.32127],[101.37617,16.32374],[101.37823,16.32807],[101.37602,16.3303],[101.37843,16.34335],[101.37703,16.34723],[101.38193,16.35531],[101.38142,16.35978],[101.39193,16.36611],[101.39223,16.37337],[101.4073,16.38006],[101.40844,16.3908],[101.40447,16.39588],[101.40026,16.39726],[101.39845,16.40082],[101.40454,16.40329],[101.40495,16.40682],[101.40899,16.40827],[101.41036,16.41162],[101.4172,16.41049],[101.41609,16.41602],[101.41814,16.41819],[101.41793,16.42345],[101.42253,16.42436],[101.42328,16.42845],[101.42821,16.43314],[101.44315,16.43848],[101.44819,16.44523],[101.45092,16.45589],[101.45515,16.46011],[101.46027,16.46182],[101.46744,16.47502],[101.47225,16.47712],[101.47285,16.48825],[101.46538,16.4979],[101.4667,16.5046],[101.46505,16.51255],[101.46646,16.51901],[101.47078,16.52355],[101.47232,16.52906],[101.47514,16.53001],[101.47677,16.52571],[101.47937,16.52446],[101.48072,16.5282],[101.48365,16.52432],[101.48486,16.5287],[101.49384,16.53303],[101.49665,16.53885],[101.50035,16.53849],[101.50093,16.53644],[101.50272,16.53925],[101.50497,16.53869],[101.5047,16.54202],[101.50252,16.54102],[101.50295,16.54561],[101.50622,16.54314],[101.50804,16.54479],[101.50942,16.54254],[101.51364,16.54369],[101.51555,16.54266],[101.51503,16.54604],[101.51867,16.54742],[101.51954,16.54953],[101.51718,16.55039],[101.51744,16.55241],[101.51551,16.55172],[101.51514,16.55539],[101.51123,16.55637],[101.51027,16.55897],[101.508,16.5557],[101.49982,16.56197],[101.49723,16.56119],[101.49943,16.56571],[101.49699,16.56699],[101.49877,16.56767],[101.49938,16.57174],[101.49729,16.56968],[101.4961,16.57033],[101.49885,16.5765],[101.4985,16.58124],[101.50082,16.58862],[101.50064,16.60149],[101.50209,16.60485],[101.49993,16.60737],[101.50009,16.61057],[101.50491,16.61296],[101.50638,16.61668],[101.51004,16.61562],[101.51816,16.61961],[101.52133,16.61666],[101.52615,16.6195],[101.52359,16.63126],[101.51738,16.63927],[101.51405,16.64125],[101.51339,16.6447],[101.51481,16.64787],[101.51331,16.64799],[101.50902,16.6554],[101.51248,16.66651],[101.51189,16.67135],[101.51365,16.67282],[101.5108,16.67577],[101.51096,16.67894],[101.51413,16.6812],[101.51867,16.67931],[101.52701,16.67938],[101.52943,16.67563],[101.53614,16.67083],[101.53788,16.66613],[101.54227,16.66591],[101.54528,16.66836],[101.54796,16.66767],[101.55139,16.65864],[101.55404,16.65588],[101.56182,16.65271],[101.56126,16.64945],[101.56629,16.64791],[101.56832,16.64937],[101.57063,16.6477],[101.57214,16.6488],[101.57225,16.65484],[101.57704,16.6626],[101.57612,16.66894],[101.57767,16.67272],[101.57387,16.67583],[101.57183,16.68205],[101.57118,16.69222],[101.56258,16.69703],[101.56032,16.705],[101.55403,16.71155],[101.55282,16.72119],[101.55476,16.72918],[101.55985,16.73065],[101.56783,16.72576],[101.57495,16.72466],[101.57798,16.72661],[101.58749,16.72386],[101.58932,16.72001],[101.59252,16.71836],[101.59179,16.7092],[101.59524,16.70766],[101.60506,16.70728],[101.61233,16.69276],[101.61854,16.68517],[101.62564,16.68332],[101.62939,16.68405],[101.6344,16.68023],[101.64511,16.68287],[101.64929,16.68688],[101.65653,16.68849],[101.6589,16.68675],[101.66415,16.68825],[101.66496,16.68555],[101.67052,16.68624],[101.67195,16.68775],[101.67566,16.68623],[101.67803,16.68811],[101.67858,16.68442],[101.6821,16.68785],[101.68515,16.68461],[101.68892,16.68607],[101.69031,16.68355],[101.69393,16.68373],[101.69509,16.68054],[101.69801,16.67974],[101.69836,16.67706],[101.70133,16.67925],[101.70107,16.67629],[101.70325,16.67315],[101.70262,16.6685],[101.70643,16.6706],[101.70808,16.66572],[101.71065,16.66603],[101.71648,16.65986],[101.71719,16.65625],[101.71864,16.65669],[101.72463,16.65144],[101.7314,16.65239],[101.73146,16.65743],[101.73551,16.6587],[101.73692,16.66119],[101.74129,16.66031],[101.74417,16.66945],[101.75079,16.66811],[101.75236,16.67211],[101.74989,16.67443],[101.75178,16.67753],[101.76711,16.68089],[101.7727,16.68827],[101.77426,16.69778],[101.77196,16.70268],[101.77538,16.70373],[101.77641,16.71256],[101.77908,16.71269],[101.78153,16.72019],[101.78784,16.72209],[101.78793,16.72676],[101.79111,16.72645],[101.79184,16.729],[101.78879,16.73696],[101.78965,16.73937],[101.78587,16.74279],[101.78965,16.74714],[101.78295,16.75382],[101.78689,16.75941],[101.78796,16.76428],[101.78548,16.76196],[101.77305,16.75881],[101.76674,16.75935],[101.76325,16.75603],[101.74455,16.75695],[101.72775,16.75331],[101.71871,16.75883],[101.71185,16.76891],[101.70482,16.78348],[101.68715,16.79766],[101.69399,16.80569],[101.69982,16.80903],[101.70491,16.80785],[101.71923,16.79985],[101.71932,16.8046],[101.72139,16.80687],[101.71821,16.80856],[101.71902,16.81472],[101.70642,16.82525],[101.70622,16.82991],[101.69975,16.82813],[101.69875,16.82957],[101.70017,16.83163],[101.69855,16.834],[101.6926,16.83554],[101.68957,16.84143],[101.69038,16.84859],[101.6885,16.84818],[101.68736,16.84497],[101.68448,16.84867],[101.6853,16.85339],[101.68414,16.85506],[101.68615,16.85512],[101.68801,16.85832],[101.6856,16.85917],[101.68081,16.85763],[101.67854,16.86115],[101.67897,16.86501],[101.67664,16.86675],[101.68357,16.86871],[101.67967,16.87179],[101.68331,16.87476],[101.68285,16.87888],[101.67819,16.88385],[101.68116,16.89631],[101.68475,16.90171],[101.68295,16.91133],[101.68615,16.919],[101.685,16.92226],[101.68708,16.92389],[101.68994,16.92203],[101.69185,16.9231],[101.6887,16.9252],[101.6871,16.93072],[101.6917,16.93614],[101.68266,16.93699],[101.67827,16.93958],[101.67653,16.94265],[101.67235,16.95381],[101.67264,16.95704],[101.6702,16.96031],[101.67398,16.96646],[101.67534,16.97561],[101.66928,16.98047],[101.66842,16.98612],[101.66106,16.99402],[101.65431,17.00498],[101.65544,17.01156],[101.65305,17.01612],[101.65023,17.01761],[101.64738,17.02424],[101.64802,17.02646],[101.64543,17.02882],[101.64564,17.03527],[101.64962,17.03913],[101.64985,17.04191],[101.64427,17.03916],[101.63745,17.04481],[101.63621,17.04455],[101.63649,17.04236],[101.63237,17.04253],[101.62892,17.04546],[101.62802,17.04089],[101.62458,17.03708],[101.62036,17.02636],[101.61618,17.02316],[101.6155,17.01894],[101.61689,17.01547],[101.61275,17.0083],[101.61245,17.00411],[101.60627,16.99848],[101.5989,16.99995],[101.59685,16.99676],[101.59353,16.99526],[101.58744,16.99626],[101.58349,16.99124],[101.58256,16.98685],[101.57524,16.98358],[101.5715,16.98554],[101.56597,16.9857],[101.55885,16.99395],[101.55715,16.99251],[101.55518,16.99497],[101.55104,16.99485],[101.54638,17.00177],[101.54387,17.01051],[101.54438,17.01537],[101.53612,17.02233],[101.53287,17.02339],[101.51978,17.01899],[101.50665,17.01028],[101.50401,17.01036],[101.50144,17.01736],[101.49584,17.02098],[101.49622,17.0242],[101.49214,17.03208],[101.48961,17.04518],[101.4895,17.05903],[101.48052,17.07306],[101.47802,17.08636],[101.47179,17.09299],[101.46929,17.09228],[101.46504,17.09384],[101.45903,17.09864],[101.46188,17.10186],[101.4615,17.10603],[101.4584,17.11626],[101.45196,17.12346],[101.4519,17.14117],[101.44597,17.14615],[101.42875,17.15435],[101.4219,17.1627],[101.41459,17.16661],[101.41074,17.17186],[101.4038,17.17248],[101.39752,17.17804],[101.38879,17.17545],[101.38174,17.16983],[101.37158,17.16907],[101.36438,17.17134],[101.35209,17.16787],[101.34931,17.16287],[101.34321,17.16072],[101.3421,17.15752],[101.33438,17.1496],[101.33118,17.14865],[101.32957,17.14569],[101.32439,17.14422],[101.32032,17.13728],[101.31564,17.13599],[101.30741,17.12966],[101.30724,17.12082],[101.30509,17.11591],[101.29342,17.10642],[101.28719,17.10668],[101.2789,17.09771],[101.27327,17.09567],[101.26155,17.10629],[101.25016,17.11184],[101.24335,17.10883],[101.23983,17.10554],[101.23552,17.09537],[101.22318,17.08541],[101.22332,17.08038],[101.22921,17.06782],[101.2237,17.06052],[101.21938,17.05989],[101.2125,17.0657],[101.2042,17.06844],[101.18852,17.06508],[101.17852,17.05525],[101.17256,17.0524],[101.17046,17.04698],[101.17036,17.04073],[101.16817,17.03794],[101.14756,17.03189],[101.13882,17.03203],[101.13564,17.028],[101.12359,17.02551],[101.11685,17.02018],[101.11321,17.00916],[101.11477,17.00771],[101.11191,17.00658],[101.11112,17.00265],[101.11273,16.99856],[101.11199,16.99563],[101.1185,16.97584],[101.11608,16.96865],[101.11529,16.95696],[101.1169,16.94744],[101.11556,16.94182],[101.1161,16.93209],[101.1111,16.92616],[101.11059,16.91741],[101.10679,16.91213],[101.107,16.90752],[101.10349,16.9033],[101.09958,16.90349],[101.09259,16.90025],[101.07889,16.90127],[101.07419,16.90298],[101.06684,16.90212],[101.0702,16.90897],[101.07245,16.91979],[101.07021,16.92577],[101.06437,16.92864],[101.05276,16.93073],[101.04711,16.92904],[101.04005,16.9294],[101.03212,16.93334],[101.02808,16.93795],[101.0283,16.94435],[101.03742,16.94686],[101.04567,16.95368],[101.05219,16.9534],[101.05095,16.95858],[101.04463,16.96658],[101.04572,16.97167],[101.04912,16.97549],[101.04422,16.9807],[101.0426,16.98498],[101.04655,16.98723],[101.04539,16.99408],[101.04721,16.99729],[101.04704,17.00121],[101.05629,17.01722],[101.0536,17.025],[101.05643,17.03203],[101.05499,17.04162],[101.05838,17.04758],[101.05506,17.05386],[101.05801,17.05657],[101.05838,17.06167],[101.05626,17.07067],[101.05228,17.07354],[101.05007,17.07824],[101.05176,17.08339],[101.05688,17.09018],[101.05625,17.09449],[101.05121,17.09622],[101.05662,17.10559],[101.0519,17.11512],[101.05503,17.11534],[101.06207,17.11218],[101.06406,17.11397],[101.0706,17.11522],[101.07272,17.1291],[101.0792,17.13847],[101.07981,17.15415],[101.07649,17.16042],[101.08015,17.16785],[101.07789,17.17006],[101.07705,17.18025],[101.08303,17.19195],[101.0954,17.19936],[101.0999,17.2101],[101.10793,17.21511],[101.10989,17.23259],[101.09216,17.25453],[101.08937,17.26472],[101.08223,17.27414],[101.08269,17.281],[101.05885,17.28101],[101.04975,17.28413],[101.04561,17.28988],[101.03592,17.29817],[101.02759,17.30995],[101.02408,17.31215],[101.01658,17.31203],[101.01093,17.31557],[101.00769,17.32235],[101.00893,17.32951],[101.00574,17.33473],[100.9917,17.34148],[100.98711,17.33863],[100.97986,17.33875],[100.96989,17.34134],[100.95472,17.33536],[100.95344,17.33827],[100.94559,17.34099],[100.93955,17.33595],[100.92946,17.33561],[100.92639,17.33807],[100.91903,17.33943],[100.91768,17.34245],[100.91424,17.34219],[100.91572,17.3479],[100.91468,17.35071],[100.91732,17.35954],[100.91706,17.36494],[100.91463,17.36723],[100.91674,17.373],[100.91337,17.37706],[100.91472,17.38373],[100.91831,17.38943],[100.91653,17.39249],[100.91831,17.40182],[100.92306,17.40276],[100.92096,17.40737],[100.92278,17.41171],[100.92117,17.41539],[100.92417,17.41995],[100.92082,17.42262],[100.92269,17.42469],[100.92047,17.42872],[100.92113,17.43151],[100.91736,17.43213],[100.9147,17.43526],[100.91739,17.44336],[100.91613,17.45158],[100.91173,17.45068],[100.9077,17.45438],[100.90595,17.45399],[100.90423,17.45754],[100.90076,17.45709],[100.89509,17.46246],[100.89447,17.46541],[100.89267,17.4624],[100.88544,17.45908],[100.88543,17.45717],[100.87564,17.44951],[100.86391,17.45369],[100.85646,17.45092],[100.85476,17.45512],[100.85079,17.45394],[100.84717,17.46016],[100.84115,17.46302],[100.84119,17.46543],[100.83721,17.46532],[100.83488,17.46835],[100.83358,17.4742],[100.83398,17.48204],[100.84474,17.48968],[100.84372,17.49496],[100.84528,17.50328],[100.85277,17.50701],[100.86531,17.51653],[100.86793,17.52366],[100.87279,17.52893],[100.87209,17.53146],[100.86629,17.53389],[100.86338,17.54318],[100.86076,17.54521],[100.86793,17.5671],[100.88088,17.58463],[100.88963,17.58935],[100.90341,17.59327],[100.90592,17.59194],[100.90778,17.58524],[100.91809,17.58116],[100.91539,17.57605],[100.92347,17.57303],[100.92797,17.56944],[100.93126,17.57116],[100.93297,17.56802],[100.93852,17.56902],[100.94081,17.57219],[100.94612,17.57255],[100.94768,17.57126],[100.94975,17.57319],[100.95518,17.5739],[100.95674,17.57228],[100.95992,17.57438],[100.96385,17.57435],[100.96708,17.57069],[100.97211,17.56893],[100.97456,17.56944],[100.97486,17.57131],[100.97803,17.57141],[100.98419,17.56581],[100.98923,17.56631],[100.99021,17.56463],[100.99254,17.56547],[100.99658,17.56375],[100.99793,17.56237],[100.99738,17.55978],[101.00126,17.55938],[101.00318,17.55644],[101.00976,17.55606],[101.01232,17.55863],[101.0149,17.55703],[101.02346,17.55747],[101.0236,17.55185],[101.03703,17.54647],[101.03964,17.54125],[101.04141,17.54173],[101.04327,17.54553],[101.04532,17.54492],[101.04695,17.52947],[101.06027,17.52685],[101.06107,17.51229],[101.06459,17.51492],[101.0803,17.5025],[101.08083,17.50542],[101.08379,17.50402],[101.08587,17.50619],[101.08904,17.50613],[101.09261,17.50835],[101.10248,17.50852],[101.10088,17.50606],[101.09584,17.50484],[101.09993,17.50138],[101.09373,17.4965],[101.10241,17.49207],[101.10684,17.49234],[101.11067,17.48485],[101.11012,17.47968],[101.1149,17.47829],[101.12189,17.48394],[101.12652,17.48148],[101.13524,17.48316],[101.13628,17.48223],[101.13473,17.48056],[101.12965,17.48015],[101.13108,17.4729],[101.13905,17.47437],[101.14575,17.47835],[101.14691,17.46994],[101.14982,17.46618],[101.16168,17.46754],[101.16405,17.4694],[101.16298,17.47443],[101.16409,17.47789],[101.1677,17.48066],[101.16243,17.48307],[101.16409,17.48624],[101.16265,17.49125],[101.16566,17.49114],[101.18255,17.49787],[101.18343,17.50295],[101.1795,17.50276],[101.18158,17.50607],[101.1787,17.50754],[101.18031,17.51166],[101.17826,17.51228],[101.17919,17.51438],[101.17657,17.51677],[101.17605,17.52481],[101.1818,17.52607],[101.18338,17.52902],[101.18882,17.53084],[101.21132,17.53083],[101.21605,17.5333],[101.22554,17.53423],[101.22955,17.53617],[101.23194,17.55407],[101.24154,17.5532],[101.24715,17.56127],[101.2475,17.57225],[101.24976,17.57538],[101.24891,17.57842],[101.25816,17.58701],[101.25953,17.59834],[101.26469,17.60431],[101.27016,17.60676],[101.27427,17.61087],[101.27699,17.61087],[101.28035,17.60815],[101.28759,17.62283],[101.29159,17.62522],[101.29404,17.63055],[101.3008,17.63405],[101.30615,17.63211],[101.30859,17.63335],[101.31188,17.64064],[101.30588,17.64631],[101.30613,17.65088],[101.31958,17.6539],[101.32448,17.65681],[101.33158,17.6541],[101.33878,17.66025],[101.3462,17.65928],[101.3561,17.66907],[101.36136,17.68136],[101.36706,17.67928],[101.37751,17.6823],[101.37852,17.69262],[101.38207,17.69813],[101.38833,17.69654],[101.39697,17.69073],[101.40054,17.68252],[101.40833,17.68917],[101.40601,17.69926],[101.40679,17.70196],[101.41404,17.70901],[101.42893,17.71265],[101.43067,17.71581],[101.42132,17.72381],[101.41352,17.72511],[101.40715,17.72241],[101.40118,17.72386],[101.39713,17.72876],[101.40237,17.73432],[101.40712,17.73622],[101.41657,17.73507],[101.41756,17.7343],[101.4164,17.73091],[101.41824,17.72992],[101.42083,17.73094],[101.42133,17.73597],[101.42415,17.73772],[101.43706,17.73125],[101.44208,17.73361],[101.44622,17.72876],[101.44701,17.73594],[101.45321,17.73855],[101.45511,17.74635],[101.46649,17.74767],[101.46251,17.75247],[101.46324,17.75421],[101.47042,17.75477],[101.48274,17.76052],[101.48364,17.75491],[101.47554,17.75122],[101.47533,17.74831],[101.47748,17.74489],[101.48115,17.74328],[101.48772,17.74651],[101.49045,17.74599],[101.4902,17.74264],[101.48583,17.73639],[101.48653,17.73138],[101.48456,17.72728],[101.48629,17.72456],[101.49044,17.72401],[101.4931,17.72705],[101.49497,17.73354],[101.49472,17.74052],[101.50266,17.74501],[101.4973,17.75112],[101.4973,17.75495],[101.50369,17.7548],[101.50445,17.75957],[101.52111,17.77227],[101.52223,17.77697],[101.52934,17.77415],[101.53763,17.77496],[101.54112,17.77776],[101.54723,17.78738],[101.55067,17.78913],[101.56044,17.7889],[101.57217,17.78471],[101.57419,17.78532],[101.57327,17.79234],[101.56681,17.80262],[101.56018,17.8085],[101.55333,17.80758],[101.55151,17.81069],[101.5528,17.81761],[101.55173,17.82044],[101.56506,17.84103],[101.56845,17.85269],[101.56908,17.86272],[101.57441,17.86963],[101.57905,17.86786],[101.58688,17.85138],[101.59181,17.84911],[101.6028,17.85671],[101.61209,17.87703],[101.61256,17.88864],[101.61634,17.8936],[101.62396,17.89199],[101.63258,17.89535],[101.65,17.89589],[101.69332,17.91247],[101.70201,17.91149],[101.70634,17.90417],[101.71003,17.90249],[101.71875,17.9071],[101.72462,17.91228],[101.73132,17.92019],[101.73338,17.92492],[101.73364,17.92987],[101.72922,17.94407],[101.7294,17.94779],[101.7432,17.97593],[101.74442,17.99118],[101.75289,18.00212],[101.75524,18.01189],[101.75702,18.03609],[101.76399,18.04474],[101.76629,18.05432],[101.76851,18.05454],[101.78095,18.06763],[101.78696,18.0716],[101.79536,18.06454],[101.80206,18.06392],[101.816,18.05928],[101.82591,18.05979],[101.8349,18.05171],[101.84049,18.05082],[101.85676,18.04386],[101.8629,18.0397],[101.87044,18.03117],[101.87959,18.02686],[101.88856,18.02897],[101.8973,18.02772],[101.90542,18.03022],[101.91059,18.03507],[101.91451,18.04473],[101.93607,18.0709],[101.9394,18.08277],[101.94832,18.08771],[101.95443,18.09335],[101.95344,18.10329],[101.95614,18.10455],[101.9625,18.10226],[101.96678,18.10924],[101.98017,18.11835],[101.98271,18.12162],[101.99037,18.12485],[101.99441,18.12388],[101.99699,18.12592],[102.01901,18.14946],[102.02255,18.15133],[102.02725,18.15086],[102.03468,18.16133],[102.0366,18.17176],[102.04559,18.19863],[102.06838,18.21173],[102.08735,18.21971],[102.11258,18.21032],[102.13491,18.21561],[102.1418,18.21247],[102.14398,18.20588],[102.1639,18.20391],[102.18584,18.14737],[102.1965,18.13973],[102.19997,18.1335],[102.2151,18.12682],[102.24076,18.10511],[102.2887,18.05858],[102.30528,18.05157],[102.33519,18.04847],[102.35151,18.04227],[102.38986,18.01534],[102.40378,18.00194],[102.42675,17.9863],[102.45916,17.9712],[102.47265,17.96733],[102.49012,17.96698],[102.50937,17.97108],[102.52632,17.96348],[102.53421,17.96302],[102.54276,17.96423],[102.55417,17.96904],[102.57498,17.96403],[102.58735,17.96278],[102.60195,17.9563],[102.60761,17.95076],[102.61388,17.93889],[102.6133,17.90815],[102.6088,17.89769],[102.60734,17.88663],[102.59288,17.86086],[102.58845,17.84675],[102.5901,17.84108],[102.59524,17.83573],[102.60016,17.83405],[102.61445,17.83229],[102.63455,17.83252],[102.63949,17.83089],[102.66782,17.80505],[102.6738,17.80286],[102.68346,17.80353],[102.69247,17.81039],[102.69812,17.81968],[102.69697,17.82257],[102.67948,17.83782],[102.6772,17.84191],[102.67823,17.85427],[102.68111,17.86102],[102.68761,17.86945],[102.6971,17.87572],[102.70884,17.87941],[102.7408,17.88366],[102.7468,17.8885],[102.75879,17.89383],[102.76996,17.90407],[102.77862,17.92496],[102.78647,17.9344],[102.79706,17.93896],[102.81812,17.94072],[102.82798,17.94682],[102.84972,17.96654],[102.85987,17.97294],[102.87235,17.97659],[102.89873,17.98076],[102.90771,17.98441],[102.93828,18.00207],[102.95606,18.00521],[102.97099,18.00355],[102.98662,17.99552],[102.99603,17.98949],[103.00767,17.97751],[103.01647,17.97167],[103.02438,17.97103],[103.04138,17.98143],[103.06143,18.00537],[103.0755,18.02641],[103.07847,18.03426],[103.08124,18.04497],[103.08094,18.05143],[103.07246,18.071],[103.072,18.07535],[103.07795,18.09558],[103.07888,18.10644],[103.07732,18.11329],[103.08062,18.12466],[103.08854,18.13319],[103.13533,18.15997],[103.14851,18.17287],[103.15328,18.18411],[103.15602,18.19799],[103.15068,18.22007],[103.15114,18.23007],[103.16667,18.25558],[103.1801,18.26527],[103.20964,18.27178],[103.23764,18.28326],[103.25876,18.28634],[103.28105,18.29277],[103.29772,18.30209],[103.2994,18.30719],[103.29815,18.31374],[103.29078,18.32358],[103.27305,18.33267],[103.25888,18.33423],[103.25348,18.33657],[103.24395,18.35214],[103.24327,18.36115],[103.24619,18.37074],[103.25768,18.37821],[103.28205,18.40253],[103.29503,18.42409],[103.30981,18.43305],[103.35067,18.43444],[103.40817,18.44883],[103.42786,18.44148],[103.45815,18.42475],[103.47366,18.42751],[103.48801,18.42347],[103.51447,18.42682],[103.52775,18.42613],[103.55016,18.41902],[103.57006,18.40603],[103.60001,18.406],[103.60949,18.4043],[103.6184,18.40051],[103.63071,18.3919],[103.63874,18.38921],[103.68069,18.35718],[103.69356,18.34429],[103.69757,18.34274],[103.70776,18.34141],[103.74625,18.34366],[103.7488,18.33981],[103.7507,18.33958],[103.77445,18.34262],[103.79608,18.343],[103.81731,18.3385],[103.83133,18.33067],[103.83645,18.32463],[103.84325,18.31103],[103.85072,18.28985],[103.85708,18.284],[103.8705,18.28652],[103.88688,18.29422],[103.91321,18.32054],[103.91935,18.32569],[103.92819,18.33007],[103.95375,18.33921],[103.9655,18.33883],[103.97487,18.33564],[103.98991,18.31992],[103.9962,18.30751],[104.01863,18.27872],[104.04042,18.24502],[104.05999,18.22016],[104.06258,18.21456],[104.06266,18.20383],[104.07161,18.18537],[104.07695,18.17818],[104.08181,18.17447],[104.08875,18.16129],[104.09858,18.13032],[104.10526,18.11612],[104.13162,18.08516],[104.14267,18.07559],[104.15376,18.06144],[104.17008,18.04697],[104.19617,18.01639],[104.2132,17.99938],[104.22543,17.97955],[104.2374,17.94935],[104.23899,17.94196],[104.24642,17.9301],[104.27206,17.86808],[104.27936,17.85805],[104.30368,17.84368],[104.31683,17.84168],[104.33758,17.83561],[104.35453,17.82336],[104.38729,17.77109],[104.39439,17.75096],[104.39641,17.7517],[104.41566,17.72463],[104.44014,17.69698],[104.44844,17.6838],[104.44726,17.68187],[104.45852,17.66436],[104.47151,17.65243],[104.48131,17.64861],[104.51397,17.62701],[104.55643,17.60652],[104.56645,17.59795],[104.5765,17.59222],[104.58674,17.5881],[104.59941,17.58795],[104.61154,17.58247],[104.64227,17.55924],[104.65381,17.55244],[104.66671,17.54772],[104.68345,17.53525],[104.69996,17.52704],[104.72253,17.50563],[104.73026,17.48436],[104.74595,17.45729],[104.75733,17.44419],[104.77575,17.42735],[104.79169,17.40767],[104.8002,17.39365],[104.80393,17.37223],[104.80546,17.3162],[104.80532,17.29308],[104.80261,17.27022],[104.80663,17.24009],[104.801,17.16289],[104.794,17.14638],[104.79328,17.14023],[104.7896,17.13648],[104.78692,17.12408],[104.78248,17.11458],[104.77569,17.10518],[104.76578,17.08009],[104.74929,17.04973],[104.74149,17.04274],[104.73557,17.03238],[104.73144,17.02088],[104.72948,17.00817],[104.73029,16.9848],[104.73384,16.96898],[104.73565,16.9487],[104.7366,16.91489],[104.74427,16.89315],[104.75715,16.8744],[104.75946,16.86193],[104.75669,16.84793],[104.75288,16.83781],[104.73899,16.81549],[104.73726,16.80982],[104.73778,16.796],[104.74607,16.76627],[104.75559,16.74893],[104.75894,16.73921],[104.75928,16.71319],[104.764,16.70021],[104.76164,16.68521],[104.74244,16.63035],[104.73954,16.59463],[104.73344,16.56924],[104.73454,16.54941],[104.74053,16.53467],[104.75336,16.51549],[104.76958,16.49807],[104.80276,16.47667],[104.83073,16.46466],[104.8468,16.45053],[104.85344,16.44171],[104.86091,16.42679],[104.86295,16.41855],[104.86247,16.4008],[104.87167,16.38518],[104.87964,16.37793],[104.88465,16.37097],[104.88596,16.36695],[104.88512,16.35574],[104.89246,16.34547],[104.902,16.33901],[104.91813,16.33883],[104.92868,16.33332],[104.9329,16.32215],[104.95767,16.29241],[104.98888,16.27245],[105.01459,16.24436],[105.01691,16.23535],[105.01109,16.20464],[105.01206,16.19136],[105.01813,16.18184],[105.02192,16.16995],[105.02577,16.16382],[105.02639,16.1526],[105.03272,16.14433],[105.03918,16.12226],[105.0372,16.12116],[105.04085,16.10905],[105.04667,16.10213],[105.05748,16.09969],[105.08382,16.08571],[105.08612,16.08582],[105.08509,16.08823],[105.08915,16.09012],[105.10273,16.09036],[105.11944,16.07739],[105.12499,16.08014],[105.13442,16.07944],[105.13823,16.0756],[105.14762,16.07466],[105.15254,16.07087],[105.16616,16.06677],[105.19054,16.05633],[105.22337,16.04692],[105.26638,16.04378],[105.28748,16.03916],[105.29868,16.03921],[105.30885,16.03434],[105.31222,16.02978],[105.35402,16.02899],[105.36429,16.02103],[105.40734,16.0166],[105.41831,16.01217],[105.42414,16.00593],[105.42347,16.00097],[105.42571,15.99411],[105.42481,15.99068],[105.42096,15.98727],[105.41595,15.9859],[105.39183,15.99152],[105.38711,15.98768],[105.37661,15.98355],[105.37494,15.98112],[105.37485,15.97576],[105.36745,15.96939],[105.36196,15.95406],[105.34933,15.94202],[105.34775,15.93235],[105.34231,15.92215],[105.34392,15.91178],[105.35217,15.90642],[105.3658,15.87758],[105.37294,15.85782],[105.38591,15.83671],[105.38951,15.82552],[105.39056,15.80938],[105.39417,15.80257],[105.40192,15.7946],[105.41065,15.79455],[105.41964,15.78913],[105.42073,15.78624],[105.41903,15.77792],[105.42068,15.77316],[105.43423,15.75507],[105.4552,15.74759],[105.46472,15.74599],[105.46866,15.74677],[105.47418,15.75196],[105.49727,15.767],[105.50194,15.76752],[105.50931,15.76606],[105.51483,15.7578],[105.52435,15.75597],[105.53287,15.74876],[105.53845,15.74814],[105.54978,15.75061],[105.55405,15.74921],[105.55642,15.74732],[105.56034,15.73865],[105.58884,15.72796],[105.60141,15.72009],[105.60434,15.71227],[105.60595,15.70141],[105.6101,15.69239],[105.61322,15.68797],[105.62742,15.67562],[105.63532,15.66076],[105.63702,15.63389],[105.62866,15.6058],[105.62741,15.59453],[105.6283,15.58107],[105.62492,15.5634],[105.6212,15.55793],[105.60852,15.54706],[105.60673,15.53896],[105.60401,15.53567],[105.59312,15.5103],[105.59354,15.50411],[105.5979,15.49507],[105.60279,15.47763],[105.59781,15.46263],[105.59748,15.44621],[105.59185,15.42579],[105.57907,15.40907],[105.56112,15.39919],[105.55525,15.39924],[105.55225,15.39647],[105.53883,15.39232],[105.52737,15.39419],[105.49236,15.38547],[105.47628,15.36901],[105.46746,15.35038],[105.46887,15.34263],[105.47414,15.33486],[105.48857,15.32838],[105.49542,15.32126],[105.50207,15.32057],[105.50354,15.31556],[105.51581,15.31946],[105.51848,15.32187],[105.54063,15.32414],[105.55433,15.32189],[105.56344,15.32378],[105.57411,15.32832],[105.5781,15.31939],[105.5846,15.31552],[105.58183,15.30814],[105.58272,15.30195],[105.58638,15.28739],[105.59222,15.27429],[105.58061,15.25936],[105.57607,15.25847],[105.55927,15.26213],[105.55458,15.2564],[105.55675,15.24889],[105.55022,15.2533],[105.54412,15.25379],[105.53959,15.25222],[105.53374,15.24416],[105.53111,15.24449],[105.5305,15.24122],[105.52152,15.2313],[105.51641,15.22246],[105.51599,15.21889],[105.51179,15.21705],[105.50872,15.21178],[105.49386,15.20428],[105.49061,15.19783],[105.49458,15.19475],[105.49457,15.19214],[105.49286,15.1907],[105.4916,15.19337],[105.48922,15.19375],[105.48791,15.19001],[105.48154,15.18651],[105.47489,15.17881],[105.47401,15.17679],[105.47817,15.16889],[105.4721,15.1665],[105.46918,15.15868],[105.47011,15.15657],[105.48589,15.15014],[105.48365,15.14936],[105.47599,15.13826],[105.46786,15.13429],[105.46858,15.12684],[105.46508,15.12342],[105.4613,15.11581],[105.46618,15.11081],[105.4704,15.10075],[105.47934,15.09387],[105.48498,15.09233],[105.49526,15.0938],[105.51547,15.08405],[105.51374,15.07805],[105.51354,15.06315],[105.51978,15.06461],[105.52663,15.06228],[105.53332,15.06543],[105.53718,15.06348],[105.53864,15.06817],[105.54046,15.06878],[105.54468,15.06795],[105.54772,15.06401],[105.55397,15.06406],[105.55484,15.05538],[105.55149,15.04703],[105.54659,15.04455],[105.54683,15.0383],[105.55185,15.03082],[105.55673,15.02887],[105.56418,15.02935],[105.56506,15.02401],[105.5725,15.02044],[105.57396,15.01584],[105.57266,15.01226],[105.57427,14.99904],[105.60579,14.99278],[105.62146,14.97601],[105.62464,14.97533],[105.61813,14.97182],[105.61277,14.97283],[105.60684,14.97083],[105.60398,14.96473],[105.595,14.96165],[105.58989,14.95091],[105.58471,14.94539],[105.58335,14.94082],[105.56976,14.95035],[105.5678,14.95516],[105.56187,14.95389],[105.55678,14.95547],[105.55371,14.9526],[105.55223,14.94727],[105.55324,14.94116],[105.54867,14.92949],[105.54564,14.92633],[105.55098,14.92284],[105.55656,14.92444],[105.55887,14.92363],[105.56474,14.91042],[105.57393,14.90169],[105.57723,14.89625],[105.57993,14.8779],[105.57084,14.88087],[105.55991,14.87574],[105.55228,14.87621],[105.54948,14.87474],[105.54773,14.87068],[105.54313,14.86716],[105.54282,14.86277],[105.54681,14.85866],[105.5517,14.84562],[105.55827,14.84301],[105.55993,14.8392],[105.55619,14.83897],[105.55299,14.8344],[105.54354,14.83027],[105.53721,14.81931],[105.5355,14.82095],[105.5272,14.82215],[105.52367,14.8251],[105.51919,14.82292],[105.51753,14.80928],[105.51573,14.8047],[105.51121,14.8002],[105.51378,14.79684],[105.5205,14.79465],[105.51535,14.79149],[105.52411,14.78498],[105.52524,14.7821],[105.51399,14.77299],[105.51286,14.76539],[105.51775,14.7629],[105.51261,14.75392],[105.51563,14.75063],[105.52175,14.74881],[105.52653,14.74293],[105.53147,14.73989],[105.54275,14.73986],[105.5466,14.73159],[105.52936,14.73051],[105.51968,14.72726],[105.522,14.71996],[105.52068,14.71395],[105.52404,14.71022],[105.52461,14.70397],[105.52346,14.70045],[105.5178,14.69958],[105.51513,14.69625],[105.51687,14.69152],[105.52105,14.68865],[105.5273,14.67939],[105.51638,14.66689],[105.51644,14.65854],[105.51938,14.65499],[105.51762,14.65229],[105.52012,14.65004],[105.52816,14.64756],[105.53036,14.64002],[105.52479,14.63318],[105.52955,14.62377],[105.5317,14.62254],[105.53694,14.62353],[105.5425,14.62011],[105.52996,14.60799],[105.52921,14.59494],[105.53577,14.59233],[105.53891,14.58377],[105.529,14.5726],[105.53042,14.56688],[105.5349,14.55927],[105.53375,14.55389],[105.52414,14.55181],[105.524,14.54229],[105.52656,14.53657],[105.52243,14.53886],[105.517,14.53908],[105.51441,14.53247],[105.50801,14.52403],[105.50105,14.52172],[105.5009,14.51319],[105.4954,14.51265],[105.48621,14.50893],[105.48316,14.506],[105.48089,14.50647],[105.48267,14.50318],[105.48667,14.50232],[105.48743,14.50066],[105.48033,14.49436],[105.47911,14.48814],[105.47388,14.48141],[105.46984,14.47064],[105.45995,14.46582],[105.45587,14.45417],[105.45042,14.45258],[105.44884,14.44761],[105.44514,14.44488],[105.44158,14.42987],[105.43911,14.4279],[105.43427,14.4279],[105.42981,14.4242],[105.42914,14.41633],[105.42394,14.4166],[105.42158,14.42148],[105.41307,14.42902],[105.40743,14.42959],[105.40748,14.42529],[105.40339,14.42069],[105.40407,14.41526],[105.39954,14.4088],[105.39272,14.40653],[105.38801,14.41102],[105.38693,14.41051],[105.38693,14.39647],[105.38231,14.40042],[105.37482,14.39801],[105.37233,14.39979],[105.36036,14.38756],[105.354,14.38794],[105.34169,14.38414],[105.33379,14.39268],[105.32744,14.39677],[105.32132,14.3982],[105.30543,14.37571],[105.30356,14.36614],[105.29705,14.36907],[105.29183,14.36826],[105.28966,14.36534],[105.28434,14.36589],[105.28306,14.35607],[105.2801,14.3537],[105.2754,14.35431],[105.26649,14.36098],[105.25931,14.36248],[105.25132,14.3619],[105.2417,14.3505],[105.23574,14.34982],[105.23347,14.33669],[105.22734,14.33346],[105.22064,14.33699],[105.2163,14.33526],[105.21094,14.3422],[105.19728,14.34779],[105.19286,14.34699],[105.18831,14.34239],[105.18492,14.34137],[105.17463,14.3443],[105.1665,14.32868],[105.1686,14.32451],[105.17491,14.32186],[105.17755,14.31566],[105.17554,14.31026],[105.17163,14.30857],[105.17019,14.30319],[105.16096,14.30101],[105.15985,14.28812],[105.15137,14.28542],[105.15027,14.27534],[105.15372,14.26915],[105.15031,14.26534],[105.14312,14.26136],[105.14476,14.25893],[105.15388,14.25836],[105.15428,14.25634],[105.14683,14.24257],[105.12824,14.22542],[105.11554,14.2219],[105.10873,14.21364],[105.10237,14.21295],[105.09319,14.21532],[105.08485,14.20943],[105.07559,14.21295],[105.05049,14.21463],[105.04613,14.22229],[105.0459,14.22711],[105.03871,14.22933],[105.03244,14.23346],[105.03106,14.23767],[105.02616,14.23751],[105.02211,14.24203],[105.02035,14.24892],[105.02241,14.25675],[105.02018,14.25987],[105.02057,14.26442],[105.01575,14.27134],[105.01583,14.27635],[105.0053,14.28988],[105.00149,14.30483],[104.99129,14.311],[104.98425,14.31891],[104.98466,14.32051],[104.99,14.32181],[104.99184,14.32395],[104.99322,14.32951],[104.99279,14.34193],[104.99851,14.35188],[105.00145,14.36237],[105.00107,14.3665],[104.99363,14.37569],[104.99347,14.37969],[104.98925,14.37967],[104.98552,14.38381],[104.97767,14.38695],[104.9734,14.39145],[104.96533,14.38878],[104.95877,14.3917],[104.95684,14.38965],[104.95514,14.38164],[104.9466,14.38196],[104.94269,14.38404],[104.93775,14.39131],[104.92889,14.39576],[104.92245,14.40121],[104.91749,14.39906],[104.90525,14.39974],[104.90102,14.40209],[104.8982,14.40638],[104.89517,14.40493],[104.87744,14.41311],[104.87165,14.41782],[104.86748,14.41539],[104.8618,14.40887],[104.85684,14.4127],[104.85379,14.4076],[104.84171,14.40346],[104.83939,14.41365],[104.83401,14.415],[104.82903,14.41851],[104.81861,14.41871],[104.8179,14.42742],[104.80526,14.43758],[104.789,14.43457],[104.77586,14.42438],[104.76618,14.42382],[104.757,14.41527],[104.75671,14.41042],[104.75282,14.40555],[104.74857,14.40935],[104.73921,14.41371],[104.73221,14.41179],[104.72442,14.40246],[104.7226,14.40333],[104.72116,14.40824],[104.72198,14.41222],[104.7254,14.4167],[104.72284,14.4234],[104.71586,14.42768],[104.71388,14.43217],[104.70882,14.43321],[104.70341,14.43104],[104.69479,14.42179],[104.69069,14.41476],[104.6896,14.40781],[104.68417,14.39656],[104.6797,14.39624],[104.67939,14.39047],[104.67137,14.39835],[104.66507,14.39861],[104.65797,14.40112],[104.65308,14.40774],[104.65223,14.42005],[104.64955,14.42327],[104.6449,14.4235],[104.6312,14.41144],[104.62702,14.40577],[104.61977,14.40228],[104.61353,14.39669],[104.60283,14.39545],[104.59365,14.38733],[104.58862,14.38053],[104.58052,14.37521],[104.57903,14.36866],[104.5769,14.36688],[104.57927,14.35951],[104.57856,14.35735],[104.56938,14.3598],[104.56279,14.35192],[104.54474,14.35561],[104.5357,14.35401],[104.53083,14.35981],[104.52401,14.36],[104.5211,14.36233],[104.51946,14.36699],[104.51517,14.3702],[104.50088,14.3754],[104.48032,14.36613],[104.4757,14.36092],[104.47874,14.35538],[104.47833,14.35232],[104.46991,14.34585],[104.46458,14.34486],[104.46171,14.34624],[104.46374,14.35494],[104.46248,14.35917],[104.45975,14.36126],[104.44958,14.35698],[104.44197,14.3601],[104.43633,14.35825],[104.43122,14.36154],[104.42913,14.36509],[104.4265,14.36511],[104.42456,14.36792],[104.41499,14.37146],[104.4118,14.37113],[104.4065,14.36612],[104.39876,14.37411],[104.39553,14.37466],[104.38987,14.3743],[104.38124,14.36904],[104.36292,14.36966],[104.35673,14.37267],[104.34979,14.36882],[104.33239,14.36919],[104.32138,14.37481],[104.31817,14.37926],[104.31275,14.38271],[104.31012,14.38183],[104.30729,14.38297],[104.29127,14.40078],[104.28585,14.39957],[104.27681,14.40837],[104.27281,14.40762],[104.26658,14.39907],[104.26046,14.39915],[104.25732,14.39413],[104.2511,14.39152],[104.25245,14.38689],[104.24548,14.37603],[104.22119,14.36815],[104.20954,14.36826],[104.199,14.38317],[104.19424,14.38117],[104.18687,14.38478],[104.17076,14.37585],[104.17468,14.37128],[104.17233,14.36751],[104.1754,14.36219],[104.17413,14.35937],[104.16926,14.35724],[104.14377,14.3546],[104.13849,14.35643],[104.13649,14.35891],[104.13992,14.36713],[104.13719,14.37332],[104.13048,14.37598],[104.12171,14.37374],[104.10812,14.37848],[104.10639,14.37083],[104.09918,14.36755],[104.0947,14.35515],[104.09031,14.34935],[104.08529,14.34677],[104.07269,14.34448],[104.06811,14.34202],[104.05922,14.34447],[104.04918,14.34016],[104.04086,14.34146],[104.0368,14.33978],[104.03234,14.34031],[104.02844,14.33715],[104.02793,14.34031],[104.01796,14.3417],[104.01424,14.34364],[104.01026,14.34933],[104.01097,14.35371],[104.0076,14.35644],[104.00445,14.35614],[103.99936,14.35217],[103.99591,14.34511],[103.98719,14.34645],[103.98331,14.35371],[103.97912,14.35452],[103.97257,14.34994],[103.95051,14.35056],[103.94623,14.34146],[103.94759,14.33262],[103.94231,14.33003],[103.93671,14.33269],[103.92886,14.33184],[103.92174,14.33658],[103.91458,14.33546],[103.90833,14.33846],[103.89963,14.3377],[103.90127,14.34391],[103.90019,14.3455],[103.89436,14.3431],[103.88563,14.34299],[103.88373,14.33932],[103.88125,14.3383],[103.87611,14.34513],[103.87123,14.3477],[103.86801,14.35444],[103.85964,14.35794],[103.86196,14.36325],[103.86116,14.36587],[103.84802,14.3708],[103.83957,14.37151],[103.83483,14.36912],[103.8287,14.3599],[103.82823,14.35675],[103.83052,14.35371],[103.82827,14.35251],[103.81786,14.35597],[103.80873,14.35506],[103.80259,14.35652],[103.80405,14.36467],[103.80179,14.36966],[103.79438,14.36696],[103.78573,14.36643],[103.7784,14.36041],[103.7742,14.36004],[103.77434,14.3643],[103.76943,14.36673],[103.75862,14.37751],[103.75663,14.37736],[103.75109,14.37198],[103.74614,14.37814],[103.7418,14.37696],[103.73858,14.37869]]]},"properties":{"Region":"NE","px_type1":32301,"px_type2":247801,"area_rai1":18169.31,"area_rai2":139388.06,"area_aban":157557.38,"area_tot":219499507.12,"pct_aban":0.0718}},{"type":"Feature","geometry":{"type":"Polygon","coordinates":[[[100.28994,17.37599],[100.27829,17.37171],[100.26967,17.36649],[100.26278,17.35732],[100.25569,17.35883],[100.25148,17.35502],[100.24344,17.35194],[100.23891,17.3447],[100.24056,17.3373],[100.23742,17.31615],[100.24286,17.28992],[100.2466,17.2804],[100.24899,17.25565],[100.2532,17.25003],[100.25242,17.24392],[100.24621,17.2361],[100.22721,17.22419],[100.20624,17.20715],[100.18657,17.2063],[100.168,17.20186],[100.16334,17.17114],[100.16058,17.16583],[100.15547,17.16947],[100.15405,17.17713],[100.14914,17.17888],[100.15031,17.18462],[100.14851,17.1857],[100.13684,17.18048],[100.1294,17.1829],[100.1297,17.18506],[100.1205,17.18314],[100.10222,17.1886],[100.09125,17.18884],[100.07402,17.18304],[100.05245,17.18198],[100.04769,17.17899],[100.03661,17.18143],[100.03638,17.17835],[100.03203,17.17314],[100.03331,17.16773],[100.02927,17.16411],[100.02376,17.16535],[100.02384,17.15335],[100.01491,17.14279],[100.01421,17.13914],[100.00128,17.1395],[99.99614,17.13753],[99.9958,17.1413],[99.99779,17.14476],[100.00349,17.14737],[100.00918,17.14763],[100.00927,17.15026],[99.99963,17.15533],[99.99526,17.15578],[99.99284,17.15923],[99.98944,17.15837],[99.98512,17.16021],[99.98253,17.15538],[99.97395,17.1632],[99.97318,17.16473],[99.97491,17.16776],[99.98114,17.17453],[99.98364,17.18958],[99.9816,17.19311],[99.97326,17.19952],[99.97511,17.20793],[99.97126,17.21097],[99.97396,17.21276],[99.97963,17.21276],[99.98231,17.21608],[99.95824,17.23106],[99.97095,17.23758],[99.97345,17.24138],[99.96569,17.24219],[99.95642,17.24085],[99.95488,17.24278],[99.96301,17.25031],[99.9628,17.25915],[99.96609,17.26473],[99.96925,17.26588],[99.96911,17.26994],[99.97141,17.27056],[99.9747,17.27473],[99.97978,17.28495],[99.98643,17.28822],[99.99485,17.28905],[100.00028,17.29352],[100.0024,17.29751],[99.99604,17.30294],[99.99352,17.31387],[99.99608,17.32124],[100.00239,17.32567],[100.00975,17.32762],[100.01086,17.33077],[100.01186,17.33604],[100.00786,17.34326],[100.00422,17.34494],[100.00481,17.34796],[100.00078,17.35389],[100.00798,17.36073],[100.00512,17.36307],[100.00512,17.36674],[99.99966,17.36901],[100.00635,17.37369],[100.00987,17.37986],[100.00386,17.39127],[99.99649,17.3941],[99.99437,17.39865],[99.99153,17.40033],[99.99361,17.40411],[99.99076,17.4078],[99.99496,17.41057],[99.99635,17.41647],[100.00769,17.41837],[100.01636,17.41731],[100.01835,17.42269],[100.02728,17.42948],[100.03086,17.43567],[100.02922,17.4387],[100.03095,17.44407],[100.02711,17.45214],[100.02001,17.45862],[100.01694,17.45687],[100.0045,17.45675],[99.99901,17.46678],[99.99573,17.4681],[99.99065,17.46706],[99.98551,17.47191],[99.98127,17.47298],[99.98025,17.47519],[99.98208,17.48119],[99.98167,17.48622],[99.97995,17.48828],[99.97555,17.48923],[99.97571,17.49254],[99.97233,17.49594],[99.96681,17.49258],[99.96075,17.4971],[99.95998,17.5002],[99.95583,17.50378],[99.95599,17.50582],[99.95026,17.50335],[99.94836,17.49926],[99.94011,17.49539],[99.93734,17.5016],[99.93262,17.50701],[99.93091,17.51435],[99.93131,17.52279],[99.93743,17.53394],[99.94039,17.53555],[99.93977,17.53879],[99.9424,17.54512],[99.93369,17.55929],[99.92784,17.56399],[99.92418,17.57531],[99.92527,17.58032],[99.92403,17.58676],[99.94082,17.59215],[99.95615,17.60393],[99.9629,17.61272],[99.96781,17.61488],[99.97612,17.62239],[99.96713,17.62782],[99.96618,17.6326],[99.96865,17.6412],[99.9758,17.64918],[99.97765,17.65689],[99.97394,17.6627],[99.97483,17.67123],[99.96952,17.68245],[99.96597,17.69641],[99.96663,17.70281],[99.96317,17.70762],[99.96337,17.71133],[99.95587,17.71848],[99.95071,17.71947],[99.94503,17.72318],[99.9393,17.73449],[99.93477,17.73573],[99.92916,17.74511],[99.92621,17.74341],[99.92097,17.74743],[99.91398,17.75759],[99.91164,17.76447],[99.92255,17.76871],[99.92467,17.7746],[99.92054,17.78118],[99.92186,17.78655],[99.91616,17.79208],[99.91314,17.79121],[99.91335,17.79381],[99.91164,17.795],[99.90609,17.79349],[99.90394,17.79414],[99.90156,17.79791],[99.89876,17.79707],[99.89466,17.80557],[99.89076,17.80423],[99.88793,17.80709],[99.88467,17.80595],[99.88317,17.80761],[99.88252,17.80283],[99.87945,17.80302],[99.8779,17.80494],[99.87619,17.80369],[99.87623,17.80128],[99.87279,17.80383],[99.87036,17.80208],[99.86884,17.80497],[99.86793,17.80227],[99.86275,17.79973],[99.8609,17.80032],[99.86016,17.79803],[99.85734,17.79858],[99.85683,17.80188],[99.85245,17.79785],[99.8497,17.80161],[99.8449,17.8009],[99.84205,17.79795],[99.83852,17.80029],[99.83709,17.79686],[99.8347,17.79803],[99.83467,17.80046],[99.83211,17.80295],[99.82946,17.80066],[99.82486,17.80088],[99.82226,17.80279],[99.81965,17.80116],[99.81742,17.80316],[99.81382,17.80152],[99.81129,17.80388],[99.81058,17.80117],[99.80699,17.80245],[99.80395,17.80016],[99.802,17.79548],[99.79856,17.79583],[99.79665,17.79243],[99.79045,17.79097],[99.78819,17.79312],[99.78625,17.79102],[99.78219,17.79074],[99.78163,17.78812],[99.77909,17.78876],[99.77691,17.78732],[99.77586,17.78179],[99.77216,17.78026],[99.77316,17.77893],[99.7755,17.78022],[99.77643,17.77748],[99.77287,17.77539],[99.77135,17.7715],[99.76883,17.77123],[99.76495,17.76052],[99.76241,17.75967],[99.76123,17.76187],[99.76073,17.75824],[99.75577,17.75473],[99.75498,17.75205],[99.75049,17.75231],[99.75223,17.74953],[99.7564,17.74866],[99.75266,17.74457],[99.75167,17.73816],[99.74821,17.73517],[99.74494,17.73629],[99.74477,17.73298],[99.74172,17.73155],[99.74133,17.7282],[99.73508,17.72635],[99.73673,17.72385],[99.73595,17.72276],[99.73098,17.7233],[99.73042,17.72165],[99.7262,17.72157],[99.72421,17.72301],[99.72484,17.72559],[99.72309,17.72908],[99.72075,17.72963],[99.71975,17.73169],[99.71408,17.72902],[99.71532,17.73439],[99.71362,17.73677],[99.70967,17.73794],[99.70892,17.74154],[99.71012,17.74414],[99.70803,17.74792],[99.70892,17.75093],[99.70766,17.75647],[99.70631,17.7576],[99.69766,17.75575],[99.69609,17.75669],[99.68875,17.76969],[99.68521,17.77313],[99.68592,17.77798],[99.68096,17.78509],[99.6749,17.78874],[99.67068,17.79901],[99.65003,17.79628],[99.64513,17.80242],[99.64243,17.80176],[99.64051,17.80504],[99.63569,17.80593],[99.63523,17.80872],[99.62928,17.81467],[99.62706,17.81472],[99.62594,17.81286],[99.62166,17.81304],[99.61492,17.81783],[99.60809,17.81612],[99.60655,17.81937],[99.59884,17.82164],[99.58197,17.81588],[99.57123,17.81609],[99.56605,17.8113],[99.55196,17.81236],[99.54366,17.81076],[99.53965,17.80482],[99.51905,17.79732],[99.51653,17.7949],[99.51724,17.79193],[99.51457,17.78823],[99.51515,17.7827],[99.50506,17.78065],[99.50335,17.77751],[99.48729,17.76311],[99.48716,17.75746],[99.48451,17.75477],[99.48146,17.74473],[99.47136,17.73786],[99.47799,17.72451],[99.47383,17.71628],[99.47533,17.69722],[99.4728,17.69586],[99.47023,17.69076],[99.47638,17.67694],[99.47041,17.66973],[99.47028,17.66591],[99.46555,17.6613],[99.46228,17.66048],[99.45659,17.65571],[99.4509,17.65482],[99.44713,17.64349],[99.44993,17.63089],[99.44682,17.62277],[99.44744,17.61882],[99.44994,17.61636],[99.44981,17.61324],[99.45516,17.60869],[99.45309,17.60676],[99.45388,17.59871],[99.452,17.5979],[99.44702,17.59963],[99.44348,17.60296],[99.44044,17.60953],[99.42566,17.60906],[99.41896,17.59982],[99.4187,17.59528],[99.42245,17.59194],[99.41564,17.58387],[99.41585,17.57797],[99.41327,17.57382],[99.4151,17.57012],[99.42135,17.5687],[99.4284,17.56932],[99.43504,17.56341],[99.43022,17.54926],[99.43306,17.53982],[99.439,17.52844],[99.43107,17.52117],[99.4231,17.52035],[99.42107,17.5186],[99.42203,17.5158],[99.41854,17.50866],[99.41853,17.50488],[99.42141,17.50068],[99.41795,17.4944],[99.41916,17.48724],[99.41585,17.47987],[99.40784,17.47749],[99.40608,17.47012],[99.41332,17.45994],[99.41755,17.45796],[99.4145,17.44997],[99.41716,17.44835],[99.42049,17.44277],[99.42873,17.44038],[99.43424,17.43409],[99.44086,17.43564],[99.44271,17.43475],[99.43993,17.42135],[99.43031,17.41797],[99.42972,17.41297],[99.42728,17.40888],[99.43032,17.40092],[99.42933,17.39271],[99.4422,17.38914],[99.44491,17.38139],[99.44711,17.38085],[99.44876,17.37715],[99.45442,17.37287],[99.45572,17.36881],[99.45909,17.36976],[99.4695,17.36826],[99.47199,17.36367],[99.47035,17.357],[99.47297,17.35513],[99.47641,17.34112],[99.47721,17.329],[99.47361,17.32229],[99.46521,17.31554],[99.46176,17.31062],[99.45864,17.3097],[99.45623,17.31166],[99.45505,17.3097],[99.45616,17.30535],[99.45183,17.29615],[99.45145,17.29063],[99.45169,17.28098],[99.45345,17.27575],[99.45272,17.26915],[99.45502,17.26727],[99.45572,17.25448],[99.44956,17.2504],[99.44347,17.25337],[99.44113,17.25203],[99.44548,17.24287],[99.44026,17.23604],[99.43858,17.22962],[99.43579,17.22917],[99.43062,17.23233],[99.42743,17.23203],[99.42347,17.22759],[99.41883,17.2266],[99.41891,17.22319],[99.421,17.22088],[99.4194,17.21875],[99.40518,17.21915],[99.40092,17.2206],[99.39394,17.20649],[99.37794,17.20978],[99.37212,17.2137],[99.36954,17.2234],[99.37047,17.22633],[99.36721,17.23306],[99.36116,17.24024],[99.35816,17.24923],[99.35136,17.25514],[99.34658,17.25609],[99.34138,17.26173],[99.34023,17.2673],[99.33001,17.26572],[99.32654,17.26772],[99.32357,17.26642],[99.32102,17.26944],[99.31536,17.26929],[99.31358,17.27102],[99.30875,17.27018],[99.30318,17.27303],[99.30229,17.27814],[99.29783,17.28671],[99.29713,17.29206],[99.29976,17.29416],[99.29662,17.29815],[99.29662,17.30325],[99.29324,17.30803],[99.28678,17.31183],[99.285,17.31984],[99.27614,17.33174],[99.27797,17.33769],[99.27764,17.34514],[99.27455,17.34509],[99.27117,17.3487],[99.27042,17.36229],[99.27543,17.38117],[99.27089,17.3995],[99.268,17.40193],[99.26116,17.40544],[99.25003,17.40651],[99.23807,17.40258],[99.22934,17.40546],[99.22629,17.40503],[99.213,17.39104],[99.20633,17.38137],[99.20913,17.37406],[99.20754,17.36975],[99.19913,17.36463],[99.19551,17.35893],[99.19079,17.35632],[99.18891,17.35339],[99.17645,17.3484],[99.17615,17.34165],[99.17209,17.33622],[99.15709,17.34613],[99.15273,17.34765],[99.15185,17.34491],[99.14701,17.35431],[99.14176,17.35997],[99.13417,17.3615],[99.12789,17.36526],[99.1213,17.36455],[99.11517,17.36889],[99.1139,17.37266],[99.11274,17.37049],[99.11347,17.3632],[99.10933,17.35875],[99.10257,17.36597],[99.08805,17.37648],[99.07637,17.37234],[99.0676,17.37712],[99.06485,17.38356],[99.05722,17.38781],[99.04851,17.38608],[99.04301,17.38893],[99.04157,17.39052],[99.04337,17.39455],[99.04123,17.39803],[99.03406,17.40299],[99.03221,17.41076],[99.02257,17.4107],[99.01814,17.41185],[99.01681,17.41423],[99.01209,17.41469],[99.01347,17.4231],[99.00676,17.42865],[99.00513,17.4356],[99.00097,17.43862],[98.9966,17.44521],[98.99299,17.44692],[98.99218,17.45248],[98.98758,17.45488],[98.98559,17.46007],[98.97952,17.46584],[98.96899,17.46482],[98.96268,17.46662],[98.95914,17.46303],[98.95583,17.47459],[98.94592,17.46863],[98.93749,17.47064],[98.9368,17.4746],[98.93126,17.47421],[98.93216,17.48363],[98.9294,17.48499],[98.92629,17.49276],[98.92991,17.49513],[98.92661,17.49941],[98.92646,17.50345],[98.92828,17.50622],[98.92157,17.51196],[98.92439,17.52672],[98.92129,17.53028],[98.91391,17.53216],[98.90992,17.53628],[98.89908,17.52905],[98.89405,17.51884],[98.89074,17.51905],[98.88947,17.51395],[98.88199,17.50953],[98.87881,17.4984],[98.88061,17.49558],[98.87916,17.4912],[98.87012,17.4906],[98.87161,17.49311],[98.86966,17.50055],[98.85929,17.51092],[98.85427,17.51367],[98.83922,17.5149],[98.83324,17.51241],[98.83049,17.51496],[98.8287,17.51458],[98.81764,17.50926],[98.81441,17.49938],[98.81232,17.49826],[98.79631,17.499],[98.78557,17.49612],[98.77865,17.4927],[98.77728,17.48942],[98.76311,17.48409],[98.75656,17.47839],[98.75428,17.47069],[98.7493,17.46792],[98.74167,17.46874],[98.72603,17.46374],[98.71835,17.46543],[98.71266,17.45485],[98.70915,17.45389],[98.70343,17.44833],[98.69925,17.43414],[98.69094,17.42607],[98.69073,17.43236],[98.68872,17.43721],[98.68061,17.44688],[98.68269,17.45188],[98.68213,17.45987],[98.68794,17.47437],[98.69957,17.47877],[98.70151,17.48312],[98.70507,17.48569],[98.70418,17.49473],[98.70549,17.49994],[98.69803,17.50992],[98.69647,17.5148],[98.70176,17.52316],[98.70273,17.5277],[98.70145,17.53282],[98.7039,17.54289],[98.70213,17.55592],[98.69541,17.57434],[98.69388,17.58518],[98.68597,17.59122],[98.68269,17.59598],[98.6836,17.60222],[98.68978,17.61461],[98.68786,17.62487],[98.69126,17.63005],[98.68443,17.64474],[98.6844,17.64833],[98.6892,17.65542],[98.6838,17.66445],[98.68718,17.66718],[98.69779,17.66679],[98.72489,17.67666],[98.73051,17.68181],[98.7371,17.68237],[98.74502,17.68982],[98.74386,17.70065],[98.73831,17.70807],[98.7249,17.71624],[98.72521,17.72374],[98.72373,17.72589],[98.71683,17.73237],[98.70715,17.73793],[98.70338,17.74308],[98.70191,17.74758],[98.70498,17.75288],[98.7053,17.76102],[98.69728,17.76861],[98.69418,17.77482],[98.68727,17.7798],[98.68365,17.79881],[98.67897,17.80434],[98.67456,17.81728],[98.6713,17.81962],[98.67242,17.82924],[98.67065,17.83328],[98.66081,17.82985],[98.65872,17.8264],[98.65483,17.82703],[98.64845,17.81755],[98.63872,17.81437],[98.63531,17.80432],[98.63156,17.8002],[98.63367,17.79327],[98.63099,17.78377],[98.62456,17.77652],[98.62186,17.77985],[98.61926,17.77872],[98.61372,17.78019],[98.61045,17.78467],[98.60789,17.78537],[98.60621,17.79117],[98.59672,17.80342],[98.59139,17.8042],[98.58954,17.80074],[98.58217,17.80019],[98.57896,17.80834],[98.57101,17.81057],[98.57066,17.80662],[98.56555,17.80126],[98.56474,17.79793],[98.56026,17.79584],[98.54388,17.81121],[98.53186,17.81423],[98.52338,17.82131],[98.52228,17.82425],[98.5176,17.82493],[98.51385,17.82338],[98.51525,17.81869],[98.51424,17.81578],[98.50908,17.81216],[98.50368,17.81573],[98.49605,17.8161],[98.49199,17.81135],[98.49312,17.80303],[98.4964,17.7978],[98.50312,17.79369],[98.50552,17.79408],[98.50665,17.79052],[98.50985,17.78799],[98.50802,17.78227],[98.50915,17.77106],[98.50571,17.76777],[98.50368,17.75891],[98.50577,17.75303],[98.51724,17.73588],[98.51623,17.73],[98.51918,17.72584],[98.52075,17.71486],[98.52365,17.71224],[98.52528,17.70733],[98.52437,17.70107],[98.52189,17.69749],[98.5233,17.69112],[98.52186,17.68016],[98.52497,17.66612],[98.52835,17.661],[98.52724,17.65773],[98.5315,17.64731],[98.5322,17.63861],[98.52929,17.63399],[98.53175,17.62127],[98.5334,17.62093],[98.5319,17.61785],[98.54473,17.61479],[98.56626,17.59636],[98.57323,17.58661],[98.57422,17.58096],[98.57951,17.57316],[98.58644,17.57127],[98.5934,17.55565],[98.59928,17.55255],[98.60918,17.55384],[98.62005,17.54926],[98.61614,17.53938],[98.61461,17.52898],[98.60787,17.52615],[98.59961,17.51662],[98.59504,17.51473],[98.60336,17.50704],[98.61196,17.50175],[98.61364,17.49419],[98.61152,17.49052],[98.61198,17.48717],[98.61624,17.484],[98.62623,17.47029],[98.62879,17.46452],[98.62822,17.46243],[98.63069,17.45913],[98.63402,17.45911],[98.63455,17.45599],[98.641,17.4506],[98.64043,17.44861],[98.64199,17.4484],[98.64258,17.4507],[98.64459,17.4502],[98.64595,17.44605],[98.63459,17.44141],[98.62787,17.4286],[98.62196,17.42549],[98.62614,17.41835],[98.6223,17.41451],[98.61637,17.416],[98.61379,17.41472],[98.599,17.41875],[98.59586,17.41778],[98.59343,17.42138],[98.59031,17.42015],[98.57749,17.42031],[98.57122,17.41623],[98.56884,17.41875],[98.56629,17.42641],[98.56471,17.426],[98.56283,17.42891],[98.55416,17.42939],[98.54756,17.43252],[98.55437,17.42771],[98.55702,17.42025],[98.5539,17.40824],[98.55559,17.39816],[98.53952,17.36696],[98.53919,17.36142],[98.54247,17.35645],[98.54839,17.35402],[98.55448,17.35611],[98.56304,17.35173],[98.56314,17.34837],[98.55883,17.34596],[98.5551,17.33775],[98.55984,17.32314],[98.55904,17.31543],[98.55669,17.31382],[98.556,17.31062],[98.56092,17.30913],[98.55699,17.29708],[98.56219,17.29661],[98.56393,17.29882],[98.57063,17.30166],[98.57623,17.30122],[98.57893,17.29458],[98.57578,17.29112],[98.5757,17.28701],[98.57393,17.28451],[98.56619,17.28533],[98.56341,17.28249],[98.55265,17.28161],[98.54411,17.28299],[98.53604,17.27561],[98.53247,17.27434],[98.52385,17.27698],[98.51966,17.28109],[98.51,17.27934],[98.5033,17.27985],[98.497,17.27273],[98.49263,17.27261],[98.49011,17.27027],[98.48862,17.27255],[98.48118,17.27339],[98.47826,17.27671],[98.47402,17.27502],[98.46076,17.27567],[98.459,17.27288],[98.45575,17.27272],[98.45591,17.27018],[98.45382,17.26921],[98.44985,17.27132],[98.44518,17.26857],[98.44083,17.26884],[98.43902,17.26563],[98.43606,17.26614],[98.43542,17.26095],[98.43017,17.25717],[98.42633,17.25652],[98.42095,17.25287],[98.41272,17.25223],[98.41005,17.24746],[98.40635,17.24807],[98.40181,17.24518],[98.39695,17.24687],[98.39262,17.24232],[98.37689,17.25569],[98.37569,17.26138],[98.37073,17.26701],[98.35905,17.27278],[98.35813,17.27501],[98.361,17.28846],[98.35606,17.28934],[98.35081,17.29402],[98.33835,17.29704],[98.33082,17.30154],[98.32659,17.30802],[98.32225,17.31065],[98.32104,17.31869],[98.31728,17.32153],[98.33198,17.32897],[98.33023,17.34041],[98.33418,17.34878],[98.32458,17.35902],[98.32324,17.36269],[98.31763,17.36532],[98.31688,17.37263],[98.31997,17.37563],[98.3192,17.37949],[98.30309,17.39238],[98.29978,17.39977],[98.29166,17.40746],[98.29753,17.41225],[98.30213,17.41271],[98.30588,17.41064],[98.31019,17.41376],[98.32284,17.41671],[98.32437,17.42458],[98.32752,17.42931],[98.31973,17.43534],[98.31979,17.44423],[98.32305,17.44899],[98.32497,17.46057],[98.32965,17.4705],[98.3274,17.48903],[98.32093,17.50014],[98.31692,17.50312],[98.31647,17.51077],[98.31291,17.51705],[98.31475,17.52696],[98.30651,17.53315],[98.309,17.53584],[98.30814,17.54364],[98.30544,17.54994],[98.29889,17.55303],[98.29916,17.55877],[98.30246,17.5657],[98.29838,17.57589],[98.28401,17.57556],[98.27096,17.57956],[98.2654,17.57871],[98.2618,17.57419],[98.25656,17.57345],[98.25234,17.56974],[98.24957,17.56501],[98.2494,17.55799],[98.24092,17.55526],[98.23866,17.54974],[98.23322,17.54999],[98.22703,17.54559],[98.21757,17.54686],[98.21322,17.54186],[98.20922,17.54012],[98.20198,17.53967],[98.19689,17.54261],[98.18804,17.5394],[98.18672,17.53744],[98.18253,17.53856],[98.17865,17.53732],[98.17474,17.54331],[98.16695,17.5472],[98.14997,17.54123],[98.14247,17.54251],[98.13609,17.54165],[98.13098,17.54669],[98.13179,17.55014],[98.12903,17.55206],[98.12972,17.55447],[98.12578,17.55885],[98.1269,17.56736],[98.11213,17.57737],[98.11293,17.58121],[98.10902,17.5819],[98.10655,17.5873],[98.1101,17.59252],[98.10629,17.5944],[98.10631,17.59742],[98.10324,17.60008],[98.10465,17.60352],[98.10725,17.60476],[98.10502,17.60811],[98.10674,17.61129],[98.0994,17.61493],[98.1016,17.62238],[98.09757,17.62199],[98.09015,17.63642],[98.08743,17.63562],[98.07398,17.64518],[98.07265,17.6476],[98.06722,17.64946],[98.06207,17.64851],[98.06326,17.65099],[98.06189,17.65607],[98.05907,17.65761],[98.05755,17.66244],[98.05198,17.66687],[98.04655,17.66451],[98.04741,17.669],[98.04486,17.67014],[98.04323,17.67475],[98.04041,17.67532],[98.04311,17.68055],[98.03913,17.68688],[98.04048,17.68943],[98.03886,17.69442],[98.0316,17.7013],[98.03157,17.71001],[98.02988,17.71124],[98.02503,17.70947],[98.02333,17.71047],[98.02757,17.7209],[98.022,17.72469],[98.02108,17.73262],[98.01545,17.73295],[98.01402,17.7396],[98.02077,17.73595],[98.02165,17.73876],[98.01582,17.7472],[98.01187,17.74899],[98.01471,17.75541],[98.01031,17.75659],[98.008,17.76277],[98.01048,17.76556],[98.01016,17.76927],[98.00594,17.775],[97.99628,17.7763],[97.99951,17.78011],[97.99613,17.78595],[97.99216,17.78353],[97.98946,17.78619],[97.99418,17.78683],[97.99492,17.78827],[97.99212,17.79097],[97.99034,17.7965],[97.98695,17.79834],[97.98568,17.80707],[97.99138,17.81011],[97.97992,17.81378],[97.98019,17.82292],[97.97523,17.82302],[97.97736,17.83086],[97.9813,17.83234],[97.98255,17.83667],[97.97478,17.84801],[97.97208,17.84644],[97.97042,17.8477],[97.97023,17.85168],[97.96721,17.85729],[97.97362,17.86409],[97.97037,17.86781],[97.96866,17.86805],[97.9657,17.86475],[97.96337,17.86608],[97.9569,17.86414],[97.95378,17.86048],[97.93655,17.85754],[97.91868,17.85844],[97.91233,17.85442],[97.9074,17.84002],[97.90184,17.83605],[97.89919,17.8317],[97.89986,17.82803],[97.90642,17.81836],[97.90609,17.8145],[97.90289,17.81011],[97.89546,17.80424],[97.88555,17.80087],[97.8777,17.79495],[97.87087,17.79422],[97.86807,17.78885],[97.86264,17.78986],[97.86094,17.78535],[97.8561,17.78417],[97.84734,17.77851],[97.82709,17.78064],[97.8169,17.78608],[97.80559,17.77972],[97.79558,17.77706],[97.78591,17.78477],[97.7725,17.77808],[97.76233,17.77628],[97.75817,17.77805],[97.75265,17.77753],[97.7483,17.78203],[97.74601,17.78159],[97.7464,17.78595],[97.74261,17.78481],[97.73287,17.79668],[97.72315,17.80004],[97.7183,17.80709],[97.72024,17.81542],[97.7182,17.81853],[97.70911,17.8184],[97.70373,17.81568],[97.6996,17.81917],[97.69274,17.83107],[97.69306,17.84058],[97.67452,17.87042],[97.67203,17.88218],[97.67633,17.89301],[97.68541,17.90827],[97.68669,17.92348],[97.68926,17.9274],[97.70773,17.94632],[97.72723,17.95072],[97.73522,17.9574],[97.73776,17.97399],[97.73649,17.9862],[97.72988,17.99981],[97.7209,18.01202],[97.72378,18.02219],[97.71149,18.04124],[97.70689,18.05652],[97.69773,18.06563],[97.69298,18.06544],[97.68656,18.05903],[97.68125,18.06451],[97.68008,18.07403],[97.68452,18.07801],[97.68969,18.07925],[97.69059,18.08773],[97.68878,18.09412],[97.67819,18.11364],[97.67598,18.16039],[97.66642,18.17027],[97.65666,18.17285],[97.65009,18.17929],[97.64282,18.19257],[97.62585,18.20903],[97.61577,18.22176],[97.60968,18.23617],[97.60859,18.2418],[97.61157,18.25132],[97.63319,18.2709],[97.63897,18.27961],[97.63948,18.28568],[97.63692,18.292],[97.62647,18.30928],[97.61852,18.31911],[97.61293,18.32071],[97.60422,18.32691],[97.59321,18.33198],[97.58179,18.33346],[97.57504,18.33857],[97.56726,18.33663],[97.5589,18.33901],[97.54975,18.33311],[97.53923,18.29365],[97.53204,18.28101],[97.5211,18.2733],[97.50812,18.26708],[97.50434,18.26633],[97.50089,18.26834],[97.48431,18.29083],[97.46652,18.30423],[97.46046,18.3122],[97.45198,18.32872],[97.44808,18.33059],[97.44613,18.33407],[97.44393,18.34161],[97.44427,18.35073],[97.44162,18.35771],[97.45139,18.37779],[97.45194,18.39038],[97.44682,18.39515],[97.44046,18.40486],[97.43658,18.4066],[97.4297,18.40645],[97.42518,18.41008],[97.41999,18.42345],[97.41734,18.43733],[97.41406,18.4423],[97.40181,18.45155],[97.39886,18.4578],[97.394,18.4736],[97.39121,18.49132],[97.38432,18.50976],[97.3722,18.52348],[97.3623,18.52656],[97.35778,18.53024],[97.3527,18.53511],[97.35101,18.54108],[97.3463,18.54609],[97.34443,18.55542],[97.34381,18.57553],[97.35668,18.5902],[97.36151,18.5996],[97.36327,18.59009],[97.36152,18.56815],[97.36288,18.55924],[97.3827,18.55859],[97.39418,18.56073],[97.39804,18.56494],[97.40428,18.56587],[97.40551,18.56039],[97.40923,18.55462],[97.41348,18.55222],[97.41804,18.55217],[97.42746,18.54412],[97.4292,18.52406],[97.43669,18.51992],[97.43576,18.51263],[97.43688,18.50644],[97.44391,18.5011],[97.44562,18.49492],[97.4537,18.49381],[97.45931,18.49959],[97.46588,18.49746],[97.4701,18.5002],[97.47177,18.50388],[97.4807,18.50752],[97.48281,18.51022],[97.48462,18.50822],[97.49155,18.50911],[97.49846,18.49592],[97.50128,18.49377],[97.50951,18.49273],[97.51061,18.49492],[97.5182,18.49823],[97.52254,18.49509],[97.52779,18.49616],[97.53318,18.49134],[97.53707,18.49247],[97.54068,18.50151],[97.53903,18.50402],[97.5434,18.514],[97.54397,18.52603],[97.54598,18.52964],[97.54944,18.53055],[97.55296,18.5276],[97.55859,18.52674],[97.56402,18.52147],[97.56753,18.52467],[97.56748,18.527],[97.57215,18.53444],[97.57988,18.53251],[97.58579,18.53307],[97.58774,18.53725],[97.59042,18.53825],[97.59483,18.53547],[97.60504,18.53626],[97.60635,18.54287],[97.61368,18.54457],[97.61923,18.54248],[97.61907,18.53944],[97.62094,18.53947],[97.62277,18.54398],[97.61454,18.55525],[97.6149,18.56087],[97.62734,18.5653],[97.63588,18.55904],[97.64072,18.56229],[97.64092,18.56498],[97.64311,18.56598],[97.64446,18.56981],[97.65004,18.57098],[97.65103,18.5769],[97.65575,18.57756],[97.65867,18.57509],[97.66702,18.57539],[97.67055,18.57321],[97.67521,18.57693],[97.67877,18.57479],[97.68257,18.57539],[97.69294,18.56998],[97.70106,18.56927],[97.7082,18.57218],[97.71474,18.57125],[97.7165,18.57304],[97.72254,18.57373],[97.72352,18.57746],[97.72241,18.57922],[97.72551,18.58376],[97.73197,18.58606],[97.73431,18.58576],[97.73839,18.57955],[97.74342,18.57793],[97.74901,18.57824],[97.7532,18.57603],[97.75689,18.57775],[97.76844,18.57823],[97.76702,18.58211],[97.76825,18.58646],[97.76644,18.58848],[97.7693,18.59095],[97.77186,18.59836],[97.77158,18.60347],[97.76892,18.60476],[97.77405,18.61009],[97.77378,18.61886],[97.76996,18.62137],[97.77085,18.62804],[97.76699,18.63224],[97.77105,18.63705],[97.76848,18.64372],[97.77165,18.64619],[97.77227,18.6552],[97.76818,18.66332],[97.76741,18.66859],[97.77273,18.6754],[97.77077,18.68185],[97.77374,18.6893],[97.76933,18.70069],[97.76672,18.70194],[97.76501,18.70896],[97.75858,18.71174],[97.75452,18.72108],[97.75473,18.73051],[97.7522,18.73764],[97.75348,18.74151],[97.75768,18.7447],[97.75944,18.75129],[97.75851,18.75421],[97.7637,18.75794],[97.76184,18.76307],[97.75384,18.76652],[97.75475,18.77024],[97.75259,18.77333],[97.75446,18.77801],[97.754,18.78538],[97.74926,18.79053],[97.74851,18.79776],[97.75283,18.8081],[97.74727,18.80974],[97.74552,18.812],[97.74271,18.82283],[97.73914,18.82786],[97.74634,18.83415],[97.74644,18.83902],[97.74871,18.84418],[97.74436,18.84999],[97.74505,18.85436],[97.74777,18.85717],[97.74106,18.86097],[97.7396,18.86592],[97.74164,18.88128],[97.73689,18.88696],[97.73068,18.88525],[97.72083,18.88627],[97.71371,18.89295],[97.71083,18.89794],[97.70556,18.89985],[97.70419,18.89809],[97.69775,18.9053],[97.69717,18.91081],[97.69258,18.9127],[97.68943,18.91627],[97.69091,18.91997],[97.68987,18.92534],[97.6747,18.93068],[97.67126,18.92934],[97.66794,18.93169],[97.66935,18.93395],[97.66704,18.93839],[97.67141,18.94178],[97.66827,18.94537],[97.66859,18.94753],[97.67621,18.94755],[97.68428,18.9529],[97.69157,18.9486],[97.70218,18.95857],[97.70769,18.95787],[97.70552,18.96769],[97.71072,18.96649],[97.71592,18.96955],[97.71816,18.96718],[97.72189,18.96717],[97.72632,18.97434],[97.73114,18.97251],[97.73801,18.97881],[97.73893,18.98084],[97.73526,18.98451],[97.73774,18.9967],[97.73655,19.00368],[97.73753,19.00875],[97.73565,19.01489],[97.73957,19.02176],[97.7399,19.02626],[97.73769,19.02904],[97.73908,19.03567],[97.73597,19.04083],[97.74342,19.04238],[97.74775,19.03891],[97.75289,19.04218],[97.75987,19.03867],[97.76921,19.04466],[97.77171,19.05504],[97.76897,19.06272],[97.76514,19.06592],[97.76978,19.07305],[97.781,19.07594],[97.78461,19.07302],[97.79218,19.07379],[97.79616,19.07693],[97.7987,19.08251],[97.80205,19.08533],[97.80839,19.08599],[97.81199,19.09115],[97.82362,19.09061],[97.83455,19.09295],[97.8369,19.09485],[97.83818,19.10042],[97.83752,19.10824],[97.84032,19.11257],[97.84065,19.11728],[97.83507,19.1366],[97.83783,19.13943],[97.83821,19.14417],[97.84306,19.14536],[97.84542,19.1498],[97.84221,19.15436],[97.8433,19.16026],[97.84045,19.16248],[97.84128,19.16705],[97.83909,19.1703],[97.84466,19.18246],[97.84105,19.18741],[97.83843,19.19525],[97.83933,19.19836],[97.84556,19.20166],[97.84551,19.21566],[97.84225,19.22027],[97.84192,19.22474],[97.82717,19.22863],[97.82661,19.23702],[97.81774,19.23825],[97.81542,19.2404],[97.81018,19.25287],[97.78955,19.26382],[97.78407,19.26358],[97.78292,19.26701],[97.78645,19.27116],[97.78631,19.27373],[97.78892,19.27433],[97.79154,19.28353],[97.79649,19.28315],[97.80199,19.28851],[97.80613,19.28725],[97.80669,19.28368],[97.8107,19.27947],[97.81315,19.28284],[97.81774,19.28443],[97.82125,19.28206],[97.82626,19.28259],[97.83231,19.29088],[97.84253,19.28943],[97.8434,19.29137],[97.84094,19.30065],[97.83448,19.29997],[97.8298,19.30324],[97.82873,19.31021],[97.82419,19.31544],[97.82556,19.32288],[97.82201,19.32874],[97.81694,19.33002],[97.81499,19.33295],[97.8118,19.33383],[97.81087,19.33737],[97.81404,19.3398],[97.80935,19.34247],[97.80856,19.34569],[97.80463,19.34729],[97.79862,19.353],[97.80181,19.36366],[97.80063,19.37106],[97.80602,19.37566],[97.80303,19.37971],[97.80442,19.38498],[97.80304,19.38815],[97.79963,19.38856],[97.79288,19.39412],[97.78694,19.39475],[97.78579,19.39886],[97.78795,19.40301],[97.80227,19.40438],[97.80511,19.4065],[97.80641,19.41075],[97.81323,19.4127],[97.81619,19.41917],[97.82186,19.42264],[97.82678,19.42987],[97.82806,19.44075],[97.83353,19.4477],[97.8368,19.44879],[97.83876,19.45388],[97.8442,19.45781],[97.84506,19.4612],[97.85028,19.46605],[97.8583,19.46902],[97.85868,19.4722],[97.86057,19.47299],[97.86002,19.47953],[97.86143,19.48172],[97.86705,19.48429],[97.87189,19.48444],[97.87478,19.48885],[97.87291,19.49177],[97.8739,19.49584],[97.87956,19.49635],[97.88062,19.49809],[97.88852,19.50105],[97.87968,19.50675],[97.87578,19.50617],[97.87364,19.50963],[97.87516,19.51324],[97.87274,19.51541],[97.86936,19.5153],[97.86781,19.5238],[97.8551,19.53199],[97.8565,19.55192],[97.85921,19.55895],[97.86307,19.56357],[97.85939,19.57011],[97.86214,19.57545],[97.86838,19.5782],[97.87411,19.57788],[97.87976,19.58114],[97.89077,19.57688],[97.90288,19.57878],[97.90915,19.58361],[97.91429,19.58525],[97.91963,19.58486],[97.92599,19.58942],[97.92832,19.58877],[97.94325,19.59766],[97.95078,19.594],[97.9601,19.59354],[97.9592,19.59627],[97.96098,19.59875],[97.97127,19.60021],[97.97531,19.60292],[97.97583,19.6102],[97.9739,19.61248],[97.97596,19.61709],[97.97254,19.6227],[97.97522,19.62973],[97.97381,19.63464],[97.98032,19.63466],[97.98399,19.64055],[97.99784,19.63625],[98.00043,19.63309],[98.00407,19.63612],[98.01364,19.63597],[98.01455,19.63976],[98.0185,19.63714],[98.0267,19.63721],[98.02673,19.64095],[98.03861,19.64343],[98.03977,19.64925],[98.04398,19.65272],[98.04471,19.65578],[98.04304,19.66519],[98.03186,19.67249],[98.03384,19.67798],[98.02979,19.6838],[98.02867,19.68845],[98.03122,19.69146],[98.03091,19.69661],[98.03469,19.7002],[98.02847,19.70766],[98.02573,19.71464],[98.02676,19.71857],[98.02529,19.72235],[98.02993,19.72312],[98.03174,19.72495],[98.0298,19.73497],[98.03367,19.74118],[98.03275,19.74534],[98.03501,19.75008],[98.03362,19.75424],[98.03808,19.76429],[98.03723,19.7688],[98.03428,19.77229],[98.03531,19.77949],[98.03353,19.7823],[98.03372,19.7875],[98.03599,19.79388],[98.04011,19.79867],[98.03664,19.80099],[98.03506,19.80571],[98.04421,19.80855],[98.04857,19.81509],[98.05247,19.81178],[98.05507,19.80553],[98.05861,19.80328],[98.06473,19.80417],[98.06705,19.80951],[98.08268,19.81056],[98.08475,19.80951],[98.08653,19.80484],[98.08377,19.79211],[98.09136,19.79005],[98.10077,19.77182],[98.11346,19.77309],[98.11586,19.77922],[98.12382,19.77935],[98.12816,19.78401],[98.13594,19.78697],[98.13856,19.7862],[98.1399,19.78218],[98.14541,19.77976],[98.15117,19.77369],[98.15766,19.77086],[98.16368,19.77253],[98.16903,19.76963],[98.17908,19.75983],[98.18356,19.75986],[98.18352,19.74961],[98.19261,19.73735],[98.19841,19.73832],[98.20286,19.73224],[98.21063,19.7313],[98.21672,19.72497],[98.22263,19.72445],[98.22497,19.72715],[98.22866,19.72725],[98.23105,19.72085],[98.23058,19.71817],[98.23442,19.71549],[98.23797,19.70946],[98.23671,19.70557],[98.23218,19.70129],[98.23249,19.69382],[98.24768,19.67673],[98.25299,19.67886],[98.2597,19.6783],[98.26873,19.68388],[98.27814,19.68186],[98.28743,19.68508],[98.29131,19.6841],[98.29229,19.68168],[98.29645,19.68257],[98.30033,19.68676],[98.30813,19.68765],[98.32368,19.69838],[98.33113,19.697],[98.333,19.69361],[98.33762,19.69372],[98.33877,19.69634],[98.3457,19.69834],[98.34821,19.69742],[98.34969,19.69415],[98.35629,19.69583],[98.35867,19.69377],[98.3654,19.69342],[98.36963,19.68961],[98.37177,19.68972],[98.3766,19.69711],[98.38395,19.70063],[98.38793,19.7007],[98.39326,19.70414],[98.40438,19.70027],[98.40644,19.69498],[98.41462,19.69295],[98.41998,19.69603],[98.42353,19.69553],[98.42572,19.69252],[98.42749,19.6952],[98.43537,19.69652],[98.44072,19.69354],[98.44569,19.69325],[98.45302,19.69662],[98.46035,19.69775],[98.46358,19.69299],[98.46655,19.69243],[98.46844,19.69465],[98.47318,19.69454],[98.48573,19.70449],[98.49785,19.7056],[98.50667,19.70938],[98.50943,19.71752],[98.51952,19.71493],[98.52578,19.70599],[98.52974,19.70496],[98.53341,19.69602],[98.53914,19.69227],[98.53869,19.68808],[98.54938,19.68599],[98.55214,19.68272],[98.55783,19.67988],[98.55932,19.67461],[98.56314,19.67423],[98.56722,19.67102],[98.56789,19.68012],[98.57158,19.68808],[98.57111,19.69494],[98.57335,19.69802],[98.57256,19.70358],[98.57632,19.70326],[98.59097,19.71483],[98.60119,19.71285],[98.60896,19.70856],[98.61528,19.71064],[98.61726,19.71701],[98.62416,19.71296],[98.62827,19.71539],[98.62664,19.72786],[98.63302,19.72766],[98.63701,19.73102],[98.64405,19.73269],[98.65427,19.73928],[98.66112,19.73394],[98.66114,19.73644],[98.66576,19.74017],[98.6644,19.74675],[98.66655,19.74884],[98.67218,19.7511],[98.68018,19.74909],[98.68536,19.75388],[98.69563,19.75433],[98.70394,19.75736],[98.71196,19.76819],[98.7146,19.76398],[98.71875,19.76151],[98.72941,19.76056],[98.73301,19.75624],[98.73985,19.75332],[98.74277,19.75551],[98.74686,19.75577],[98.75085,19.76004],[98.75812,19.75682],[98.77027,19.7549],[98.77449,19.7522],[98.77814,19.75235],[98.78107,19.754],[98.78173,19.75725],[98.78652,19.76056],[98.78801,19.76444],[98.79276,19.76853],[98.79632,19.77584],[98.80507,19.77636],[98.80783,19.77962],[98.81233,19.78039],[98.8231,19.78813],[98.8298,19.79499],[98.82819,19.80192],[98.83154,19.80918],[98.83391,19.81177],[98.83945,19.81333],[98.84954,19.80775],[98.85033,19.80141],[98.85627,19.79643],[98.87178,19.79122],[98.87197,19.78551],[98.87561,19.78227],[98.88406,19.78128],[98.88976,19.77507],[98.89541,19.77274],[98.8987,19.76556],[98.90239,19.76638],[98.90605,19.76311],[98.90972,19.7637],[98.91099,19.76167],[98.91978,19.76237],[98.92693,19.76785],[98.9302,19.77388],[98.93994,19.76894],[98.95153,19.76914],[98.94977,19.76534],[98.94607,19.76287],[98.95329,19.75793],[98.95589,19.751],[98.97023,19.74569],[98.97651,19.74014],[98.98746,19.73946],[98.99187,19.74361],[98.98919,19.74646],[98.98984,19.75348],[98.99127,19.75496],[98.9885,19.75685],[98.98752,19.7634],[98.98938,19.76603],[98.99251,19.78383],[98.99429,19.78562],[98.99407,19.79339],[98.99686,19.79373],[98.99683,19.78213],[99.00385,19.78155],[99.00625,19.78859],[99.01679,19.79537],[99.0251,19.82497],[99.03111,19.83301],[99.02905,19.83928],[99.03386,19.85007],[99.03225,19.85425],[99.02456,19.86379],[99.02745,19.89185],[99.02264,19.90393],[99.02697,19.91389],[99.02405,19.91746],[99.02269,19.92681],[99.02419,19.92877],[99.03036,19.92664],[99.03446,19.92995],[99.04349,19.93176],[99.04076,19.94075],[99.04382,19.94526],[99.04341,19.9503],[99.03757,19.96631],[99.03061,19.97155],[99.03537,19.97889],[99.03603,19.98781],[99.03786,19.99195],[99.05452,20.00286],[99.04652,20.0086],[99.04648,20.01261],[99.04366,20.01709],[99.04351,20.02027],[99.04564,20.02401],[99.04431,20.03736],[99.0483,20.046],[99.05367,20.05025],[99.05679,20.06298],[99.06689,20.06755],[99.06982,20.08206],[99.06748,20.08748],[99.06942,20.09239],[99.07615,20.10051],[99.08119,20.10169],[99.08286,20.09879],[99.09057,20.09734],[99.09373,20.10465],[99.09543,20.1054],[99.10021,20.09767],[99.10452,20.09774],[99.1084,20.09808],[99.11193,20.10075],[99.11888,20.10076],[99.12555,20.10422],[99.13099,20.10413],[99.13171,20.10608],[99.12835,20.10933],[99.12665,20.11822],[99.14479,20.12266],[99.14929,20.12786],[99.15982,20.13294],[99.16487,20.13003],[99.17089,20.13233],[99.17305,20.12944],[99.18132,20.12685],[99.19094,20.12668],[99.20006,20.13096],[99.21258,20.1306],[99.22101,20.12435],[99.22191,20.11998],[99.22602,20.1196],[99.23167,20.12517],[99.23581,20.12266],[99.24247,20.11372],[99.24927,20.11175],[99.25299,20.114],[99.25825,20.11314],[99.26287,20.10534],[99.26879,20.10302],[99.27727,20.09595],[99.28214,20.09438],[99.29442,20.08213],[99.30642,20.07851],[99.31583,20.07024],[99.3228,20.06951],[99.33206,20.07376],[99.33898,20.07201],[99.3421,20.07404],[99.34793,20.07457],[99.35435,20.07993],[99.36757,20.08317],[99.38024,20.0891],[99.39994,20.08618],[99.40453,20.088],[99.41354,20.08783],[99.41536,20.09174],[99.42029,20.09274],[99.42748,20.08897],[99.43461,20.09093],[99.43888,20.09016],[99.44142,20.09223],[99.44335,20.0981],[99.45406,20.09814],[99.46193,20.10402],[99.46498,20.10419],[99.46955,20.10733],[99.48447,20.10895],[99.49224,20.11482],[99.49894,20.11593],[99.49918,20.12246],[99.49503,20.1311],[99.49626,20.1332],[99.50086,20.13516],[99.51022,20.14702],[99.51286,20.14699],[99.51189,20.15208],[99.51837,20.15251],[99.53178,20.14609],[99.53892,20.14737],[99.53738,20.15386],[99.53959,20.16089],[99.53823,20.16495],[99.54178,20.17286],[99.54619,20.17298],[99.55271,20.17864],[99.55659,20.19559],[99.56056,20.20078],[99.56097,20.20421],[99.56375,20.20607],[99.55582,20.21674],[99.55011,20.21613],[99.54431,20.21779],[99.54178,20.22458],[99.53389,20.23178],[99.52311,20.23257],[99.52119,20.25012],[99.51638,20.25587],[99.51882,20.25953],[99.51817,20.26506],[99.50991,20.28514],[99.50986,20.28856],[99.50526,20.29432],[99.50709,20.30045],[99.50626,20.30757],[99.50961,20.31414],[99.5073,20.32592],[99.49655,20.3417],[99.48339,20.34993],[99.47563,20.35139],[99.46791,20.35991],[99.45862,20.36377],[99.45858,20.37979],[99.4609,20.38786],[99.45922,20.39422],[99.47381,20.39555],[99.48949,20.38538],[99.49307,20.38457],[99.49675,20.3858],[99.49811,20.38368],[99.5008,20.38333],[99.50169,20.37986],[99.5095,20.37313],[99.51073,20.36832],[99.51366,20.36766],[99.51637,20.36246],[99.52616,20.36225],[99.5331,20.35768],[99.53941,20.35589],[99.54844,20.35765],[99.55399,20.35651],[99.55784,20.35801],[99.56107,20.35267],[99.57499,20.34883],[99.57659,20.34537],[99.58362,20.34254],[99.59334,20.34282],[99.59726,20.33898],[99.60344,20.33777],[99.6054,20.33493],[99.61271,20.33185],[99.61407,20.33634],[99.61959,20.33644],[99.62267,20.33858],[99.63,20.33628],[99.63432,20.34174],[99.64234,20.34167],[99.64436,20.3438],[99.64836,20.34205],[99.64959,20.33606],[99.6529,20.33515],[99.65706,20.3287],[99.66151,20.3263],[99.66536,20.32643],[99.66769,20.3235],[99.67287,20.32196],[99.67558,20.31805],[99.68132,20.31662],[99.68488,20.31787],[99.68553,20.32033],[99.69908,20.32672],[99.70517,20.32645],[99.70988,20.32412],[99.71429,20.32783],[99.71872,20.32781],[99.7205,20.33125],[99.7188,20.33397],[99.71794,20.34203],[99.72118,20.34528],[99.72541,20.34564],[99.73097,20.35009],[99.73997,20.34514],[99.74494,20.34637],[99.75778,20.33928],[99.76253,20.34228],[99.77085,20.34156],[99.77709,20.3349],[99.81058,20.33588],[99.81297,20.34307],[99.82726,20.35578],[99.83145,20.3672],[99.83693,20.37296],[99.84057,20.37394],[99.84135,20.38558],[99.8392,20.38919],[99.84127,20.3968],[99.84044,20.40111],[99.84323,20.40542],[99.84933,20.40907],[99.85882,20.41969],[99.86245,20.43131],[99.86443,20.43347],[99.86022,20.44096],[99.86136,20.44271],[99.8655,20.44616],[99.8683,20.44636],[99.87341,20.44396],[99.88498,20.446],[99.89126,20.44535],[99.89378,20.44309],[99.89358,20.44616],[99.89576,20.44625],[99.89761,20.44888],[99.90264,20.44703],[99.90572,20.44964],[99.90614,20.44838],[99.91621,20.44974],[99.91608,20.44792],[99.9215,20.44578],[99.92246,20.4483],[99.92627,20.44923],[99.92938,20.45428],[99.93325,20.456],[99.93428,20.45429],[99.93955,20.45501],[99.95614,20.46464],[99.9602,20.4649],[99.96137,20.4617],[99.9633,20.46298],[99.96376,20.46125],[99.96612,20.46143],[99.96429,20.4595],[99.96495,20.45756],[99.96677,20.45729],[99.96882,20.46008],[99.97036,20.45886],[99.96683,20.45494],[99.97067,20.45434],[99.97638,20.44884],[99.98037,20.45015],[99.97735,20.4451],[99.97412,20.44407],[99.97742,20.44262],[99.97731,20.4394],[99.97856,20.44189],[99.98126,20.44174],[99.98414,20.43764],[99.98735,20.4383],[99.98538,20.43567],[99.98974,20.43556],[99.98435,20.43383],[99.98769,20.43169],[99.98524,20.42916],[99.98978,20.42674],[99.99228,20.4273],[99.98732,20.42319],[99.99491,20.42162],[99.98982,20.41821],[99.99806,20.4189],[99.99964,20.41612],[100.00357,20.41515],[100.00322,20.41255],[100.00456,20.41277],[100.00525,20.41664],[100.00845,20.41852],[100.00944,20.41686],[100.01183,20.4168],[100.01026,20.41345],[100.01379,20.41493],[100.01838,20.41301],[100.01896,20.41151],[100.01702,20.40947],[100.01926,20.40661],[100.02311,20.40572],[100.02396,20.40792],[100.02503,20.40515],[100.03063,20.40228],[100.03011,20.40062],[100.0317,20.4003],[100.03356,20.40258],[100.03345,20.39934],[100.03565,20.4013],[100.036,20.39822],[100.04023,20.3934],[100.04101,20.39819],[100.04299,20.39846],[100.04504,20.39216],[100.05099,20.39326],[100.05434,20.38806],[100.05653,20.38974],[100.05544,20.39422],[100.05648,20.39635],[100.06004,20.39625],[100.06198,20.3922],[100.0668,20.39421],[100.06335,20.39109],[100.0641,20.3855],[100.06634,20.38553],[100.07018,20.38988],[100.07222,20.38819],[100.069,20.38331],[100.06579,20.38177],[100.06765,20.37904],[100.06678,20.37491],[100.07049,20.3749],[100.07727,20.38061],[100.07852,20.38023],[100.07684,20.37382],[100.08606,20.36863],[100.07999,20.36536],[100.07934,20.36327],[100.08096,20.35717],[100.08465,20.35315],[100.08651,20.34394],[100.09316,20.32931],[100.09638,20.31746],[100.09598,20.30214],[100.09064,20.278],[100.09194,20.26768],[100.10348,20.25573],[100.11163,20.25054],[100.15613,20.24436],[100.17198,20.24582],[100.17671,20.25247],[100.18085,20.26491],[100.17575,20.27832],[100.16788,20.28622],[100.16683,20.29635],[100.16869,20.29975],[100.17601,20.30443],[100.19129,20.3099],[100.21156,20.31218],[100.22104,20.31676],[100.22686,20.32504],[100.22917,20.33187],[100.22407,20.34649],[100.22612,20.35416],[100.23159,20.35911],[100.24668,20.36808],[100.24941,20.37455],[100.24955,20.38564],[100.26611,20.39902],[100.27412,20.40091],[100.3013,20.39735],[100.31437,20.40207],[100.31882,20.39916],[100.33146,20.39822],[100.34179,20.38798],[100.35143,20.38129],[100.35214,20.37856],[100.35541,20.37811],[100.35954,20.36766],[100.35924,20.35511],[100.36812,20.35501],[100.37295,20.35344],[100.37553,20.35082],[100.37687,20.33689],[100.38141,20.32346],[100.38204,20.31578],[100.38544,20.30918],[100.39309,20.30085],[100.39726,20.29171],[100.40708,20.28083],[100.41318,20.25675],[100.41765,20.25136],[100.42612,20.24565],[100.44455,20.23664],[100.45341,20.23002],[100.45664,20.22267],[100.4536,20.21108],[100.45351,20.20447],[100.45529,20.19906],[100.46672,20.19689],[100.47517,20.1912],[100.4809,20.18326],[100.48967,20.17663],[100.49502,20.16708],[100.50148,20.16048],[100.50812,20.15038],[100.51707,20.14443],[100.52478,20.14309],[100.52889,20.14394],[100.54043,20.15863],[100.54588,20.16898],[100.55228,20.17555],[100.55755,20.1742],[100.56028,20.17612],[100.56478,20.17614],[100.57767,20.1687],[100.57525,20.14987],[100.57236,20.14391],[100.57307,20.14126],[100.57122,20.13665],[100.57152,20.12464],[100.56854,20.11477],[100.57028,20.10612],[100.56881,20.1018],[100.56966,20.0983],[100.56563,20.09522],[100.5605,20.08622],[100.5605,20.07602],[100.55415,20.05433],[100.55414,20.04742],[100.55109,20.04352],[100.55022,20.03879],[100.55159,20.03144],[100.54192,20.02222],[100.54131,20.01829],[100.54338,20.01234],[100.54104,20.00352],[100.53879,20.00176],[100.53674,19.99607],[100.53781,19.9939],[100.53412,19.98822],[100.5292,19.9713],[100.52646,19.96772],[100.52564,19.95853],[100.51788,19.94617],[100.51618,19.94039],[100.51661,19.93604],[100.52231,19.92923],[100.52034,19.91512],[100.51377,19.90897],[100.52002,19.90343],[100.51531,19.89915],[100.5124,19.8905],[100.50058,19.88334],[100.5008,19.87075],[100.49798,19.86677],[100.49514,19.86509],[100.48719,19.86486],[100.4739,19.85661],[100.46281,19.85734],[100.4502,19.84834],[100.44214,19.83607],[100.44875,19.82641],[100.44435,19.82176],[100.44432,19.81599],[100.44075,19.80896],[100.44325,19.80542],[100.43863,19.79148],[100.43337,19.78739],[100.4268,19.78749],[100.41538,19.78184],[100.40405,19.75308],[100.40409,19.74139],[100.40664,19.73593],[100.41681,19.73212],[100.41936,19.72856],[100.42544,19.72846],[100.43074,19.72175],[100.43719,19.71954],[100.43953,19.71163],[100.44528,19.70685],[100.4441,19.70287],[100.43736,19.69666],[100.43046,19.68415],[100.42834,19.67277],[100.44337,19.66252],[100.4421,19.6533],[100.44441,19.64943],[100.44226,19.64339],[100.44263,19.6353],[100.4474,19.62817],[100.45567,19.62786],[100.45994,19.61929],[100.46809,19.61483],[100.47682,19.61342],[100.48277,19.60941],[100.48142,19.60455],[100.48608,19.59811],[100.48662,19.59394],[100.48444,19.58726],[100.49066,19.58223],[100.4918,19.57842],[100.4897,19.56977],[100.48147,19.55945],[100.48311,19.55478],[100.48245,19.54879],[100.48744,19.54286],[100.50117,19.53816],[100.50848,19.53099],[100.51226,19.52387],[100.51931,19.52243],[100.52347,19.51885],[100.52954,19.52027],[100.53357,19.52428],[100.53955,19.52287],[100.54492,19.51945],[100.54935,19.51945],[100.5574,19.51023],[100.56693,19.50669],[100.5749,19.49931],[100.58072,19.4991],[100.5885,19.50541],[100.59615,19.50727],[100.59903,19.51063],[100.60146,19.51573],[100.60302,19.53031],[100.61096,19.53459],[100.60854,19.54801],[100.61406,19.55094],[100.6246,19.55266],[100.62966,19.55514],[100.63638,19.556],[100.64508,19.55459],[100.65141,19.55677],[100.65784,19.55198],[100.66023,19.54769],[100.67219,19.54949],[100.67519,19.5466],[100.68158,19.54493],[100.68459,19.54184],[100.69149,19.5393],[100.69611,19.53493],[100.70313,19.53439],[100.70798,19.53583],[100.71118,19.53077],[100.71441,19.53068],[100.72266,19.52635],[100.73041,19.52554],[100.73481,19.52146],[100.74026,19.52008],[100.74183,19.51614],[100.75191,19.51081],[100.7579,19.51158],[100.75972,19.50787],[100.75632,19.50408],[100.76419,19.5012],[100.7657,19.48955],[100.77059,19.48713],[100.77993,19.49339],[100.78356,19.50049],[100.79189,19.5105],[100.79667,19.51399],[100.80211,19.51524],[100.81241,19.52368],[100.81626,19.52487],[100.81961,19.53288],[100.8254,19.53777],[100.82674,19.5434],[100.83138,19.5448],[100.83484,19.55087],[100.83885,19.55301],[100.8401,19.55777],[100.84814,19.56863],[100.86022,19.57355],[100.86111,19.57606],[100.8588,19.58197],[100.86605,19.58544],[100.86544,19.58959],[100.86972,19.59025],[100.87143,19.59635],[100.87391,19.59806],[100.87317,19.60041],[100.87851,19.6017],[100.87822,19.60569],[100.88289,19.60592],[100.88773,19.62424],[100.89353,19.63422],[100.90158,19.63243],[100.90798,19.62933],[100.90897,19.62744],[100.9134,19.6267],[100.91674,19.62186],[100.92577,19.62575],[100.92939,19.62556],[100.93413,19.6228],[100.93859,19.62576],[100.95444,19.62397],[100.9582,19.62511],[100.97346,19.61946],[100.98195,19.62753],[100.98977,19.62529],[100.99729,19.62667],[101.00193,19.62243],[101.00625,19.6238],[101.01445,19.62033],[101.02003,19.62347],[101.02374,19.63013],[101.03485,19.6292],[101.03833,19.62496],[101.04278,19.62536],[101.05308,19.62003],[101.05549,19.62185],[101.06142,19.62001],[101.06223,19.61701],[101.06679,19.61322],[101.0674,19.60464],[101.07021,19.60313],[101.07873,19.60456],[101.08682,19.59996],[101.09013,19.59681],[101.0917,19.58734],[101.0963,19.58485],[101.1013,19.58629],[101.11631,19.58439],[101.1179,19.58151],[101.11627,19.57905],[101.12263,19.57282],[101.12802,19.57587],[101.13995,19.5789],[101.14703,19.5778],[101.15308,19.5812],[101.15996,19.58093],[101.16331,19.58298],[101.16661,19.58115],[101.1697,19.58568],[101.17961,19.57839],[101.18588,19.57938],[101.19177,19.57654],[101.19741,19.57701],[101.20462,19.58854],[101.20247,19.59162],[101.20433,19.59613],[101.20328,19.59983],[101.20768,19.60565],[101.21689,19.6024],[101.22116,19.6027],[101.22544,19.60511],[101.22837,19.60311],[101.23377,19.60252],[101.24369,19.60341],[101.24582,19.60069],[101.24652,19.59451],[101.25603,19.59094],[101.26169,19.59337],[101.27082,19.5868],[101.28078,19.58221],[101.28038,19.57713],[101.28772,19.56781],[101.27398,19.5504],[101.28066,19.53708],[101.28472,19.53416],[101.2853,19.52749],[101.27814,19.52034],[101.27483,19.51223],[101.27017,19.5108],[101.27017,19.50773],[101.26747,19.50393],[101.26857,19.50021],[101.26681,19.49102],[101.26978,19.48528],[101.26616,19.47645],[101.26595,19.47053],[101.24745,19.47442],[101.24363,19.47263],[101.2389,19.47305],[101.23702,19.47442],[101.2364,19.47798],[101.22845,19.47726],[101.22481,19.47225],[101.21981,19.47447],[101.21678,19.47324],[101.21383,19.47586],[101.2107,19.47364],[101.21147,19.4644],[101.20509,19.45837],[101.20917,19.45445],[101.20801,19.44901],[101.21256,19.44476],[101.21025,19.4385],[101.21503,19.43195],[101.19898,19.40667],[101.19491,19.40605],[101.19631,19.39967],[101.19116,19.40255],[101.18719,19.40043],[101.18695,19.39758],[101.19044,19.38617],[101.19044,19.37766],[101.19751,19.37194],[101.20204,19.36392],[101.20532,19.35014],[101.21486,19.3475],[101.21927,19.34396],[101.22853,19.34669],[101.23297,19.33557],[101.24166,19.32601],[101.23591,19.3234],[101.23183,19.31888],[101.22729,19.30602],[101.22995,19.2964],[101.23988,19.28417],[101.23887,19.28176],[101.24319,19.26835],[101.24298,19.26481],[101.24758,19.25608],[101.25,19.24294],[101.25965,19.23063],[101.25412,19.22099],[101.25337,19.21133],[101.25051,19.20619],[101.2523,19.19225],[101.24505,19.1803],[101.24897,19.1736],[101.253,19.17041],[101.25451,19.15411],[101.25757,19.14908],[101.2585,19.13931],[101.25419,19.13168],[101.25673,19.12487],[101.27169,19.11397],[101.28422,19.11038],[101.28888,19.10472],[101.29354,19.10379],[101.29788,19.09742],[101.29661,19.09548],[101.2978,19.09392],[101.31604,19.07982],[101.3203,19.08088],[101.32537,19.07983],[101.32643,19.07307],[101.33148,19.07195],[101.33274,19.06816],[101.33884,19.07049],[101.341,19.06903],[101.35043,19.05202],[101.35702,19.04983],[101.35426,19.04862],[101.35518,19.04559],[101.34869,19.03575],[101.34536,19.02572],[101.34062,19.02168],[101.33958,19.0101],[101.33606,19.00479],[101.32632,19.0022],[101.31029,19.00237],[101.30622,18.99755],[101.30529,18.98868],[101.30075,18.98756],[101.2931,18.9819],[101.29114,18.97715],[101.29417,18.97274],[101.29199,18.9663],[101.29667,18.95499],[101.29311,18.95158],[101.29621,18.94662],[101.29609,18.9417],[101.29106,18.93538],[101.28125,18.93591],[101.27843,18.93189],[101.27409,18.93021],[101.27561,18.92182],[101.27464,18.91838],[101.26469,18.91058],[101.26137,18.91025],[101.25354,18.90566],[101.24569,18.88845],[101.2458,18.8862],[101.24845,18.88395],[101.24895,18.8763],[101.25182,18.87184],[101.25198,18.8683],[101.25477,18.86533],[101.25202,18.86289],[101.2538,18.85701],[101.25241,18.85382],[101.25429,18.84839],[101.25026,18.84126],[101.24575,18.83835],[101.24535,18.83445],[101.24299,18.83211],[101.24736,18.82564],[101.24802,18.81767],[101.25837,18.80921],[101.25459,18.80475],[101.24912,18.79166],[101.2494,18.78826],[101.25189,18.78511],[101.24909,18.77591],[101.25245,18.77174],[101.2436,18.77026],[101.23772,18.75923],[101.23871,18.75144],[101.23589,18.74152],[101.22514,18.73505],[101.2241,18.73263],[101.22803,18.72612],[101.23293,18.72219],[101.23229,18.71707],[101.23427,18.71243],[101.24606,18.71179],[101.25321,18.70603],[101.25666,18.70575],[101.26097,18.7004],[101.26784,18.69797],[101.27224,18.68844],[101.26735,18.6869],[101.26611,18.68341],[101.25904,18.67812],[101.25779,18.66946],[101.25343,18.66598],[101.25024,18.65741],[101.24185,18.65164],[101.24291,18.64269],[101.24177,18.63943],[101.23533,18.63529],[101.22612,18.62434],[101.21856,18.62456],[101.21379,18.61936],[101.19081,18.61548],[101.18224,18.61176],[101.17924,18.60535],[101.18191,18.60244],[101.17997,18.58893],[101.18673,18.57924],[101.18469,18.57109],[101.18199,18.56837],[101.18308,18.56062],[101.1796,18.55838],[101.17469,18.55998],[101.17043,18.55672],[101.1665,18.55704],[101.16165,18.55479],[101.15765,18.55523],[101.14855,18.55255],[101.14852,18.54272],[101.14205,18.53812],[101.13831,18.52827],[101.12722,18.52439],[101.1154,18.52751],[101.10852,18.52538],[101.10365,18.52132],[101.0982,18.5082],[101.09843,18.50302],[101.09147,18.49899],[101.09093,18.49308],[101.09373,18.48411],[101.09324,18.47951],[101.08281,18.47605],[101.08035,18.47098],[101.07442,18.46646],[101.0732,18.46317],[101.06738,18.46034],[101.06639,18.45622],[101.06356,18.45529],[101.05772,18.44531],[101.05413,18.44256],[101.05665,18.43596],[101.05243,18.42642],[101.05891,18.42192],[101.06908,18.41007],[101.07623,18.40774],[101.07964,18.40411],[101.0841,18.39595],[101.08269,18.39257],[101.08288,18.38449],[101.08581,18.38071],[101.09408,18.38141],[101.10075,18.37546],[101.10621,18.37467],[101.1096,18.37118],[101.11296,18.37184],[101.11559,18.3699],[101.1186,18.37134],[101.12419,18.36797],[101.13224,18.3658],[101.1486,18.347],[101.15402,18.34905],[101.16244,18.34536],[101.16776,18.34657],[101.17664,18.34143],[101.17959,18.34222],[101.1821,18.34047],[101.17999,18.33472],[101.18188,18.3324],[101.17991,18.32761],[101.17554,18.32558],[101.17558,18.3222],[101.17386,18.32037],[101.16899,18.32124],[101.16464,18.31343],[101.15951,18.31065],[101.16069,18.30484],[101.14995,18.29823],[101.14832,18.29448],[101.15321,18.28967],[101.15617,18.28365],[101.16047,18.28292],[101.16307,18.27821],[101.15132,18.26941],[101.14401,18.25965],[101.15965,18.2457],[101.15977,18.24072],[101.16215,18.23779],[101.16245,18.23377],[101.16656,18.23055],[101.16626,18.22536],[101.16396,18.22237],[101.16532,18.21771],[101.17276,18.21705],[101.17924,18.22456],[101.18287,18.22304],[101.19256,18.21331],[101.18405,18.19649],[101.18365,18.19038],[101.17733,18.18107],[101.17659,18.17663],[101.17827,18.17334],[101.17297,18.16433],[101.17494,18.16235],[101.17012,18.14957],[101.16893,18.13984],[101.16099,18.1239],[101.16597,18.11287],[101.16474,18.10489],[101.17438,18.08899],[101.17177,18.08566],[101.1727,18.07588],[101.17596,18.07089],[101.18058,18.07056],[101.18369,18.06673],[101.18348,18.06391],[101.17561,18.05339],[101.17674,18.05029],[101.16061,18.03004],[101.15891,18.02999],[101.1553,18.03758],[101.14965,18.03603],[101.14574,18.02995],[101.14081,18.02664],[101.13935,18.0211],[101.13252,18.01368],[101.12956,18.00608],[101.12121,17.99859],[101.11742,17.97734],[101.11865,17.97363],[101.11736,17.97087],[101.11455,17.97152],[101.11681,17.96488],[101.11735,17.95135],[101.10367,17.94653],[101.0946,17.93596],[101.09527,17.93129],[101.09092,17.92983],[101.08864,17.92542],[101.07761,17.92393],[101.07112,17.92026],[101.07058,17.91394],[101.06615,17.91415],[101.0644,17.91677],[101.05997,17.91394],[101.0472,17.91329],[101.03042,17.90115],[101.02849,17.90159],[101.02688,17.89731],[101.01888,17.89143],[101.01658,17.88402],[101.02097,17.88283],[101.01736,17.87791],[101.02602,17.87218],[101.02924,17.8657],[101.03479,17.86028],[101.03304,17.85942],[101.03295,17.85154],[101.03001,17.84701],[101.03101,17.84335],[101.02935,17.83838],[101.03237,17.83411],[101.02789,17.82881],[101.01866,17.82927],[101.01618,17.82717],[101.00081,17.82305],[100.99891,17.82074],[100.99987,17.81692],[100.99266,17.80397],[100.99815,17.80053],[101.00255,17.79488],[101.00293,17.7901],[101.00637,17.78449],[100.99918,17.77052],[100.99612,17.77142],[100.9913,17.76832],[100.98148,17.76794],[100.9784,17.76446],[100.97748,17.75339],[100.98623,17.74886],[100.98842,17.74326],[100.98411,17.72966],[100.97712,17.71647],[100.96554,17.70498],[100.95498,17.70056],[100.94619,17.69993],[100.94015,17.70161],[100.92501,17.69612],[100.92177,17.69998],[100.91452,17.69898],[100.90899,17.70168],[100.90614,17.71346],[100.90451,17.71512],[100.88931,17.71569],[100.87475,17.71133],[100.86791,17.70435],[100.86618,17.69904],[100.85784,17.68899],[100.85477,17.68152],[100.85258,17.68061],[100.85285,17.67425],[100.84993,17.66739],[100.84596,17.66339],[100.84643,17.66022],[100.84445,17.65923],[100.84491,17.65626],[100.84278,17.65373],[100.83674,17.64833],[100.81244,17.64364],[100.80668,17.63939],[100.80223,17.63842],[100.80167,17.63421],[100.78988,17.61334],[100.78478,17.60627],[100.7805,17.60564],[100.77606,17.60077],[100.77399,17.59564],[100.77405,17.58335],[100.76664,17.57994],[100.76535,17.5706],[100.75979,17.56896],[100.75709,17.56495],[100.74701,17.55827],[100.7437,17.55389],[100.73993,17.54208],[100.72431,17.53434],[100.71069,17.53237],[100.68966,17.52266],[100.68477,17.51464],[100.67062,17.50207],[100.66245,17.49887],[100.65846,17.499],[100.65039,17.49288],[100.6422,17.49303],[100.64175,17.48963],[100.64497,17.48486],[100.64378,17.48152],[100.64559,17.47416],[100.64188,17.47271],[100.62882,17.47453],[100.62178,17.46862],[100.61836,17.46843],[100.61399,17.46526],[100.60937,17.45908],[100.60263,17.44463],[100.60192,17.43742],[100.60342,17.42802],[100.59237,17.42044],[100.58564,17.41888],[100.58271,17.42075],[100.57073,17.42202],[100.56826,17.41993],[100.5636,17.41967],[100.56123,17.41684],[100.55146,17.41438],[100.54716,17.41623],[100.54181,17.41566],[100.53794,17.41777],[100.53716,17.41509],[100.5323,17.41445],[100.53068,17.41707],[100.52808,17.41564],[100.52894,17.41182],[100.52736,17.4129],[100.52178,17.41022],[100.52219,17.40806],[100.51668,17.40958],[100.51557,17.40814],[100.51651,17.40671],[100.51361,17.40383],[100.50739,17.40956],[100.50712,17.41539],[100.50496,17.41815],[100.50556,17.42157],[100.50034,17.42872],[100.49667,17.42629],[100.49499,17.42263],[100.484,17.41771],[100.47893,17.41774],[100.47548,17.42009],[100.47011,17.42099],[100.45287,17.41866],[100.44777,17.42415],[100.43499,17.41845],[100.43071,17.41882],[100.42701,17.42142],[100.42002,17.41107],[100.40705,17.40723],[100.40019,17.40323],[100.3957,17.4027],[100.39147,17.40442],[100.38858,17.40091],[100.36893,17.38966],[100.3544,17.38694],[100.34813,17.3927],[100.34267,17.38686],[100.33784,17.38967],[100.32982,17.3865],[100.33054,17.37912],[100.32363,17.3685],[100.30624,17.38193],[100.29677,17.37447],[100.28994,17.37599]],[[99.1279,18.9193],[99.1279,18.9193],[99.12791,18.91944],[99.1279,18.9193]],[[99.1279,18.91988],[99.1279,18.91988],[99.1279,18.91988],[99.1279,18.91988]],[[99.12775,18.92318],[99.12783,18.92269],[99.12779,18.92296],[99.12775,18.92318]],[[99.12754,18.91796],[99.12775,18.91861],[99.12753,18.91787],[99.12754,18.91796]],[[99.12771,18.91611],[99.12753,18.91678],[99.12771,18.91544],[99.12771,18.91611]],[[99.12767,18.92352],[99.12767,18.92352],[99.12764,18.92359],[99.12767,18.92352]],[[99.12659,18.91333],[99.12659,18.91333],[99.12719,18.91415],[99.12659,18.91333]],[[99.12601,18.91266],[99.12556,18.91244],[99.12601,18.91266],[99.12601,18.91266]],[[99.12298,18.9274],[99.12298,18.9274],[99.12285,18.92752],[99.12298,18.9274]],[[99.12315,18.88735],[99.12315,18.88735],[99.12315,18.88735],[99.12315,18.88735]],[[99.1229,18.91033],[99.12272,18.91015],[99.1229,18.91033],[99.1229,18.91033]],[[99.12204,18.88454],[99.12252,18.88492],[99.12162,18.8844],[99.12204,18.88454]],[[99.12197,18.92873],[99.12197,18.92873],[99.12194,18.92881],[99.12197,18.92873]],[[99.12173,18.93324],[99.1218,18.93276],[99.1218,18.93276],[99.12173,18.93324]],[[99.11929,18.88442],[99.11929,18.88442],[99.11991,18.88438],[99.11929,18.88442]],[[99.12046,18.88432],[99.12046,18.88432],[99.12145,18.88436],[99.12046,18.88432]],[[99.12032,18.90784],[99.12032,18.90784],[99.12108,18.90865],[99.12032,18.90784]],[[99.1191,18.93693],[99.11937,18.93672],[99.11915,18.9369],[99.1191,18.93693]],[[99.12022,18.936],[99.12022,18.936],[99.12039,18.93578],[99.12022,18.936]],[[99.11996,18.89155],[99.11996,18.89155],[99.11984,18.8916],[99.11996,18.89155]],[[99.12017,18.88125],[99.12016,18.8812],[99.12017,18.88125],[99.12017,18.88125]],[[99.11907,18.90678],[99.11961,18.90723],[99.11893,18.90664],[99.11907,18.90678]],[[99.11985,18.90742],[99.11985,18.90742],[99.11989,18.90745],[99.11985,18.90742]],[[99.11617,18.87989],[99.11617,18.87989],[99.11677,18.88013],[99.11617,18.87989]],[[99.11677,18.88013],[99.11915,18.88023],[99.11957,18.88031],[99.11961,18.88034],[99.11677,18.88013]],[[99.11868,18.9063],[99.11868,18.9063],[99.11881,18.90648],[99.11868,18.9063]],[[99.11848,18.9014],[99.11848,18.9014],[99.11858,18.90155],[99.11848,18.9014]],[[99.11844,18.93735],[99.11844,18.93735],[99.11839,18.93738],[99.11844,18.93735]],[[99.11835,18.90552],[99.11845,18.90589],[99.11835,18.90552],[99.11835,18.90552]],[[99.11827,18.89219],[99.11827,18.89219],[99.11814,18.89225],[99.11827,18.89219]],[[99.11785,18.89871],[99.11785,18.89871],[99.11785,18.89878],[99.11785,18.89871]],[[99.11776,18.89243],[99.11776,18.89243],[99.11769,18.89247],[99.11776,18.89243]],[[99.1162,18.89718],[99.1162,18.89718],[99.11634,18.8973],[99.1162,18.89718]],[[99.1159,18.93858],[99.1159,18.93858],[99.11585,18.93861],[99.1159,18.93858]],[[99.11585,18.89381],[99.11585,18.89381],[99.11539,18.89435],[99.11585,18.89381]],[[99.11519,18.89583],[99.11519,18.89583],[99.11526,18.89596],[99.11519,18.89583]],[[99.11438,18.87891],[99.11472,18.87907],[99.11438,18.87891],[99.11339,18.87857],[99.11289,18.87835],[99.11438,18.87891]],[[99.11242,18.87835],[99.11242,18.87835],[99.1121,18.87835],[99.11242,18.87835]],[[99.11194,18.94],[99.11194,18.94],[99.11179,18.93994],[99.11194,18.94]],[[99.11073,18.87793],[99.11171,18.87829],[99.11062,18.87785],[99.11073,18.87793]],[[99.11094,18.9394],[99.11094,18.9394],[99.1108,18.9393],[99.11094,18.9394]],[[99.10915,18.87664],[99.10915,18.87664],[99.10941,18.87675],[99.10915,18.87664]],[[99.10987,18.87721],[99.10987,18.87721],[99.11024,18.87754],[99.10987,18.87721]],[[99.10861,18.87647],[99.10861,18.87647],[99.10871,18.8765],[99.10861,18.87647]],[[99.10804,18.87628],[99.10514,18.87428],[99.1051,18.87411],[99.10804,18.87628]],[[99.10072,18.86669],[99.10072,18.86669],[99.10113,18.86737],[99.10144,18.86789],[99.10146,18.86795],[99.10072,18.86669]],[[99.09976,18.94699],[99.09976,18.94699],[99.09965,18.9471],[99.09976,18.94699]],[[99.09889,18.94774],[99.09895,18.94771],[99.09895,18.94771],[99.09889,18.94774]],[[99.09876,18.86304],[99.09876,18.86304],[99.09889,18.86319],[99.09876,18.86304]],[[99.09765,18.86181],[99.09765,18.86181],[99.09816,18.86239],[99.09765,18.86181]],[[99.09707,18.8612],[99.09707,18.8612],[99.09717,18.8613],[99.09707,18.8612]],[[99.0971,18.85501],[99.0971,18.85501],[99.09713,18.85519],[99.0971,18.85501]],[[99.09674,18.8545],[99.09674,18.8545],[99.09687,18.85468],[99.09674,18.8545]],[[99.09636,18.94845],[99.09636,18.94845],[99.09608,18.94849],[99.09636,18.94845]],[[99.09632,18.8598],[99.09632,18.8598],[99.09644,18.86019],[99.09632,18.8598]],[[99.09443,18.85344],[99.09443,18.85344],[99.09526,18.8538],[99.09443,18.85344]],[[99.09164,18.94935],[99.09164,18.94935],[99.09078,18.94954],[99.09164,18.94935]],[[99.07544,18.84377],[99.08105,18.84694],[99.08765,18.85008],[99.0914,18.85196],[99.07544,18.84377]],[[99.08629,19.0029],[99.08631,19.0028],[99.08629,19.0029],[99.08629,19.0029]],[[99.08619,19.0021],[99.08617,19.00208],[99.08619,19.0021],[99.08619,19.0021]],[[99.08499,19.00165],[99.08499,19.00165],[99.08531,19.00165],[99.08499,19.00165]],[[99.08427,18.95219],[99.08435,18.95215],[99.08427,18.95219],[99.08427,18.95219]],[[99.0826,19.00017],[99.08329,19.00109],[99.08385,19.00121],[99.08413,19.00141],[99.0826,19.00017]],[[99.08402,19.00535],[99.08402,19.00535],[99.08395,19.00543],[99.08402,19.00535]],[[99.08369,18.95286],[99.08369,18.95286],[99.08359,18.95297],[99.08369,18.95286]],[[99.083,19.01787],[99.083,19.01787],[99.08298,19.01791],[99.083,19.01787]],[[99.08277,18.95449],[99.08277,18.95449],[99.08275,18.95469],[99.08277,18.95449]],[[99.08263,19.01886],[99.08263,19.01886],[99.0825,19.01914],[99.08263,19.01886]],[[99.08253,18.95648],[99.08253,18.95648],[99.08251,18.95727],[99.08253,18.95648]],[[99.08224,18.95968],[99.08224,18.95968],[99.08217,18.95976],[99.08224,18.95968]],[[99.08177,19.01532],[99.08228,19.01555],[99.08159,19.01524],[99.08177,19.01532]],[[99.08215,19.03527],[99.08215,19.03527],[99.08211,19.03514],[99.08215,19.03527]],[[99.08198,18.99945],[99.08198,18.99945],[99.08216,18.99964],[99.08198,18.99945]],[[99.08203,19.02013],[99.08203,19.02013],[99.08198,19.02022],[99.08203,19.02013]],[[99.08175,18.96007],[99.08175,18.96007],[99.08167,18.96013],[99.08175,18.96007]],[[99.08176,19.03451],[99.08176,19.03451],[99.08178,19.03455],[99.08176,19.03451]],[[99.08154,19.03715],[99.08154,19.03715],[99.08149,19.03717],[99.08154,19.03715]],[[99.08146,19.0083],[99.08146,19.0083],[99.08146,19.0083],[99.08146,19.0083]],[[99.08124,18.99851],[99.08124,18.99851],[99.08143,18.99886],[99.08124,18.99851]],[[99.08115,19.0218],[99.08115,19.0218],[99.08106,19.02198],[99.08115,19.0218]],[[99.08026,19.01488],[99.08041,19.01491],[99.08068,19.01499],[99.08096,19.01505],[99.08112,19.0151],[99.08026,19.01488]],[[99.08058,19.03749],[99.08058,19.03749],[99.08069,19.03745],[99.08058,19.03749]],[[99.07905,19.03229],[99.07821,19.03191],[99.07851,19.03202],[99.07877,19.03214],[99.07905,19.03229]],[[99.08044,19.03323],[99.07941,19.0325],[99.07973,19.03271],[99.07996,19.03287],[99.08044,19.03323]],[[99.08028,18.99668],[99.08028,18.99668],[99.08033,18.99669],[99.08028,18.99668]],[[99.08017,18.96136],[99.08017,18.96136],[99.08006,18.96152],[99.08017,18.96136]],[[99.07958,19.01471],[99.08008,19.01484],[99.07939,19.0146],[99.07958,19.01471]],[[99.07738,18.99503],[99.0779,18.99525],[99.07724,18.99498],[99.07738,18.99503]],[[99.0779,18.99525],[99.07813,18.9954],[99.07834,18.99559],[99.07854,18.99578],[99.07875,18.99597],[99.07919,18.99622],[99.07875,18.99597],[99.0779,18.99525]],[[99.07861,19.01301],[99.07861,19.01301],[99.07863,19.01328],[99.07861,19.01301]],[[99.07882,19.01393],[99.07882,19.01393],[99.07909,19.01432],[99.07882,19.01393]],[[99.07838,19.02605],[99.07827,19.02637],[99.07854,19.02571],[99.07838,19.02605]],[[99.07717,19.03157],[99.07759,19.03173],[99.07696,19.03148],[99.07717,19.03157]],[[99.07733,19.04144],[99.07733,19.04144],[99.07723,19.04157],[99.07733,19.04144]],[[99.07695,18.9949],[99.07564,18.99473],[99.07484,18.99471],[99.07695,18.9949]],[[99.07651,18.96372],[99.07507,18.96328],[99.0767,18.9638],[99.07651,18.96372]],[[99.0765,19.03125],[99.0765,19.03125],[99.07668,19.03134],[99.0765,19.03125]],[[99.07619,19.03089],[99.07619,19.03089],[99.07647,19.03121],[99.07619,19.03089]],[[99.0751,18.84254],[99.07499,18.84247],[99.0751,18.84254],[99.0751,18.84254]],[[99.07491,19.04393],[99.07491,19.04393],[99.07486,19.044],[99.07491,19.04393]],[[99.07443,18.84229],[99.07443,18.84229],[99.07477,18.84234],[99.07443,18.84229]],[[99.07117,18.99638],[99.07323,18.99526],[99.07067,18.99648],[99.07117,18.99638]],[[99.07429,18.9947],[99.07375,18.99493],[99.07407,18.99475],[99.07429,18.9947]],[[99.07353,18.84196],[99.07353,18.84196],[99.07357,18.84199],[99.07353,18.84196]],[[99.07342,18.84126],[99.07342,18.84126],[99.07345,18.84145],[99.07342,18.84126]],[[99.07303,19.046],[99.07303,19.046],[99.07292,19.04611],[99.07303,19.046]],[[99.0729,18.83897],[99.0729,18.83897],[99.073,18.8391],[99.0729,18.83897]],[[99.07219,18.83682],[99.07219,18.83682],[99.07225,18.83713],[99.07219,18.83682]],[[99.07205,18.83613],[99.07201,18.83611],[99.07205,18.83613],[99.07205,18.83613]],[[99.07159,18.83569],[99.07159,18.83569],[99.07175,18.83587],[99.07159,18.83569]],[[99.07055,18.83495],[99.06985,18.8345],[99.06985,18.8345],[99.07055,18.83495]],[[99.06738,18.99526],[99.06943,18.99654],[99.06873,18.99628],[99.06832,18.99604],[99.06738,18.99526]],[[99.07017,18.97766],[99.07017,18.97766],[99.07016,18.9777],[99.07017,18.97766]],[[99.06954,18.83418],[99.06954,18.83418],[99.06983,18.83449],[99.06954,18.83418]],[[99.06969,18.98019],[99.06969,18.98019],[99.06968,18.98023],[99.06969,18.98019]],[[99.06924,18.83247],[99.06924,18.83247],[99.06925,18.83272],[99.06924,18.83247]],[[99.0691,18.83114],[99.0691,18.83114],[99.06919,18.8315],[99.0691,18.83114]],[[99.06922,18.83177],[99.06922,18.83177],[99.06922,18.83179],[99.06922,18.83177]],[[99.06851,18.97516],[99.06851,18.97516],[99.06903,18.97564],[99.06851,18.97516]],[[99.0683,18.83022],[99.0683,18.83022],[99.06846,18.83029],[99.0683,18.83022]],[[99.06721,18.83011],[99.06798,18.83016],[99.06705,18.83014],[99.06721,18.83011]],[[99.06655,18.99467],[99.06602,18.99427],[99.06693,18.99495],[99.06655,18.99467]],[[99.0666,19.05162],[99.0666,19.05162],[99.06642,19.0517],[99.0666,19.05162]],[[99.06596,18.83036],[99.06596,18.83036],[99.06627,18.83032],[99.06596,18.83036]],[[99.06598,18.98532],[99.06598,18.98532],[99.06547,18.9858],[99.06598,18.98532]],[[99.06568,19.05199],[99.06568,19.05199],[99.0654,19.05213],[99.06568,19.05199]],[[99.06566,18.99399],[99.06566,18.99399],[99.0658,18.99409],[99.06566,18.99399]],[[99.0647,18.82988],[99.06523,18.83023],[99.06446,18.82961],[99.0647,18.82988]],[[99.06463,18.98685],[99.06463,18.98685],[99.06452,18.98716],[99.06463,18.98685]],[[99.06449,18.99246],[99.06471,18.99284],[99.06445,18.99237],[99.06449,18.99246]],[[99.06392,18.99079],[99.06392,18.99079],[99.064,18.99116],[99.06392,18.99079]],[[99.06383,18.99026],[99.06383,18.99026],[99.06385,18.99039],[99.06383,18.99026]],[[99.06351,18.82863],[99.06254,18.82817],[99.0617,18.82837],[99.06114,18.82841],[99.06351,18.82863]],[[99.06309,18.97323],[99.06309,18.97323],[99.06336,18.97332],[99.06309,18.97323]],[[99.06216,18.97288],[99.06191,18.97276],[99.06242,18.97299],[99.06216,18.97288]],[[99.0617,19.05521],[99.0617,19.05521],[99.06163,19.05529],[99.0617,19.05521]],[[99.06078,18.97177],[99.06078,18.97177],[99.06086,18.97192],[99.06078,18.97177]],[[99.06055,18.97112],[99.06055,18.97112],[99.06058,18.97121],[99.06055,18.97112]],[[99.06044,18.82755],[99.06053,18.82772],[99.06044,18.82755],[99.06023,18.82733],[99.06007,18.8271],[99.06044,18.82755]],[[99.05883,18.8249],[99.05793,18.82464],[99.05851,18.82478],[99.05883,18.8249]],[[99.05779,19.05813],[99.05779,19.05813],[99.05775,19.05812],[99.05779,19.05813]],[[99.05728,18.82406],[99.05649,18.82344],[99.0561,18.82349],[99.05557,18.82336],[99.05542,18.82303],[99.05557,18.82336],[99.05649,18.82344],[99.05683,18.8236],[99.05728,18.82406]],[[99.05683,19.05787],[99.05683,19.05787],[99.05721,19.05801],[99.05683,19.05787]],[[99.05704,18.79243],[99.05704,18.79243],[99.05701,18.79251],[99.05704,18.79243]],[[99.05673,18.79832],[99.05615,18.79628],[99.05673,18.79832],[99.05673,18.79832]],[[99.05634,18.79084],[99.05609,18.78976],[99.05671,18.79139],[99.05634,18.79084]],[[99.05502,18.79043],[99.05563,18.78919],[99.05471,18.78952],[99.05502,18.79043]],[[99.05595,19.05744],[99.05595,19.05744],[99.05585,19.0574],[99.05595,19.05744]],[[99.05504,18.80487],[99.05552,18.80541],[99.05493,18.8045],[99.05504,18.80487]],[[99.05432,18.79208],[99.05495,18.79154],[99.05465,18.79189],[99.05432,18.79208]],[[99.0544,19.05676],[99.05492,19.05697],[99.05497,19.05699],[99.0544,19.05676]],[[99.0546,18.80198],[99.0546,18.80198],[99.05446,18.8021],[99.0546,18.80198]],[[99.05426,18.8038],[99.05426,18.8038],[99.05467,18.804],[99.05426,18.8038]],[[99.05371,18.79191],[99.05425,18.79206],[99.05312,18.7917],[99.05371,18.79191]],[[99.05421,18.80735],[99.05421,18.80735],[99.05404,18.80753],[99.05421,18.80735]],[[99.05406,18.81146],[99.05406,18.81146],[99.05405,18.81183],[99.05406,18.81146]],[[99.05393,18.81048],[99.05393,18.81048],[99.05396,18.8106],[99.05393,18.81048]],[[99.05384,18.80976],[99.05384,18.80976],[99.05384,18.80976],[99.05384,18.80976]],[[99.05378,18.80828],[99.05378,18.80828],[99.05384,18.80841],[99.05378,18.80828]],[[99.05378,18.80798],[99.05378,18.80798],[99.05378,18.80828],[99.05378,18.80798]],[[99.05373,19.05652],[99.05373,19.05652],[99.0536,19.05648],[99.05373,19.05652]],[[99.05308,18.82107],[99.05308,18.82107],[99.05339,18.82117],[99.05308,18.82107]],[[99.05284,18.81667],[99.05284,18.81667],[99.05328,18.81672],[99.05284,18.81667]],[[99.05147,18.7926],[99.05042,18.79451],[99.05176,18.79208],[99.05147,18.7926]],[[99.05296,18.79166],[99.05206,18.7918],[99.05256,18.7916],[99.05296,18.79166]],[[99.04947,18.79771],[99.04971,18.7958],[99.04923,18.7963],[99.04947,18.79771]],[[99.04775,18.79967],[99.04753,18.79975],[99.04841,18.7993],[99.04775,18.79967]],[[99.04949,18.79784],[99.04904,18.79861],[99.04947,18.79848],[99.04949,18.79784]],[[99.04298,18.79934],[99.04532,18.79997],[99.04632,18.8],[99.04298,18.79934]],[[99.04389,19.05962],[99.04389,19.05962],[99.04378,19.05964],[99.04389,19.05962]],[[99.04104,18.79837],[99.04018,18.79785],[99.04295,18.79932],[99.04104,18.79837]],[[99.04211,19.05937],[99.04204,19.05934],[99.04237,19.05947],[99.04211,19.05937]],[[99.04264,19.05958],[99.04264,19.05958],[99.0427,19.0596],[99.04264,19.05958]],[[99.03936,19.05815],[99.03936,19.05815],[99.03901,19.05798],[99.03936,19.05815]],[[99.03808,18.79647],[99.03813,18.79592],[99.03895,18.79706],[99.03808,18.79647]],[[99.03832,18.79441],[99.03847,18.79347],[99.0383,18.79451],[99.03832,18.79441]],[[99.0371,18.79422],[99.0371,18.79422],[99.03704,18.7943],[99.0371,18.79422]],[[99.03689,19.05733],[99.03689,19.05733],[99.03675,19.05733],[99.03689,19.05733]],[[99.03616,19.05743],[99.03616,19.05743],[99.03609,19.05748],[99.03616,19.05743]],[[99.03606,18.7951],[99.03575,18.79523],[99.03575,18.79523],[99.03606,18.7951]],[[99.03236,18.79539],[99.03167,18.79764],[99.03,18.79779],[99.03167,18.79764],[99.03177,18.79702],[99.03195,18.79619],[99.03236,18.79539]],[[99.03236,18.79539],[99.03384,18.79519],[99.03573,18.79523],[99.03384,18.79519],[99.03236,18.79539]],[[99.03531,19.05814],[99.03531,19.05814],[99.03522,19.0583],[99.03531,19.05814]],[[99.03498,19.05873],[99.03498,19.05873],[99.03476,19.05896],[99.03498,19.05873]],[[99.02719,18.79834],[99.02866,18.79815],[99.02889,18.79809],[99.02866,18.79815],[99.02719,18.79834],[99.02705,18.79843],[99.02719,18.79834]],[[99.01928,18.80927],[99.02361,18.80729],[99.025,18.80683],[99.02625,18.80678],[99.02667,18.80528],[99.02625,18.80678],[99.02147,18.80929],[99.01928,18.80927],[99.01866,18.81188],[99.01881,18.80969],[99.01928,18.80927]],[[99.02664,18.80461],[99.02666,18.80519],[99.02653,18.80385],[99.02664,18.80461]],[[99.02645,18.80351],[99.02573,18.80154],[99.02588,18.80086],[99.02645,18.80351]],[[99.02593,18.80065],[99.026,18.80053],[99.02593,18.80065],[99.02593,18.80065]],[[99.02222,19.06837],[99.02208,19.06839],[99.02261,19.06832],[99.02222,19.06837]],[[99.02293,19.0683],[99.02293,19.0683],[99.02307,19.0683],[99.02293,19.0683]],[[99.01982,19.0695],[99.02013,19.06915],[99.02024,19.06907],[99.01982,19.0695]],[[99.01766,18.81539],[99.01846,18.81561],[99.01874,18.8156],[99.01766,18.81539]],[[99.01905,18.81545],[99.01905,18.81545],[99.01925,18.81517],[99.01905,18.81545]],[[99.01934,18.81424],[99.01934,18.81424],[99.01918,18.81396],[99.01934,18.81424]],[[99.0189,18.81374],[99.01851,18.81325],[99.01841,18.81304],[99.0189,18.81374]],[[99.01835,18.81258],[99.01835,18.81294],[99.0185,18.81223],[99.01835,18.81258]],[[99.0164,18.82487],[99.01722,18.82287],[99.01714,18.82377],[99.01696,18.82411],[99.01681,18.82432],[99.0164,18.82487],[99.01609,18.82562],[99.01618,18.82643],[99.01618,18.82679],[99.01539,18.82692],[99.01618,18.82679],[99.01609,18.82562],[99.0164,18.82487]],[[99.01698,18.8224],[99.01698,18.8224],[99.01685,18.82202],[99.01698,18.8224]],[[99.01674,19.07275],[99.01674,19.07275],[99.01714,19.07252],[99.01674,19.07275]],[[99.01661,18.81654],[99.01647,18.81545],[99.01693,18.81524],[99.01661,18.81654]],[[99.01609,18.81867],[99.01583,18.8177],[99.01598,18.81822],[99.01609,18.81867]],[[99.01466,18.82029],[99.0151,18.81977],[99.01558,18.81959],[99.01466,18.82029],[99.01499,18.82098],[99.01588,18.82143],[99.01619,18.82201],[99.01499,18.82098],[99.01466,18.82029]],[[99.01592,18.81927],[99.01592,18.81927],[99.01612,18.81878],[99.01592,18.81927]],[[99.01495,19.07358],[99.01495,19.07358],[99.01489,19.0736],[99.01495,19.07358]],[[99.01259,18.82637],[99.01166,18.82617],[99.01289,18.82649],[99.01259,18.82637]],[[99.01444,18.82658],[99.01379,18.82687],[99.0142,18.82667],[99.01444,18.82658]],[[99.01072,18.83823],[99.01169,18.83532],[99.01163,18.83575],[99.01072,18.83823]],[[99.01082,18.82602],[99.01061,18.82588],[99.01104,18.8261],[99.01082,18.82602]],[[99.01073,18.83476],[99.01009,18.83415],[99.01004,18.83383],[99.01073,18.83476]],[[99.01033,18.83928],[99.01033,18.83928],[99.01065,18.83876],[99.01033,18.83928]],[[99.00864,18.82593],[99.0087,18.82541],[99.00864,18.82593],[99.00864,18.82593]],[[99.01035,18.82569],[99.00895,18.82515],[99.00925,18.82502],[99.0096,18.82515],[99.01015,18.82553],[99.01035,18.82569]],[[99.01019,18.84624],[99.01019,18.84624],[99.01013,18.84641],[99.01019,18.84624]],[[99.00995,18.84415],[99.01004,18.84517],[99.01015,18.84566],[99.00995,18.84415]],[[99.00864,18.84743],[99.00978,18.84697],[99.00947,18.8472],[99.00921,18.8473],[99.00883,18.84739],[99.00864,18.84743]],[[99.00992,18.84388],[99.00924,18.84207],[99.00947,18.84238],[99.00967,18.84273],[99.00978,18.84302],[99.00984,18.84332],[99.00989,18.84369],[99.00992,18.84388]],[[99.00927,18.83941],[99.00909,18.83941],[99.00957,18.83945],[99.00927,18.83941]],[[99.00824,18.82856],[99.0082,18.82934],[99.00815,18.82901],[99.00824,18.82856]],[[99.00876,18.83049],[99.00876,18.83049],[99.00885,18.831],[99.00876,18.83049]],[[99.00892,18.8318],[99.00892,18.8318],[99.00869,18.83239],[99.00892,18.8318]],[[99.00881,18.82732],[99.00872,18.82781],[99.00882,18.82705],[99.00881,18.82732]],[[99.00873,18.84161],[99.00873,18.84161],[99.00879,18.84166],[99.00873,18.84161]],[[99.00871,18.83947],[99.00797,18.83986],[99.00761,18.84026],[99.00871,18.83947]],[[99.00869,18.83296],[99.00867,18.83283],[99.00869,18.83296],[99.00869,18.83296]],[[99.00839,19.07683],[99.00839,19.07683],[99.00835,19.07689],[99.00839,19.07683]],[[99.00805,18.8414],[99.00847,18.84153],[99.00785,18.8412],[99.00805,18.8414]],[[99.00793,18.84761],[99.00773,18.84766],[99.00812,18.84756],[99.00793,18.84761]],[[99.00621,18.84898],[99.00464,18.84842],[99.00434,18.84801],[99.00621,18.84898]],[[99.00699,18.8478],[99.00575,18.84792],[99.00614,18.84787],[99.00642,18.84784],[99.00671,18.84782],[99.00699,18.8478],[99.00751,18.84771],[99.00699,18.8478]],[[99.00668,18.84938],[99.00668,18.84938],[99.0068,18.84983],[99.00668,18.84938]],[[99.0065,18.85046],[99.0065,18.85046],[99.00603,18.85192],[99.0065,18.85046]],[[99.00594,18.85231],[99.00594,18.85231],[99.0059,18.85257],[99.00594,18.85231]],[[99.00614,19.07817],[99.00614,19.07817],[99.00585,19.07831],[99.00614,19.07817]],[[99.00586,18.85295],[99.00586,18.85295],[99.00587,18.85281],[99.00586,18.85295]],[[99.00583,18.85325],[99.00576,18.85376],[99.00573,18.854],[99.00583,18.85325]],[[99.00526,18.85684],[99.00526,18.85684],[99.00523,18.85725],[99.00526,18.85684]],[[99.00551,18.85537],[99.00551,18.85537],[99.00572,18.85405],[99.00551,18.85537]],[[99.00068,18.8692],[99.00092,18.86747],[99.00109,18.86714],[99.00127,18.8668],[99.00142,18.86653],[99.0016,18.8662],[99.00068,18.8692]],[[99.0016,18.8662],[99.00242,18.86477],[99.0027,18.86415],[99.00242,18.86477],[99.0016,18.8662]],[[99.00279,18.8639],[99.00279,18.8639],[99.00288,18.86364],[99.00279,18.8639]],[[99.00503,18.85828],[99.00305,18.86308],[99.00316,18.86269],[99.00327,18.8623],[99.0034,18.86195],[99.00351,18.8617],[99.00367,18.86131],[99.00383,18.86096],[99.00429,18.86004],[99.00468,18.85905],[99.00479,18.8588],[99.00503,18.85828],[99.00521,18.85741],[99.00503,18.85828]],[[99.00446,19.07913],[99.00446,19.07913],[99.0044,19.07917],[99.00446,19.07913]],[[98.99938,18.87593],[98.99991,18.87475],[98.99921,18.87641],[98.99938,18.87593]],[[99.00054,18.8737],[99.00007,18.87453],[99.00029,18.87422],[99.00054,18.8737]],[[99.00066,18.87317],[99.00066,18.87317],[99.00065,18.87252],[99.00066,18.87317]],[[99.0005,18.8717],[99.00058,18.87219],[99.00062,18.87239],[99.0005,18.8717]],[[99.00049,18.87146],[99.00056,18.87007],[99.0006,18.8698],[99.00062,18.86965],[99.00049,18.87146]],[[99.00054,18.88137],[99.00054,18.88137],[99.00057,18.8811],[99.00054,18.88137]],[[99.00059,18.88083],[99.00059,18.88083],[99.00058,18.88071],[99.00059,18.88083]],[[99.00054,18.8804],[99.00022,18.87969],[99.00038,18.87992],[99.00052,18.88026],[99.00054,18.8804]],[[98.99976,18.88283],[99.00027,18.88214],[99.00014,18.88239],[98.9999,18.88268],[98.99976,18.88283]],[[98.99758,18.88718],[98.99962,18.88371],[98.99945,18.88521],[98.99758,18.88718]],[[98.9994,18.87932],[98.99955,18.87943],[98.99916,18.87901],[98.9994,18.87932]],[[98.99907,18.8769],[98.99914,18.87662],[98.99912,18.87735],[98.99907,18.8769]],[[98.99931,18.87777],[98.99931,18.87777],[98.9994,18.87811],[98.99931,18.87777]],[[98.99919,18.87867],[98.99919,18.87867],[98.99916,18.87898],[98.99919,18.87867]],[[98.99909,19.08416],[98.99909,19.08415],[98.99909,19.08415],[98.99909,19.08416]],[[98.99831,19.08499],[98.99831,19.08499],[98.99818,19.08524],[98.99831,19.08499]],[[98.99707,18.88843],[98.99734,18.88812],[98.99641,18.88894],[98.99707,18.88843]],[[98.99396,18.89101],[98.99577,18.88948],[98.99598,18.8893],[98.99619,18.88912],[98.99511,18.89019],[98.99489,18.89037],[98.99396,18.89101]],[[98.99535,19.08798],[98.99535,19.08798],[98.9952,19.08797],[98.99535,19.08798]],[[98.99421,18.90527],[98.99448,18.90392],[98.99458,18.90356],[98.99421,18.90527]],[[98.99484,18.90261],[98.99484,18.90261],[98.99492,18.9018],[98.99484,18.90261]],[[98.99491,18.90139],[98.99491,18.90139],[98.99479,18.90056],[98.99491,18.90139]],[[98.99458,18.89955],[98.99458,18.89955],[98.99454,18.8994],[98.99458,18.89955]],[[98.99442,18.89902],[98.99418,18.89775],[98.99425,18.89721],[98.99442,18.89902]],[[98.9941,18.89642],[98.99384,18.8959],[98.99314,18.89523],[98.9941,18.89642]],[[98.99418,18.89668],[98.99418,18.89668],[98.99423,18.8969],[98.99418,18.89668]],[[98.99079,18.9101],[98.99172,18.90911],[98.99191,18.90891],[98.99217,18.90863],[98.99191,18.90891],[98.99151,18.90934],[98.99125,18.90962],[98.99105,18.90982],[98.99079,18.9101],[98.99079,18.9101]],[[98.99217,18.90863],[98.99376,18.90664],[98.99418,18.90557],[98.99376,18.90664],[98.99217,18.90863]],[[98.992,18.89337],[98.9925,18.89281],[98.99226,18.89301],[98.992,18.89337]],[[98.99358,18.89135],[98.99299,18.89219],[98.99314,18.89192],[98.99331,18.89166],[98.99358,18.89135]],[[98.99213,19.08852],[98.99213,19.08852],[98.99208,19.08853],[98.99213,19.08852]],[[98.99237,18.89463],[98.99233,18.89459],[98.99237,18.89463],[98.99237,18.89463]],[[98.99019,19.08867],[98.99019,19.08867],[98.99087,19.08869],[98.99019,19.08867]],[[98.98996,18.91084],[98.98948,18.91124],[98.98931,18.91143],[98.98996,18.91084]],[[98.99029,18.91058],[98.99029,18.91058],[98.99042,18.91045],[98.99029,18.91058]],[[98.98874,19.08848],[98.98816,19.08842],[98.9892,19.08855],[98.98874,19.08848]],[[98.9883,18.91262],[98.98878,18.91206],[98.9886,18.91227],[98.9883,18.91262]],[[98.98763,18.91343],[98.98679,18.91473],[98.98699,18.91437],[98.98721,18.91402],[98.98744,18.91368],[98.98763,18.91343]],[[98.98809,18.91286],[98.98786,18.91313],[98.98806,18.91289],[98.98809,18.91286]],[[98.98715,19.08847],[98.98757,19.0884],[98.98773,19.0884],[98.98715,19.08847]],[[98.98613,19.08876],[98.98613,19.08876],[98.98603,19.08877],[98.98613,19.08876]],[[98.98485,18.92145],[98.98485,18.92145],[98.98501,18.92119],[98.98485,18.92145]],[[98.98531,18.92032],[98.98531,18.92032],[98.98547,18.91928],[98.98531,18.92032]],[[98.98547,18.91928],[98.98564,18.91826],[98.98579,18.91766],[98.98586,18.9174],[98.98597,18.91704],[98.98606,18.91675],[98.98614,18.91652],[98.98547,18.91928]],[[98.98419,18.9219],[98.98419,18.9219],[98.98445,18.92177],[98.98419,18.9219]],[[98.98131,18.92436],[98.98131,18.92436],[98.98169,18.9242],[98.98131,18.92436]],[[98.98247,18.92399],[98.98247,18.92399],[98.98264,18.92377],[98.98283,18.92323],[98.983,18.92289],[98.98317,18.92268],[98.98344,18.92241],[98.98368,18.9222],[98.98389,18.92206],[98.983,18.92289],[98.98264,18.92377],[98.98247,18.92399]],[[98.98084,18.92507],[98.98084,18.92507],[98.98075,18.92569],[98.98084,18.92507]],[[98.98102,19.09293],[98.98102,19.09293],[98.981,19.09305],[98.98102,19.09293]],[[98.98099,18.93181],[98.98095,18.93156],[98.98101,18.93212],[98.98099,18.93181]],[[98.98083,18.93337],[98.98101,18.93249],[98.98099,18.93279],[98.98093,18.93316],[98.98083,18.93337]],[[98.98091,18.92843],[98.98095,18.92762],[98.98087,18.92897],[98.98091,18.92843]],[[98.98095,18.92761],[98.98078,18.92611],[98.98075,18.9257],[98.98094,18.92735],[98.98095,18.92761]],[[98.98091,18.93124],[98.98083,18.92962],[98.98084,18.92936],[98.98091,18.93124]],[[98.97743,18.93677],[98.97896,18.93526],[98.9795,18.93483],[98.97743,18.93677]],[[98.9795,18.93483],[98.98039,18.93395],[98.98079,18.93344],[98.98039,18.93395],[98.9795,18.93483]],[[98.98055,19.09696],[98.98055,19.09696],[98.98054,19.09699],[98.98055,19.09696]],[[98.98049,19.09767],[98.98049,19.09767],[98.98048,19.09776],[98.98049,19.09767]],[[98.9758,18.94158],[98.97451,18.94458],[98.97454,18.94431],[98.97457,18.94404],[98.97461,18.94377],[98.9747,18.94323],[98.97477,18.94293],[98.9749,18.94259],[98.97505,18.94235],[98.9753,18.94206],[98.97552,18.94184],[98.9758,18.94158]],[[98.97738,18.94013],[98.97603,18.94138],[98.97627,18.94117],[98.97717,18.94044],[98.97738,18.94013]],[[98.97761,18.93977],[98.97761,18.93977],[98.97785,18.93904],[98.97761,18.93977]],[[98.97786,18.93873],[98.97786,18.93873],[98.97785,18.93833],[98.97786,18.93873]],[[98.97777,18.93796],[98.97777,18.93796],[98.9776,18.93744],[98.97752,18.93718],[98.9775,18.9371],[98.97777,18.93796]],[[98.97476,18.94626],[98.97476,18.94626],[98.97531,18.94667],[98.97476,18.94626]],[[98.97626,18.9503],[98.97661,18.94941],[98.97654,18.94967],[98.97643,18.94996],[98.97626,18.9503]],[[98.97666,18.94847],[98.97666,18.94847],[98.9766,18.94816],[98.97666,18.94847]],[[98.9763,18.94745],[98.9765,18.94781],[98.97655,18.94795],[98.9763,18.94745]],[[98.97608,19.10446],[98.97645,19.10418],[98.97646,19.10417],[98.97645,19.10418],[98.97608,19.10446]],[[98.97468,18.95514],[98.97511,18.95322],[98.97519,18.95285],[98.97527,18.95259],[98.97535,18.95233],[98.97545,18.95201],[98.97557,18.95171],[98.97573,18.95137],[98.97591,18.951],[98.97607,18.95066],[98.97617,18.95048],[98.97468,18.95514]],[[98.97566,18.94692],[98.97566,18.94692],[98.97551,18.94682],[98.97566,18.94692]],[[98.97449,18.95607],[98.97449,18.95607],[98.97456,18.9557],[98.97449,18.95607]],[[98.974,19.10588],[98.9743,19.10574],[98.97436,19.10571],[98.974,19.10588]],[[98.9743,18.95704],[98.9743,18.95704],[98.97435,18.95679],[98.9743,18.95704]],[[98.97317,18.96207],[98.97317,18.96207],[98.9731,18.96259],[98.97317,18.96207]],[[98.97331,18.96127],[98.97331,18.96127],[98.97335,18.961],[98.97331,18.96127]],[[98.97367,18.95954],[98.97342,18.96063],[98.97351,18.96024],[98.9736,18.95984],[98.97367,18.95954]],[[98.97393,18.95849],[98.97373,18.95928],[98.9738,18.95901],[98.97386,18.95875],[98.97393,18.95849]],[[98.974,18.95822],[98.974,18.95822],[98.97408,18.95793],[98.974,18.95822]],[[98.97416,18.95763],[98.97416,18.95763],[98.9742,18.95746],[98.97416,18.95763]],[[98.9735,19.10598],[98.9735,19.10598],[98.97351,19.10598],[98.9735,19.10598]],[[98.97297,19.10561],[98.97287,19.10547],[98.97297,19.10561],[98.97297,19.10561]],[[98.97297,19.10561],[98.97297,19.10561],[98.97299,19.10562],[98.97297,19.10561]],[[98.97325,19.10587],[98.97325,19.10587],[98.97337,19.10592],[98.97325,19.10587]],[[98.97205,18.96602],[98.9728,18.96479],[98.97285,18.96439],[98.97289,18.96409],[98.97309,18.96264],[98.97205,18.96602]],[[98.97249,19.10273],[98.97244,19.10378],[98.97244,19.10351],[98.97244,19.10324],[98.97246,19.10297],[98.97249,19.10273]],[[98.9726,19.10499],[98.9726,19.10499],[98.97273,19.10527],[98.9726,19.10499]],[[98.97273,19.09987],[98.97251,19.09927],[98.9723,19.09904],[98.97273,19.09987]],[[98.97268,19.10055],[98.97271,19.10017],[98.97268,19.10055],[98.97267,19.10095],[98.97268,19.10055]],[[98.97264,19.1019],[98.97267,19.10109],[98.9725,19.10267],[98.97264,19.1019]],[[98.97207,19.09889],[98.97207,19.09889],[98.97205,19.09888],[98.97207,19.09889]],[[98.97127,19.09902],[98.97127,19.09902],[98.97114,19.09908],[98.97127,19.09902]],[[98.97055,18.96672],[98.97116,18.96653],[98.96982,18.96689],[98.97055,18.96672]],[[98.96495,18.96898],[98.96648,18.96795],[98.96678,18.96784],[98.96718,18.96771],[98.96799,18.96743],[98.96835,18.96731],[98.96863,18.96722],[98.9689,18.96714],[98.96927,18.96704],[98.96936,18.96701],[98.96495,18.96898]],[[98.96881,18.99745],[98.96881,18.99745],[98.96886,18.99759],[98.96881,18.99745]],[[98.96722,18.99937],[98.96832,18.99912],[98.96696,18.9994],[98.96722,18.99937]],[[98.96856,18.99896],[98.96856,18.99896],[98.96884,18.9985],[98.96856,18.99896]],[[98.96867,18.99721],[98.96867,18.99721],[98.96855,18.99706],[98.96867,18.99721]],[[98.96817,18.99674],[98.96817,18.99674],[98.96823,18.99678],[98.96817,18.99674]],[[98.96752,18.99647],[98.96752,18.99647],[98.96745,18.99645],[98.96752,18.99647]],[[98.96684,18.99628],[98.96684,18.99628],[98.9668,18.99628],[98.96684,18.99628]],[[98.96375,19.00092],[98.96364,19.00122],[98.96389,19.00062],[98.96375,19.00092]],[[98.96653,18.99946],[98.96407,19.00038],[98.96437,19.00014],[98.96461,18.99999],[98.96486,18.99987],[98.96512,18.99976],[98.96539,18.99967],[98.96567,18.99961],[98.96605,18.99953],[98.96637,18.99948],[98.96653,18.99946]],[[98.96596,18.9753],[98.96589,18.97593],[98.96596,18.9753],[98.96596,18.9753]],[[98.96556,18.97399],[98.96513,18.97344],[98.96533,18.97364],[98.96551,18.97389],[98.96556,18.97399]],[[98.96361,18.97709],[98.96361,18.97709],[98.96315,18.97728],[98.96361,18.97709]],[[98.96481,18.97676],[98.96481,18.97676],[98.96554,18.97635],[98.96481,18.97676]],[[98.96473,18.96953],[98.96473,18.96953],[98.96479,18.96935],[98.96473,18.96953]],[[98.95615,19.01882],[98.95887,19.0118],[98.95944,19.01091],[98.96157,19.00876],[98.96309,19.00791],[98.96366,19.00693],[98.96477,19.00146],[98.96366,19.00693],[98.96309,19.00791],[98.95887,19.0118],[98.95875,19.01406],[98.95615,19.01882]],[[98.96449,18.97252],[98.96438,18.97109],[98.96443,18.97061],[98.96446,18.97046],[98.96449,18.97252]],[[98.96416,18.99509],[98.96416,18.99386],[98.9643,18.99538],[98.96416,18.99509]],[[98.96412,18.99347],[98.96412,18.99347],[98.96406,18.99317],[98.96412,18.99347]],[[98.96385,18.99256],[98.96385,18.99256],[98.96376,18.99238],[98.96385,18.99256]],[[98.96211,18.99074],[98.96247,18.99104],[98.96226,18.99086],[98.96211,18.99074]],[[98.96363,18.99215],[98.96325,18.99169],[98.96356,18.99205],[98.96363,18.99215]],[[98.96332,19.0995],[98.96332,19.0995],[98.96337,19.09953],[98.96332,19.0995]],[[98.96048,18.98162],[98.96077,18.98086],[98.96048,18.98237],[98.96048,18.98162]],[[98.96154,18.97972],[98.9609,18.98062],[98.96104,18.98038],[98.9612,18.98016],[98.96154,18.97972]],[[98.963,18.97735],[98.96182,18.97925],[98.96242,18.97802],[98.96257,18.97775],[98.96282,18.97747],[98.963,18.97735]],[[98.96245,19.09912],[98.96245,19.09912],[98.96244,19.09912],[98.96245,19.09912]],[[98.96181,18.99047],[98.96181,18.99047],[98.96171,18.99036],[98.96181,18.99047]],[[98.96139,19.09931],[98.96139,19.09931],[98.96124,19.09937],[98.96139,19.09931]],[[98.96085,18.98859],[98.96081,18.98834],[98.96089,18.98886],[98.96085,18.98859]],[[98.96095,18.98912],[98.96095,18.98912],[98.96114,18.98957],[98.96095,18.98912]],[[98.96113,19.103],[98.96113,19.103],[98.96078,19.10242],[98.96113,19.103]],[[98.95998,19.10507],[98.96104,19.10397],[98.96112,19.10318],[98.96104,19.10397],[98.95998,19.10507]],[[98.96054,19.03345],[98.95726,19.03431],[98.95671,19.03474],[98.96054,19.03345]],[[98.96097,19.0329],[98.96097,19.0329],[98.9611,19.03208],[98.96097,19.0329]],[[98.961,19.03149],[98.961,19.03149],[98.9609,19.03129],[98.961,19.03149]],[[98.96086,18.98401],[98.96091,18.98455],[98.9609,18.98482],[98.96086,18.98401]],[[98.96034,19.02661],[98.96034,19.02661],[98.96058,19.02632],[98.96034,19.02661]],[[98.96083,19.02576],[98.96083,19.02576],[98.96086,19.02522],[98.96083,19.02576]],[[98.96068,19.02433],[98.96015,19.02328],[98.9608,19.0248],[98.96068,19.02433]],[[98.96058,18.98296],[98.96048,18.98243],[98.96058,18.98296],[98.96067,18.98322],[98.96079,18.98358],[98.96079,18.98362],[98.96058,18.98296]],[[98.96025,19.03063],[98.96069,19.03099],[98.96078,19.03111],[98.96025,19.03063]],[[98.96075,18.98778],[98.96075,18.98778],[98.96073,18.9875],[98.96075,18.98778]],[[98.96073,18.98743],[98.96064,18.98601],[98.96067,18.98585],[98.96073,18.98743]],[[98.95995,19.10104],[98.95995,19.10104],[98.96015,19.10137],[98.95995,19.10104]],[[98.95836,19.02733],[98.95989,19.02684],[98.95812,19.02749],[98.95836,19.02733]],[[98.9594,19.02222],[98.95975,19.02265],[98.95988,19.02284],[98.9594,19.02222]],[[98.95922,19.03022],[98.95922,19.03022],[98.95895,19.03006],[98.95922,19.03022]],[[98.95919,19.02199],[98.95885,19.02165],[98.95919,19.02199],[98.95919,19.02199]],[[98.95884,19.03795],[98.95873,19.0405],[98.95875,19.0408],[98.95875,19.04141],[98.95884,19.03795]],[[98.95875,19.04141],[98.95875,19.04141],[98.95874,19.04147],[98.95875,19.04141]],[[98.95866,19.04231],[98.95853,19.04344],[98.95809,19.04355],[98.95866,19.04231]],[[98.95866,19.04225],[98.95867,19.04216],[98.95866,19.04225],[98.95866,19.04225]],[[98.95841,19.02968],[98.95778,19.02849],[98.9578,19.02822],[98.95785,19.02796],[98.95792,19.0278],[98.95841,19.02968]],[[98.95765,19.02063],[98.95765,19.02063],[98.95743,19.02046],[98.95765,19.02063]],[[98.95757,19.1052],[98.95757,19.1052],[98.95756,19.1052],[98.95757,19.1052]],[[98.95664,19.03553],[98.9571,19.03626],[98.9571,19.03626],[98.95664,19.03553]],[[98.95664,19.03553],[98.95664,19.0348],[98.95664,19.0348],[98.95664,19.03553]],[[98.95428,19.05066],[98.95406,19.05256],[98.9555,19.04771],[98.95428,19.05066]],[[98.9555,19.04771],[98.95601,19.04563],[98.95651,19.04438],[98.95601,19.04563],[98.9555,19.04771]],[[98.95454,19.10452],[98.95454,19.10452],[98.95437,19.10445],[98.95454,19.10452]],[[98.95409,19.05281],[98.95423,19.05427],[98.95394,19.05516],[98.95348,19.05552],[98.95314,19.05567],[98.95409,19.05281]],[[98.95388,19.10427],[98.95388,19.10427],[98.95374,19.10422],[98.95388,19.10427]],[[98.95262,19.10393],[98.9533,19.10408],[98.9535,19.10415],[98.95262,19.10393]],[[98.95208,19.10385],[98.95208,19.10385],[98.95204,19.10385],[98.95208,19.10385]],[[98.95151,19.10381],[98.95151,19.10381],[98.95132,19.10382],[98.95151,19.10381]],[[98.95072,19.05476],[98.95076,19.0548],[98.95072,19.05476],[98.95072,19.05476]],[[98.95063,19.07527],[98.95042,19.07497],[98.95073,19.07658],[98.95063,19.07527]],[[98.95073,19.07658],[98.95028,19.07795],[98.94951,19.07917],[98.94829,19.08032],[98.94718,19.08064],[98.95073,19.07658]],[[98.94993,19.05429],[98.94993,19.05429],[98.95049,19.05463],[98.94993,19.05429]],[[98.94956,19.10362],[98.94956,19.10362],[98.94933,19.10352],[98.94956,19.10362]],[[98.94939,19.07411],[98.94939,19.07411],[98.94956,19.07422],[98.94939,19.07411]],[[98.94896,19.06248],[98.94862,19.06213],[98.94925,19.06335],[98.94896,19.06248]],[[98.94925,19.06335],[98.94928,19.0644],[98.94901,19.06527],[98.94863,19.06584],[98.94842,19.06609],[98.94925,19.06335]],[[98.94889,19.10329],[98.94889,19.10329],[98.94861,19.1031],[98.94889,19.10329]],[[98.94764,19.10251],[98.94764,19.10251],[98.94754,19.10244],[98.94764,19.10251]],[[98.94255,19.06812],[98.94486,19.06697],[98.94594,19.06689],[98.94255,19.06812],[98.94161,19.07139],[98.94255,19.06812]],[[98.94594,19.06689],[98.94718,19.0668],[98.94769,19.06666],[98.94718,19.0668],[98.94594,19.06689]],[[98.94687,19.10187],[98.94594,19.10054],[98.94578,19.10023],[98.94494,19.09841],[98.94687,19.10187]],[[98.94613,19.05765],[98.94647,19.05879],[98.94635,19.06087],[98.94668,19.06117],[98.94635,19.06087],[98.94613,19.05765]],[[98.94447,19.08087],[98.94435,19.08087],[98.94435,19.08087],[98.94447,19.08087]],[[98.94127,19.08102],[98.944,19.08083],[98.94127,19.08102],[98.94044,19.08294],[98.94127,19.08102]],[[98.94166,19.0729],[98.94161,19.07149],[98.94209,19.07422],[98.94166,19.0729]],[[98.94209,19.07422],[98.94303,19.07525],[98.94303,19.07525],[98.94209,19.07422]],[[98.9428,19.09676],[98.9428,19.09676],[98.94266,19.0967],[98.9428,19.09676]],[[98.9392,19.09065],[98.94179,19.08725],[98.94224,19.08567],[98.94179,19.08725],[98.9392,19.09065],[98.93997,19.09266],[98.93911,19.0915],[98.9392,19.09065]],[[98.9417,19.09428],[98.94145,19.09369],[98.94128,19.0935],[98.9417,19.09428]],[[98.94166,19.09485],[98.94169,19.09455],[98.94166,19.09485],[98.94167,19.09522],[98.94166,19.09485]],[[98.94188,19.09611],[98.94188,19.09611],[98.94216,19.09643],[98.94188,19.09611]],[[98.94179,19.08422],[98.94179,19.08422],[98.94086,19.08364],[98.94179,19.08422]]]},"properties":{"Region":"N","px_type1":17687,"px_type2":114152,"area_rai1":9948.94,"area_rai2":64210.5,"area_aban":74159.44,"area_tot":64134284.06,"pct_aban":0.1156}},{"type":"Feature","geometry":{"type":"Polygon","coordinates":[[[99.27853,11.19878],[99.2812,11.19123],[99.28664,11.19078],[99.2911,11.19521],[99.29401,11.19468],[99.29256,11.19831],[99.29342,11.20061],[99.29156,11.20323],[99.29763,11.20535],[99.29924,11.20897],[99.30219,11.21053],[99.30288,11.21543],[99.30738,11.21771],[99.30851,11.22306],[99.30736,11.23004],[99.3095,11.23549],[99.30585,11.2396],[99.30035,11.24113],[99.29586,11.24887],[99.29863,11.25332],[99.30678,11.25635],[99.30794,11.26054],[99.31158,11.26443],[99.31145,11.26788],[99.3136,11.27179],[99.3174,11.27377],[99.31698,11.2765],[99.31895,11.27672],[99.32343,11.28156],[99.32627,11.28727],[99.32355,11.29576],[99.32319,11.30285],[99.31388,11.31332],[99.31212,11.31763],[99.31797,11.32044],[99.31947,11.32452],[99.32657,11.32932],[99.32732,11.33717],[99.33162,11.33784],[99.33515,11.3347],[99.34303,11.33292],[99.34209,11.33847],[99.3445,11.349],[99.34663,11.35212],[99.35281,11.35433],[99.35543,11.35717],[99.36545,11.37198],[99.37865,11.37552],[99.38441,11.38149],[99.39582,11.38223],[99.40214,11.38949],[99.40171,11.39477],[99.39772,11.40005],[99.39981,11.40374],[99.40516,11.40732],[99.40151,11.41031],[99.40313,11.41482],[99.4028,11.42478],[99.39636,11.43816],[99.40186,11.44316],[99.39344,11.45252],[99.39477,11.4615],[99.39765,11.46177],[99.39862,11.46381],[99.4042,11.46611],[99.40934,11.46239],[99.41195,11.4669],[99.41106,11.47226],[99.41907,11.47496],[99.4201,11.48088],[99.42631,11.48197],[99.43013,11.47868],[99.43134,11.48105],[99.43347,11.48145],[99.44091,11.47882],[99.44415,11.48042],[99.44146,11.48571],[99.44438,11.49081],[99.45264,11.49285],[99.45591,11.48981],[99.45865,11.49141],[99.45808,11.4955],[99.44842,11.50862],[99.45365,11.50987],[99.45725,11.51305],[99.46289,11.52198],[99.46644,11.52303],[99.4676,11.52469],[99.46662,11.52632],[99.47396,11.53254],[99.47308,11.53883],[99.46904,11.54322],[99.4698,11.54564],[99.46833,11.5493],[99.4654,11.54771],[99.46273,11.54912],[99.4632,11.55705],[99.46754,11.56369],[99.46764,11.56671],[99.46381,11.57554],[99.45963,11.57902],[99.45785,11.58276],[99.46297,11.58907],[99.46081,11.5934],[99.46128,11.59744],[99.46491,11.6001],[99.46456,11.60264],[99.46764,11.60674],[99.46723,11.61457],[99.4744,11.6211],[99.47489,11.62372],[99.48309,11.62638],[99.49092,11.62497],[99.49269,11.62848],[99.50585,11.63612],[99.51717,11.63627],[99.52261,11.62464],[99.53002,11.6214],[99.54095,11.62324],[99.54631,11.62787],[99.55074,11.62765],[99.55692,11.62409],[99.56574,11.62648],[99.56582,11.62998],[99.57159,11.63685],[99.5699,11.63881],[99.56997,11.64325],[99.57331,11.64837],[99.58197,11.65332],[99.58684,11.65921],[99.585,11.67301],[99.58272,11.67795],[99.58829,11.68321],[99.58772,11.68815],[99.59007,11.69209],[99.59715,11.69412],[99.59823,11.6981],[99.59625,11.69924],[99.60211,11.7079],[99.60592,11.70732],[99.61002,11.71073],[99.61171,11.70949],[99.61567,11.71109],[99.61794,11.71687],[99.62039,11.71805],[99.61858,11.72315],[99.63045,11.72412],[99.63462,11.72791],[99.63639,11.72751],[99.63873,11.7367],[99.63775,11.74115],[99.63994,11.74304],[99.637,11.74604],[99.63911,11.7529],[99.63715,11.75555],[99.64021,11.76122],[99.63982,11.76501],[99.64349,11.76808],[99.64396,11.77068],[99.64013,11.78923],[99.6415,11.79192],[99.6452,11.79092],[99.64852,11.80478],[99.65117,11.80725],[99.65046,11.81166],[99.65321,11.81319],[99.65883,11.81091],[99.65957,11.81983],[99.66485,11.82312],[99.65762,11.82948],[99.65176,11.82987],[99.64117,11.82692],[99.63905,11.82915],[99.63539,11.82852],[99.63481,11.83185],[99.63057,11.83335],[99.62457,11.83163],[99.62167,11.83301],[99.62236,11.83643],[99.62422,11.8377],[99.6236,11.8437],[99.62517,11.85012],[99.621,11.85264],[99.6198,11.85562],[99.6135,11.85857],[99.60965,11.86864],[99.6033,11.87096],[99.59979,11.87907],[99.59587,11.87589],[99.59489,11.87257],[99.59102,11.8715],[99.58827,11.87284],[99.58916,11.88644],[99.58426,11.88992],[99.57964,11.90335],[99.57975,11.90579],[99.58558,11.91314],[99.58667,11.91809],[99.58511,11.92629],[99.58604,11.93085],[99.57976,11.94371],[99.59159,11.95145],[99.59338,11.95515],[99.59131,11.96507],[99.59393,11.97066],[99.59375,11.97798],[99.59016,11.98116],[99.59149,11.98651],[99.59042,11.98874],[99.59234,11.99299],[99.58831,11.99839],[99.58168,11.99972],[99.57729,12.0066],[99.57439,12.00821],[99.56783,12.00741],[99.56282,12.01164],[99.55703,12.01098],[99.53806,12.01438],[99.53633,12.01778],[99.5384,12.02711],[99.54101,12.02994],[99.54134,12.03479],[99.54029,12.03992],[99.53531,12.04306],[99.53544,12.04991],[99.53244,12.05371],[99.53371,12.06609],[99.5402,12.07519],[99.54578,12.07765],[99.54752,12.08157],[99.55028,12.08284],[99.55102,12.09084],[99.55589,12.09386],[99.55521,12.11393],[99.56007,12.11921],[99.5602,12.12882],[99.56183,12.1316],[99.56955,12.13727],[99.57084,12.14524],[99.56466,12.14519],[99.56157,12.14836],[99.55664,12.14805],[99.54898,12.15118],[99.53927,12.14445],[99.53041,12.14852],[99.52378,12.14514],[99.52298,12.14751],[99.51551,12.14841],[99.51244,12.14529],[99.50722,12.1434],[99.49946,12.14361],[99.49933,12.14036],[99.49443,12.13074],[99.49132,12.12904],[99.48489,12.12952],[99.48398,12.13193],[99.47987,12.13401],[99.47372,12.13163],[99.47239,12.1342],[99.47409,12.14467],[99.47433,12.15543],[99.47308,12.15801],[99.47844,12.16397],[99.48623,12.16611],[99.48956,12.17254],[99.48825,12.18159],[99.49481,12.19009],[99.49374,12.19291],[99.49611,12.19699],[99.49461,12.19953],[99.49196,12.20003],[99.49033,12.21007],[99.48617,12.21229],[99.48643,12.21888],[99.48079,12.22197],[99.4818,12.22401],[99.47826,12.22652],[99.47843,12.22909],[99.47299,12.23242],[99.47127,12.23618],[99.4721,12.24145],[99.47322,12.24286],[99.47639,12.24274],[99.47793,12.24826],[99.4819,12.25293],[99.48059,12.25539],[99.48214,12.25977],[99.48042,12.26665],[99.48409,12.27336],[99.48227,12.27494],[99.48224,12.27903],[99.47607,12.27995],[99.47418,12.28304],[99.46594,12.28232],[99.46419,12.28529],[99.46155,12.28614],[99.46235,12.29722],[99.45835,12.29936],[99.45305,12.30735],[99.45287,12.31184],[99.4482,12.31217],[99.44442,12.31737],[99.44541,12.32265],[99.44317,12.32444],[99.44253,12.32754],[99.44525,12.32924],[99.44556,12.33188],[99.43394,12.34301],[99.4368,12.34607],[99.43743,12.34955],[99.44372,12.35143],[99.44425,12.3555],[99.43237,12.36468],[99.43404,12.3686],[99.43783,12.37073],[99.4369,12.37523],[99.44268,12.3829],[99.44181,12.40057],[99.44433,12.40577],[99.44649,12.40685],[99.4434,12.41073],[99.43433,12.41509],[99.42584,12.42577],[99.42581,12.43156],[99.42427,12.43307],[99.42471,12.44899],[99.41406,12.45016],[99.40822,12.45692],[99.40188,12.45973],[99.40343,12.46998],[99.40664,12.4734],[99.40594,12.48029],[99.41655,12.48899],[99.42168,12.48923],[99.42544,12.49121],[99.42461,12.49997],[99.4203,12.50603],[99.41985,12.51839],[99.418,12.52522],[99.42171,12.52955],[99.42349,12.53792],[99.42186,12.55224],[99.42425,12.55722],[99.43154,12.55599],[99.43316,12.55712],[99.43537,12.56526],[99.43082,12.57014],[99.42811,12.57868],[99.43319,12.58325],[99.43589,12.58173],[99.4389,12.58331],[99.43395,12.5908],[99.42503,12.5956],[99.42291,12.60268],[99.42044,12.60512],[99.42024,12.60855],[99.41235,12.61594],[99.39816,12.61391],[99.39197,12.61488],[99.3863,12.61779],[99.37934,12.61539],[99.37752,12.62219],[99.37091,12.62214],[99.36595,12.62493],[99.36619,12.63442],[99.35661,12.63597],[99.35468,12.63736],[99.35423,12.6405],[99.34775,12.63875],[99.34362,12.64213],[99.34501,12.64814],[99.33774,12.66225],[99.32337,12.66867],[99.31698,12.6694],[99.31333,12.66689],[99.30868,12.66783],[99.3075,12.67099],[99.29535,12.67759],[99.29591,12.68145],[99.29907,12.68404],[99.30011,12.68991],[99.29407,12.69717],[99.2894,12.69893],[99.2904,12.70626],[99.28851,12.70994],[99.28997,12.71566],[99.28432,12.71534],[99.27828,12.71757],[99.2757,12.72232],[99.27143,12.72526],[99.27034,12.72934],[99.26444,12.72572],[99.26007,12.7262],[99.25273,12.72385],[99.24776,12.71952],[99.2423,12.7211],[99.23961,12.72414],[99.23431,12.73517],[99.2344,12.73795],[99.22762,12.7442],[99.23402,12.75173],[99.23255,12.77035],[99.23467,12.77795],[99.2338,12.78227],[99.23115,12.78383],[99.22829,12.79113],[99.22906,12.79856],[99.22721,12.80143],[99.22521,12.81333],[99.22306,12.81427],[99.22273,12.82373],[99.21924,12.82355],[99.21791,12.8285],[99.2116,12.82633],[99.20711,12.8319],[99.20435,12.83874],[99.19868,12.84047],[99.19741,12.8451],[99.18961,12.84591],[99.18607,12.85032],[99.18731,12.85572],[99.18525,12.86211],[99.18877,12.8797],[99.18113,12.88705],[99.18357,12.89285],[99.18171,12.90703],[99.18312,12.91021],[99.17485,12.92129],[99.16595,12.92476],[99.16317,12.92776],[99.16791,12.93014],[99.16829,12.93303],[99.17119,12.93537],[99.17226,12.94252],[99.1847,12.94466],[99.18627,12.94842],[99.18841,12.94933],[99.1886,12.95184],[99.19363,12.95356],[99.19542,12.95638],[99.19336,12.96562],[99.18987,12.96769],[99.18718,12.97629],[99.19487,12.99096],[99.19132,12.99177],[99.19001,12.99014],[99.18063,12.99325],[99.17984,12.99633],[99.17337,13.00086],[99.17268,13.0047],[99.16881,13.00781],[99.17102,13.01445],[99.16552,13.01898],[99.15754,13.01994],[99.15488,13.0267],[99.14783,13.02656],[99.14647,13.03303],[99.14099,13.03531],[99.13972,13.03273],[99.13398,13.03344],[99.12678,13.03866],[99.12503,13.03813],[99.11472,13.05169],[99.11396,13.05843],[99.10992,13.06428],[99.10423,13.06324],[99.10241,13.06957],[99.09948,13.07349],[99.09953,13.07823],[99.10323,13.08409],[99.10877,13.08361],[99.12065,13.09662],[99.12867,13.09559],[99.13128,13.0979],[99.12735,13.10317],[99.12822,13.11643],[99.12902,13.11869],[99.13392,13.11878],[99.13291,13.12323],[99.13619,13.12888],[99.13487,13.13127],[99.13627,13.13409],[99.13583,13.1356],[99.13139,13.1373],[99.13008,13.1427],[99.13689,13.14993],[99.13687,13.15197],[99.13431,13.16443],[99.12518,13.17034],[99.12193,13.1697],[99.11992,13.173],[99.11695,13.1741],[99.11715,13.17652],[99.12318,13.18222],[99.12491,13.18713],[99.12348,13.19471],[99.13069,13.20247],[99.13876,13.20575],[99.14954,13.20606],[99.15568,13.20849],[99.16382,13.20802],[99.1667,13.20499],[99.17504,13.20197],[99.18302,13.19224],[99.18622,13.19404],[99.18993,13.19268],[99.19476,13.19727],[99.19731,13.19324],[99.20331,13.19962],[99.20417,13.20414],[99.20999,13.20756],[99.2098,13.21178],[99.20387,13.21904],[99.20892,13.22591],[99.20783,13.23297],[99.20441,13.2368],[99.20473,13.24063],[99.20097,13.24767],[99.19792,13.24889],[99.19843,13.25375],[99.19646,13.25572],[99.19717,13.25781],[99.20106,13.25856],[99.20279,13.26137],[99.2086,13.25997],[99.21134,13.26171],[99.20846,13.26669],[99.20097,13.27221],[99.19929,13.27751],[99.19349,13.28111],[99.19334,13.28335],[99.18701,13.29092],[99.18973,13.29452],[99.18991,13.30139],[99.19408,13.30429],[99.19092,13.30692],[99.19221,13.32314],[99.19681,13.32468],[99.19984,13.33229],[99.20596,13.33755],[99.20659,13.33982],[99.20594,13.34853],[99.20287,13.35466],[99.20575,13.36106],[99.20559,13.36626],[99.20101,13.37196],[99.20456,13.37946],[99.20717,13.38058],[99.20457,13.38486],[99.20607,13.39122],[99.20409,13.40333],[99.21036,13.41213],[99.20967,13.41588],[99.20668,13.41835],[99.20705,13.42212],[99.20346,13.42342],[99.20059,13.42709],[99.20443,13.43319],[99.19919,13.4433],[99.20018,13.44578],[99.19732,13.45106],[99.20443,13.45533],[99.20711,13.45979],[99.20585,13.46749],[99.20221,13.47483],[99.20509,13.48227],[99.20191,13.48047],[99.19775,13.48263],[99.19115,13.49053],[99.1876,13.49752],[99.19124,13.50035],[99.18801,13.50512],[99.19196,13.51227],[99.18908,13.52827],[99.19127,13.53336],[99.19183,13.5448],[99.18737,13.54668],[99.1871,13.55039],[99.18292,13.55093],[99.17827,13.55598],[99.17722,13.56245],[99.17088,13.56402],[99.16815,13.57084],[99.16306,13.57406],[99.16647,13.57819],[99.16948,13.57811],[99.17841,13.58537],[99.17571,13.59406],[99.16856,13.60413],[99.16868,13.60685],[99.1654,13.61301],[99.16767,13.61565],[99.16717,13.62116],[99.17191,13.62964],[99.16894,13.64066],[99.17141,13.64732],[99.16633,13.65436],[99.1706,13.66362],[99.17068,13.67085],[99.16622,13.6733],[99.16517,13.68195],[99.17003,13.68359],[99.17156,13.68795],[99.1714,13.69262],[99.16737,13.69416],[99.16718,13.69814],[99.1702,13.70728],[99.16799,13.72565],[99.16164,13.7262],[99.15933,13.73267],[99.1549,13.73516],[99.15331,13.75641],[99.14656,13.75792],[99.143,13.75714],[99.13744,13.76125],[99.13284,13.76795],[99.13047,13.76697],[99.12685,13.768],[99.12155,13.77401],[99.12247,13.77633],[99.12156,13.78032],[99.11848,13.78412],[99.11951,13.78705],[99.11778,13.7955],[99.12199,13.80348],[99.12127,13.81345],[99.11628,13.81635],[99.11422,13.81994],[99.11564,13.82423],[99.11417,13.83085],[99.10788,13.83108],[99.1027,13.8336],[99.09967,13.83857],[99.10093,13.85432],[99.10602,13.86163],[99.10707,13.86593],[99.11089,13.86606],[99.10951,13.86975],[99.111,13.876],[99.10956,13.8863],[99.10818,13.88751],[99.10977,13.8903],[99.10557,13.89527],[99.09554,13.8903],[99.08904,13.89252],[99.081,13.89142],[99.07264,13.90505],[99.06723,13.90679],[99.06595,13.91691],[99.0611,13.92349],[99.05959,13.92998],[99.05404,13.9307],[99.04731,13.93929],[99.03734,13.94514],[99.03008,13.94661],[99.02328,13.94516],[99.01893,13.94698],[99.01996,13.95376],[99.017,13.95679],[99.01366,13.96525],[99.01512,13.9742],[99.01256,13.9836],[99.00935,13.99318],[99.0043,13.99686],[99.00561,14.00021],[98.99873,14.00967],[98.99816,14.01915],[98.99177,14.02041],[98.97149,14.03338],[98.97344,14.03986],[98.97028,14.0452],[98.97121,14.04903],[98.96875,14.05341],[98.97019,14.05672],[98.96871,14.06042],[98.96805,14.08031],[98.95962,14.0928],[98.95928,14.09705],[98.94525,14.09241],[98.93462,14.10193],[98.93081,14.10215],[98.92779,14.10667],[98.92036,14.11002],[98.90785,14.10904],[98.90385,14.1106],[98.89931,14.10865],[98.89717,14.11306],[98.89234,14.11559],[98.88724,14.12107],[98.87883,14.12377],[98.87551,14.12645],[98.87095,14.1422],[98.86706,14.1478],[98.86199,14.14737],[98.85854,14.14972],[98.84553,14.16332],[98.83976,14.16319],[98.83009,14.1753],[98.82495,14.17559],[98.81981,14.17228],[98.81367,14.17584],[98.80335,14.18769],[98.80065,14.18813],[98.79848,14.19311],[98.78447,14.19534],[98.78318,14.19844],[98.77738,14.2002],[98.776,14.20691],[98.77185,14.20907],[98.76727,14.20884],[98.76464,14.21335],[98.76075,14.21524],[98.75595,14.21492],[98.7477,14.22629],[98.74382,14.22852],[98.74308,14.23266],[98.73958,14.23207],[98.73526,14.23547],[98.73475,14.23828],[98.73167,14.24127],[98.72716,14.23874],[98.7243,14.23994],[98.71519,14.24679],[98.71159,14.25202],[98.70543,14.25345],[98.70065,14.26002],[98.69789,14.2748],[98.69205,14.27493],[98.68779,14.27261],[98.68107,14.27414],[98.67618,14.28254],[98.66792,14.28915],[98.66307,14.29184],[98.65793,14.2917],[98.65583,14.29485],[98.64626,14.30161],[98.64237,14.30134],[98.6329,14.31169],[98.63093,14.31593],[98.62594,14.31261],[98.61895,14.31437],[98.61449,14.31308],[98.6007,14.32366],[98.59718,14.32875],[98.59607,14.33462],[98.59708,14.33643],[98.59298,14.34473],[98.59425,14.36075],[98.597,14.3679],[98.59443,14.37137],[98.59352,14.37686],[98.58966,14.37042],[98.57628,14.36852],[98.57637,14.37491],[98.57331,14.38069],[98.57023,14.38083],[98.56486,14.38498],[98.56298,14.39714],[98.55676,14.40436],[98.55857,14.41225],[98.5577,14.41983],[98.55476,14.42201],[98.54796,14.42316],[98.54683,14.43095],[98.54932,14.43296],[98.54923,14.43494],[98.54221,14.44462],[98.5365,14.44265],[98.53321,14.44328],[98.53168,14.44864],[98.52433,14.45563],[98.52016,14.47087],[98.51719,14.47113],[98.51721,14.47335],[98.51103,14.47818],[98.51102,14.48184],[98.50912,14.48387],[98.51041,14.48639],[98.50971,14.49062],[98.50447,14.49604],[98.50528,14.50826],[98.50369,14.51074],[98.50171,14.51015],[98.49807,14.5123],[98.49722,14.52468],[98.49211,14.53995],[98.48902,14.53976],[98.48448,14.53413],[98.47192,14.53653],[98.46454,14.53039],[98.4619,14.53052],[98.46142,14.53854],[98.45865,14.54544],[98.45954,14.54813],[98.45582,14.55604],[98.45845,14.56023],[98.45969,14.57812],[98.45678,14.58156],[98.45168,14.58373],[98.44482,14.5927],[98.43679,14.60813],[98.4374,14.61306],[98.43365,14.61324],[98.42917,14.61801],[98.42523,14.61916],[98.42453,14.62235],[98.41998,14.62349],[98.41589,14.63037],[98.40759,14.63314],[98.40442,14.63746],[98.39929,14.63928],[98.39778,14.64237],[98.39517,14.64282],[98.37942,14.65423],[98.37884,14.65771],[98.3735,14.66351],[98.36634,14.66647],[98.36645,14.67084],[98.36242,14.68404],[98.3633,14.68838],[98.35341,14.69596],[98.35271,14.69899],[98.34841,14.70049],[98.34516,14.69975],[98.3406,14.7034],[98.33727,14.71054],[98.33427,14.71144],[98.32969,14.70614],[98.32367,14.70954],[98.32249,14.7156],[98.31683,14.72116],[98.31543,14.72663],[98.31107,14.72733],[98.31052,14.73067],[98.30657,14.73163],[98.30646,14.73784],[98.3027,14.74182],[98.30072,14.74816],[98.29703,14.75039],[98.29491,14.75773],[98.29427,14.76987],[98.28971,14.77426],[98.28389,14.77406],[98.27683,14.79184],[98.27703,14.79679],[98.27079,14.79946],[98.26642,14.80558],[98.26291,14.80738],[98.26123,14.81106],[98.2543,14.8137],[98.25091,14.82524],[98.24731,14.82992],[98.24774,14.83295],[98.25362,14.83617],[98.25406,14.83988],[98.25864,14.84363],[98.26063,14.85737],[98.25611,14.86377],[98.2446,14.87169],[98.24191,14.87695],[98.23336,14.88325],[98.23261,14.88738],[98.2299,14.88928],[98.23382,14.89444],[98.2341,14.89724],[98.24082,14.89836],[98.24576,14.90815],[98.24893,14.91131],[98.25012,14.91576],[98.24359,14.92331],[98.24338,14.93911],[98.23302,14.94331],[98.22852,14.94837],[98.23126,14.95371],[98.23244,14.96742],[98.22768,14.9686],[98.22078,14.97561],[98.21693,14.9754],[98.21563,14.97804],[98.20981,14.98109],[98.20884,14.98808],[98.21274,15.01957],[98.21917,15.02555],[98.22449,15.02694],[98.2287,15.03723],[98.23512,15.04279],[98.22108,15.05512],[98.22113,15.06003],[98.21689,15.06374],[98.21026,15.07726],[98.20494,15.07745],[98.20299,15.08296],[98.19995,15.08573],[98.19223,15.08789],[98.19023,15.09258],[98.18421,15.09651],[98.18541,15.10476],[98.18228,15.1091],[98.18452,15.11878],[98.18994,15.1308],[98.1954,15.13454],[98.18958,15.14054],[98.19022,15.14919],[98.19243,15.15245],[98.20005,15.15577],[98.20168,15.16526],[98.20756,15.16985],[98.20864,15.17161],[98.20774,15.17468],[98.21225,15.17676],[98.21366,15.18021],[98.213,15.18437],[98.20779,15.18992],[98.21008,15.19639],[98.20951,15.19999],[98.19897,15.21045],[98.20198,15.21489],[98.19834,15.21963],[98.2006,15.22537],[98.19765,15.23165],[98.19831,15.23366],[98.20287,15.23645],[98.20788,15.23399],[98.21375,15.23552],[98.22246,15.22375],[98.23232,15.22224],[98.23644,15.21944],[98.23976,15.22149],[98.24312,15.22033],[98.24752,15.2215],[98.25345,15.22556],[98.25794,15.22354],[98.26037,15.23516],[98.26755,15.24703],[98.27324,15.25145],[98.2802,15.27012],[98.29305,15.27306],[98.3035,15.28027],[98.2986,15.28847],[98.29775,15.29354],[98.29448,15.29763],[98.30059,15.30352],[98.29597,15.30848],[98.29573,15.31139],[98.29842,15.31312],[98.30284,15.3105],[98.30545,15.31319],[98.30765,15.31241],[98.31565,15.30676],[98.32744,15.3025],[98.33638,15.29442],[98.34486,15.29233],[98.35273,15.29291],[98.36419,15.28331],[98.37513,15.28188],[98.37907,15.27403],[98.38574,15.27016],[98.38831,15.27168],[98.39464,15.26318],[98.39899,15.26095],[98.40043,15.25555],[98.40215,15.25444],[98.40621,15.25952],[98.41415,15.26459],[98.41701,15.27281],[98.41342,15.28041],[98.41351,15.28376],[98.40899,15.28712],[98.41411,15.29441],[98.40825,15.30251],[98.40205,15.30588],[98.39089,15.30149],[98.38804,15.30112],[98.38811,15.30351],[98.40074,15.30961],[98.4,15.32156],[98.41164,15.32083],[98.41499,15.32318],[98.40993,15.33645],[98.41193,15.35306],[98.4158,15.3594],[98.41644,15.36338],[98.42838,15.36816],[98.43124,15.36793],[98.43248,15.36394],[98.43563,15.36169],[98.44163,15.36531],[98.44422,15.3712],[98.45535,15.36787],[98.45549,15.37131],[98.44964,15.38304],[98.45925,15.38612],[98.46314,15.37593],[98.47118,15.37224],[98.47281,15.37545],[98.4815,15.37776],[98.48103,15.38841],[98.48324,15.39188],[98.4901,15.39378],[98.49697,15.38861],[98.50007,15.38953],[98.50902,15.37586],[98.51607,15.37964],[98.51806,15.3759],[98.52144,15.37479],[98.52484,15.37085],[98.52823,15.37246],[98.53773,15.37063],[98.54159,15.36449],[98.54765,15.35896],[98.54459,15.35431],[98.55091,15.34469],[98.54742,15.34275],[98.54966,15.33778],[98.55462,15.33463],[98.55891,15.33614],[98.58036,15.37615],[98.58547,15.47101],[98.55304,15.60229],[98.56299,15.64027],[98.54662,15.68209],[98.5695,15.77525],[98.5843,15.81621],[98.61043,15.87656],[98.60415,15.8758],[98.60146,15.87292],[98.5959,15.87545],[98.59725,15.88542],[98.59378,15.8864],[98.58925,15.89419],[98.58935,15.90777],[98.58476,15.9169],[98.58879,15.93294],[98.59237,15.93824],[98.59245,15.9503],[98.59593,15.96036],[98.60238,15.96513],[98.60623,15.96513],[98.60905,15.97207],[98.60922,15.97592],[98.60645,15.98135],[98.60719,15.98535],[98.60474,15.99177],[98.60038,15.9969],[98.59677,16.0085],[98.59034,16.01407],[98.58477,16.01509],[98.57728,16.01995],[98.57489,16.02554],[98.56479,16.02993],[98.56168,16.0335],[98.56122,16.03752],[98.56686,16.05588],[98.57376,16.05753],[98.57876,16.06094],[98.58094,16.06401],[98.58127,16.07084],[98.58669,16.07537],[98.59686,16.07443],[98.60052,16.07346],[98.60279,16.06532],[98.60845,16.06112],[98.6056,16.05849],[98.6058,16.05612],[98.60367,16.05346],[98.60734,16.05107],[98.60836,16.04248],[98.61211,16.04239],[98.61385,16.03986],[98.61763,16.04233],[98.62516,16.04243],[98.63163,16.0486],[98.62699,16.06185],[98.63972,16.06081],[98.64266,16.06654],[98.66162,16.07378],[98.66265,16.07636],[98.65923,16.08224],[98.67111,16.08969],[98.67498,16.09548],[98.6745,16.09888],[98.66953,16.10389],[98.66633,16.10991],[98.6746,16.1121],[98.67792,16.11089],[98.68244,16.11162],[98.68259,16.11742],[98.67837,16.12584],[98.67935,16.12731],[98.68618,16.12824],[98.68669,16.13305],[98.69207,16.131],[98.69953,16.13481],[98.70892,16.1347],[98.71376,16.13183],[98.71639,16.12479],[98.71865,16.12293],[98.72799,16.1228],[98.74312,16.11887],[98.74974,16.12075],[98.75777,16.11967],[98.76661,16.12139],[98.7685,16.12024],[98.7726,16.12398],[98.78,16.12621],[98.78498,16.12304],[98.78506,16.1185],[98.78819,16.1143],[98.78868,16.11079],[98.79689,16.10628],[98.80204,16.10597],[98.80449,16.10358],[98.80971,16.10832],[98.82473,16.11332],[98.82963,16.11751],[98.82817,16.12081],[98.83116,16.12606],[98.83802,16.12723],[98.84157,16.12972],[98.8475,16.12753],[98.85196,16.13608],[98.84981,16.14016],[98.85237,16.14406],[98.85448,16.15647],[98.85087,16.16093],[98.85617,16.16326],[98.85747,16.16742],[98.86111,16.16851],[98.86239,16.1706],[98.85971,16.18201],[98.861,16.18718],[98.85422,16.19272],[98.85512,16.19475],[98.85959,16.19466],[98.86167,16.19869],[98.86001,16.20047],[98.85962,16.20695],[98.85498,16.21027],[98.85289,16.21388],[98.85312,16.21846],[98.85625,16.22189],[98.85584,16.22383],[98.8657,16.23292],[98.87088,16.23457],[98.8719,16.23834],[98.87517,16.23632],[98.87522,16.23263],[98.87759,16.23006],[98.88254,16.24005],[98.88783,16.24238],[98.88799,16.24832],[98.89346,16.24788],[98.90398,16.25424],[98.90482,16.26046],[98.91072,16.26864],[98.90702,16.27515],[98.91268,16.29303],[98.91106,16.29841],[98.91607,16.30573],[98.91918,16.30641],[98.92367,16.30455],[98.928,16.30652],[98.92782,16.31116],[98.92527,16.31284],[98.93204,16.32873],[98.92925,16.33771],[98.92445,16.3418],[98.92668,16.34482],[98.92597,16.34585],[98.92403,16.34693],[98.91767,16.34421],[98.91256,16.34439],[98.90914,16.34765],[98.9112,16.35258],[98.91728,16.35784],[98.92043,16.36993],[98.91715,16.37678],[98.91886,16.38472],[98.91724,16.38997],[98.90069,16.40066],[98.89647,16.40751],[98.89191,16.40736],[98.8891,16.41685],[98.88339,16.42303],[98.87882,16.42588],[98.87579,16.42259],[98.86811,16.42392],[98.86111,16.43007],[98.85833,16.42991],[98.85567,16.42884],[98.85041,16.42129],[98.84675,16.41933],[98.84315,16.41966],[98.84069,16.42231],[98.82893,16.42207],[98.82729,16.41268],[98.81332,16.39386],[98.81706,16.38885],[98.81695,16.38531],[98.81136,16.38386],[98.80976,16.3815],[98.79794,16.37622],[98.79655,16.37326],[98.79182,16.36988],[98.78479,16.36825],[98.78137,16.36325],[98.78292,16.35491],[98.77636,16.3499],[98.77679,16.34509],[98.77446,16.34485],[98.77215,16.34791],[98.76856,16.347],[98.76554,16.34283],[98.7613,16.34511],[98.75384,16.34391],[98.7474,16.34657],[98.74476,16.34486],[98.74541,16.34204],[98.74276,16.33824],[98.73643,16.33775],[98.73358,16.3327],[98.72814,16.33238],[98.72529,16.32273],[98.7285,16.31965],[98.72739,16.31561],[98.72543,16.3152],[98.72559,16.31288],[98.72148,16.31474],[98.71891,16.31023],[98.72061,16.30472],[98.72001,16.29684],[98.71905,16.29568],[98.71569,16.2967],[98.7138,16.29506],[98.71128,16.29562],[98.7093,16.29355],[98.7072,16.29439],[98.70736,16.28896],[98.70468,16.28351],[98.70667,16.28167],[98.7035,16.27881],[98.70477,16.27644],[98.70402,16.27273],[98.70158,16.27012],[98.69864,16.26874],[98.6947,16.27],[98.69222,16.27209],[98.69315,16.27552],[98.68683,16.27733],[98.68617,16.27928],[98.68406,16.27881],[98.68203,16.28202],[98.6792,16.2784],[98.68219,16.27678],[98.68093,16.2738],[98.67882,16.2734],[98.67773,16.27114],[98.67511,16.27205],[98.67381,16.27482],[98.67627,16.27987],[98.67324,16.28462],[98.66915,16.28366],[98.66937,16.2875],[98.66674,16.29182],[98.66928,16.29267],[98.66992,16.29973],[98.67165,16.30043],[98.66951,16.30136],[98.66891,16.30566],[98.67061,16.30641],[98.66768,16.3086],[98.67071,16.31106],[98.66954,16.31373],[98.67185,16.31743],[98.66909,16.31805],[98.66651,16.3164],[98.66369,16.31946],[98.66518,16.31994],[98.6651,16.32194],[98.66804,16.32248],[98.66675,16.32452],[98.66898,16.32631],[98.66663,16.33375],[98.66665,16.3458],[98.66504,16.3481],[98.65451,16.35049],[98.65301,16.35215],[98.65545,16.35755],[98.66216,16.35982],[98.66463,16.3644],[98.66242,16.36828],[98.65367,16.37024],[98.65461,16.37371],[98.65783,16.37562],[98.65829,16.37776],[98.65419,16.38284],[98.65329,16.38873],[98.64915,16.39354],[98.65079,16.39625],[98.65631,16.39946],[98.64367,16.40343],[98.64118,16.40966],[98.63626,16.41149],[98.63974,16.41422],[98.64043,16.41672],[98.63764,16.42578],[98.63972,16.43121],[98.65149,16.44851],[98.65785,16.45319],[98.65791,16.45703],[98.65279,16.46011],[98.65134,16.46289],[98.65144,16.47117],[98.64775,16.47372],[98.64425,16.47279],[98.64303,16.47891],[98.63397,16.47812],[98.63342,16.48421],[98.62988,16.48797],[98.62734,16.4959],[98.62095,16.49891],[98.614,16.50576],[98.60616,16.52679],[98.59887,16.53182],[98.59561,16.53752],[98.59821,16.54653],[98.59513,16.54722],[98.59032,16.54333],[98.58295,16.54758],[98.58341,16.55107],[98.58604,16.55119],[98.58688,16.55284],[98.5853,16.55916],[98.57849,16.55741],[98.57866,16.56653],[98.57264,16.56926],[98.5753,16.57341],[98.57708,16.57368],[98.57961,16.56701],[98.58474,16.56496],[98.587,16.56588],[98.58703,16.56826],[98.57981,16.57537],[98.58361,16.57741],[98.58287,16.58281],[98.58721,16.58671],[98.5855,16.59207],[98.58262,16.59519],[98.58403,16.5994],[98.58115,16.60091],[98.57672,16.59817],[98.57686,16.60604],[98.57114,16.6061],[98.57166,16.61118],[98.56899,16.61639],[98.57393,16.62089],[98.57149,16.62497],[98.57123,16.6318],[98.56821,16.6324],[98.56163,16.62984],[98.55924,16.63552],[98.55348,16.6337],[98.5487,16.63754],[98.54473,16.63859],[98.53764,16.63414],[98.5342,16.63501],[98.53087,16.64037],[98.52398,16.64287],[98.52408,16.64923],[98.52135,16.65037],[98.5183,16.64995],[98.51247,16.64408],[98.51181,16.64844],[98.51564,16.65849],[98.51551,16.66755],[98.51894,16.67608],[98.51514,16.68522],[98.51785,16.69345],[98.5118,16.69593],[98.51695,16.6987],[98.51745,16.70116],[98.50762,16.69817],[98.50304,16.69875],[98.50095,16.69162],[98.49695,16.69029],[98.49695,16.69339],[98.49907,16.69597],[98.49695,16.70012],[98.49695,16.70445],[98.50285,16.71084],[98.5018,16.71489],[98.49674,16.7173],[98.49491,16.71653],[98.49218,16.70891],[98.4907,16.7088],[98.48805,16.71442],[98.48461,16.71705],[98.4773,16.71549],[98.47536,16.7135],[98.47101,16.71426],[98.47009,16.71536],[98.4718,16.71768],[98.47718,16.71747],[98.47809,16.71924],[98.4743,16.72364],[98.46961,16.72484],[98.46868,16.72859],[98.46377,16.72791],[98.46308,16.72934],[98.46455,16.73354],[98.46911,16.73807],[98.46291,16.74665],[98.46298,16.7514],[98.46984,16.75186],[98.47561,16.74558],[98.47847,16.74614],[98.47938,16.74978],[98.4764,16.75344],[98.47699,16.76406],[98.48435,16.76733],[98.48936,16.77257],[98.48357,16.78009],[98.48372,16.78625],[98.48609,16.79022],[98.48998,16.7916],[98.49267,16.78866],[98.49534,16.79189],[98.49924,16.78556],[98.50301,16.78562],[98.50644,16.78802],[98.50641,16.79613],[98.5107,16.79784],[98.51431,16.79603],[98.51486,16.79154],[98.52045,16.79027],[98.52514,16.79592],[98.52557,16.79955],[98.51636,16.79788],[98.51433,16.80162],[98.51487,16.80455],[98.52106,16.80787],[98.53077,16.81016],[98.53406,16.80956],[98.54652,16.81245],[98.5478,16.81396],[98.54599,16.81757],[98.54119,16.82027],[98.5379,16.8292],[98.5325,16.82958],[98.52606,16.82697],[98.52297,16.83484],[98.51535,16.83745],[98.50817,16.83694],[98.50261,16.83223],[98.49212,16.8415],[98.49635,16.85267],[98.49688,16.86001],[98.50054,16.86381],[98.50747,16.86645],[98.50972,16.86352],[98.51081,16.85605],[98.51306,16.85555],[98.51553,16.85741],[98.51372,16.8672],[98.50707,16.87672],[98.50841,16.87951],[98.51717,16.87957],[98.5219,16.87654],[98.52481,16.87125],[98.53279,16.86701],[98.53586,16.86001],[98.53833,16.85943],[98.54002,16.86136],[98.52653,16.8837],[98.52877,16.89085],[98.53566,16.89343],[98.53572,16.89894],[98.51336,16.90189],[98.51287,16.90453],[98.52138,16.91057],[98.52162,16.91727],[98.51995,16.91822],[98.50912,16.9163],[98.50901,16.91188],[98.50736,16.91072],[98.50127,16.91755],[98.50231,16.92175],[98.50604,16.92543],[98.50556,16.92786],[98.49891,16.9286],[98.49527,16.92449],[98.49045,16.92264],[98.48926,16.92455],[98.49093,16.93403],[98.48291,16.93772],[98.48402,16.94104],[98.49039,16.94391],[98.49737,16.9503],[98.50153,16.94973],[98.50491,16.94441],[98.50841,16.94516],[98.50798,16.94862],[98.49925,16.9577],[98.49694,16.95777],[98.49671,16.95647],[98.48885,16.95779],[98.48993,16.96811],[98.48762,16.97123],[98.48114,16.97157],[98.47559,16.96822],[98.46974,16.9707],[98.46924,16.97375],[98.47817,16.97662],[98.48077,16.97981],[98.47339,16.98618],[98.47267,16.99523],[98.46932,16.9962],[98.46467,16.99204],[98.45837,16.99121],[98.44849,16.99698],[98.45019,17.00397],[98.45531,17.01125],[98.4521,17.01629],[98.45564,17.01988],[98.45541,17.02215],[98.45152,17.02471],[98.44451,17.02341],[98.44105,17.02069],[98.43029,17.02222],[98.43666,17.02745],[98.43832,17.03219],[98.4378,17.03603],[98.43061,17.03937],[98.42402,17.03785],[98.42432,17.04353],[98.42098,17.04562],[98.41635,17.04302],[98.41103,17.05407],[98.40398,17.05611],[98.40172,17.05378],[98.4005,17.04806],[98.39713,17.04734],[98.39074,17.05263],[98.39314,17.05842],[98.39021,17.06057],[98.38638,17.05963],[98.38407,17.05704],[98.37971,17.05905],[98.37546,17.05565],[98.37068,17.05626],[98.36082,17.04896],[98.35153,17.04987],[98.34495,17.04811],[98.33715,17.05132],[98.33336,17.0572],[98.32771,17.06002],[98.3222,17.06659],[98.31812,17.06892],[98.31478,17.07686],[98.31224,17.07889],[98.31262,17.08887],[98.30838,17.09006],[98.3027,17.08863],[98.29964,17.0911],[98.30047,17.09283],[98.30541,17.0945],[98.3087,17.10067],[98.31116,17.0998],[98.31376,17.09505],[98.31568,17.09486],[98.31698,17.09654],[98.31721,17.10489],[98.32261,17.11102],[98.31902,17.11237],[98.30848,17.11182],[98.30284,17.10748],[98.30128,17.10774],[98.29917,17.11088],[98.29816,17.12744],[98.29335,17.1228],[98.2953,17.11684],[98.29324,17.11395],[98.28604,17.11167],[98.28023,17.11552],[98.28318,17.1262],[98.28651,17.13041],[98.28471,17.14374],[98.28837,17.1447],[98.29651,17.14166],[98.29812,17.14411],[98.29673,17.14969],[98.28749,17.15623],[98.27865,17.15182],[98.27127,17.15209],[98.26723,17.16097],[98.26975,17.16402],[98.27989,17.16844],[98.27931,17.1733],[98.26652,17.17734],[98.25904,17.17519],[98.25879,17.17841],[98.26412,17.18442],[98.26247,17.18754],[98.25981,17.18761],[98.24925,17.18249],[98.24846,17.18535],[98.25148,17.19723],[98.24903,17.19788],[98.24596,17.19541],[98.24422,17.19813],[98.24703,17.21074],[98.23975,17.21024],[98.23189,17.20337],[98.22982,17.20304],[98.22775,17.20566],[98.22796,17.20915],[98.23451,17.21712],[98.24411,17.22094],[98.24498,17.22617],[98.24258,17.22901],[98.23855,17.22988],[98.22873,17.22115],[98.22589,17.22181],[98.22087,17.22715],[98.21236,17.22923],[98.20854,17.23697],[98.20887,17.24417],[98.20593,17.2493],[98.19708,17.25486],[98.18808,17.25591],[98.17983,17.25907],[98.17415,17.25905],[98.17139,17.26376],[98.16675,17.26318],[98.16558,17.26641],[98.16732,17.27318],[98.16168,17.27901],[98.15226,17.28411],[98.14651,17.29202],[98.13516,17.29259],[98.13822,17.29975],[98.13456,17.30639],[98.12904,17.30767],[98.1291,17.31413],[98.12646,17.31971],[98.11979,17.32313],[98.11579,17.31923],[98.11128,17.32125],[98.10576,17.33691],[98.10522,17.34533],[98.10739,17.35019],[98.10523,17.35377],[98.10923,17.35678],[98.11082,17.36271],[98.1191,17.37078],[98.11972,17.37336],[98.11757,17.37547],[98.11001,17.37619],[98.10842,17.38236],[98.1105,17.38357],[98.11045,17.38537],[98.102,17.3905],[98.09351,17.39109],[98.08876,17.39598],[98.08076,17.38982],[98.07844,17.39575],[98.07286,17.40072],[98.07112,17.40752],[98.06483,17.41174],[98.06116,17.41994],[98.05734,17.42308],[98.05194,17.42464],[98.04571,17.42991],[98.04725,17.43389],[98.05215,17.43397],[98.056,17.43615],[98.05678,17.4412],[98.05356,17.44317],[98.04857,17.44282],[98.04211,17.45069],[98.03683,17.45226],[98.02581,17.46874],[98.01439,17.47973],[98.0089,17.48865],[98.0049,17.49104],[97.99164,17.51077],[97.98817,17.51206],[97.98295,17.50893],[97.97959,17.51],[97.97078,17.50829],[97.96547,17.51662],[97.96777,17.52107],[97.96232,17.52783],[97.93991,17.53172],[97.93491,17.53371],[97.93273,17.53847],[97.92364,17.53924],[97.92204,17.55061],[97.91913,17.55803],[97.91495,17.55879],[97.9104,17.56311],[97.91116,17.56778],[97.90807,17.57275],[97.90786,17.58061],[97.90511,17.58489],[97.88942,17.5974],[97.88057,17.60139],[97.87616,17.60751],[97.87229,17.60848],[97.85052,17.62457],[97.84017,17.6375],[97.82948,17.64542],[97.82663,17.65134],[97.82166,17.65296],[97.82044,17.65954],[97.81834,17.66223],[97.80414,17.67107],[97.80214,17.67559],[97.79399,17.67901],[97.7912,17.69198],[97.77849,17.70599],[97.77406,17.70784],[97.7693,17.71775],[97.76314,17.72476],[97.76517,17.73041],[97.76286,17.73437],[97.76311,17.74521],[97.76656,17.74674],[97.76996,17.74617],[97.77447,17.75105],[97.77016,17.75336],[97.7651,17.75921],[97.75887,17.76995],[97.75133,17.7681],[97.74581,17.76999],[97.74261,17.78481],[97.7464,17.78595],[97.74601,17.78159],[97.7483,17.78203],[97.75265,17.77753],[97.75817,17.77805],[97.76233,17.77628],[97.77372,17.77837],[97.78591,17.78477],[97.79558,17.77706],[97.80559,17.77972],[97.8169,17.78608],[97.82709,17.78064],[97.84822,17.77878],[97.8561,17.78417],[97.86094,17.78535],[97.86264,17.78986],[97.86807,17.78885],[97.87087,17.79422],[97.8777,17.79495],[97.88555,17.80087],[97.89546,17.80424],[97.90289,17.81011],[97.90609,17.8145],[97.90642,17.81836],[97.8992,17.82927],[97.89948,17.83264],[97.9074,17.84002],[97.91151,17.85373],[97.91868,17.85844],[97.93655,17.85754],[97.94484,17.85872],[97.95378,17.86048],[97.95623,17.86378],[97.96255,17.86595],[97.9657,17.86475],[97.96916,17.86819],[97.97332,17.865],[97.97278,17.86193],[97.96719,17.85666],[97.97023,17.85168],[97.97071,17.8473],[97.97208,17.84644],[97.97478,17.84801],[97.98255,17.83667],[97.9813,17.83234],[97.97736,17.83086],[97.97523,17.82302],[97.98019,17.82292],[97.97992,17.81378],[97.99138,17.81011],[97.98568,17.80707],[97.98695,17.79834],[97.99034,17.7965],[97.99212,17.79097],[97.99492,17.78827],[97.99418,17.78683],[97.98946,17.78619],[97.99216,17.78353],[97.99613,17.78595],[97.99951,17.78011],[97.99628,17.7763],[98.00594,17.775],[98.01016,17.76927],[98.01048,17.76556],[98.008,17.76277],[98.01031,17.75659],[98.01471,17.75541],[98.01187,17.74899],[98.01582,17.7472],[98.02165,17.73876],[98.02077,17.73595],[98.01402,17.7396],[98.01545,17.73295],[98.02108,17.73262],[98.022,17.72469],[98.02757,17.7209],[98.02333,17.71047],[98.02503,17.70947],[98.02988,17.71124],[98.03157,17.71001],[98.0316,17.7013],[98.03886,17.69442],[98.04048,17.68943],[98.03913,17.68688],[98.04311,17.68055],[98.04041,17.67532],[98.04323,17.67475],[98.04486,17.67014],[98.04741,17.669],[98.04655,17.66451],[98.05198,17.66687],[98.05755,17.66244],[98.05907,17.65761],[98.06189,17.65607],[98.06326,17.65099],[98.06207,17.64851],[98.06722,17.64946],[98.07265,17.6476],[98.07398,17.64518],[98.08743,17.63562],[98.09015,17.63642],[98.09757,17.62199],[98.1016,17.62238],[98.0994,17.61493],[98.10674,17.61129],[98.10502,17.60811],[98.10725,17.60476],[98.10465,17.60352],[98.10324,17.60008],[98.10631,17.59742],[98.10629,17.5944],[98.1101,17.59252],[98.10655,17.5873],[98.10902,17.5819],[98.11293,17.58121],[98.11213,17.57737],[98.1269,17.56736],[98.12578,17.55885],[98.12972,17.55447],[98.12903,17.55206],[98.13179,17.55014],[98.13098,17.54669],[98.13609,17.54165],[98.14247,17.54251],[98.14997,17.54123],[98.16695,17.5472],[98.17474,17.54331],[98.17865,17.53732],[98.18253,17.53856],[98.18672,17.53744],[98.18804,17.5394],[98.19689,17.54261],[98.20198,17.53967],[98.20922,17.54012],[98.21322,17.54186],[98.21757,17.54686],[98.22703,17.54559],[98.23322,17.54999],[98.23866,17.54974],[98.24092,17.55526],[98.2494,17.55799],[98.24957,17.56501],[98.25234,17.56974],[98.25656,17.57345],[98.2618,17.57419],[98.2654,17.57871],[98.27096,17.57956],[98.28401,17.57556],[98.29838,17.57589],[98.30246,17.5657],[98.29916,17.55877],[98.29889,17.55303],[98.30544,17.54994],[98.30814,17.54364],[98.309,17.53584],[98.30651,17.53315],[98.31475,17.52696],[98.31291,17.51705],[98.31647,17.51077],[98.31692,17.50312],[98.32093,17.50014],[98.3274,17.48903],[98.32965,17.4705],[98.32497,17.46057],[98.32305,17.44899],[98.31979,17.44423],[98.31973,17.43534],[98.32752,17.42931],[98.32437,17.42458],[98.32284,17.41671],[98.31019,17.41376],[98.30588,17.41064],[98.30213,17.41271],[98.29753,17.41225],[98.29166,17.40746],[98.29978,17.39977],[98.30309,17.39238],[98.3192,17.37949],[98.31997,17.37563],[98.31688,17.37263],[98.31763,17.36532],[98.32324,17.36269],[98.32458,17.35902],[98.33418,17.34878],[98.33023,17.34041],[98.33198,17.32897],[98.31728,17.32153],[98.32104,17.31869],[98.32225,17.31065],[98.32659,17.30802],[98.33082,17.30154],[98.33835,17.29704],[98.35081,17.29402],[98.35606,17.28934],[98.361,17.28846],[98.35813,17.27501],[98.35905,17.27278],[98.37073,17.26701],[98.37569,17.26138],[98.37689,17.25569],[98.39262,17.24232],[98.39695,17.24687],[98.40181,17.24518],[98.40635,17.24807],[98.41005,17.24746],[98.41272,17.25223],[98.42095,17.25287],[98.42633,17.25652],[98.43017,17.25717],[98.43542,17.26095],[98.43606,17.26614],[98.43902,17.26563],[98.44083,17.26884],[98.44518,17.26857],[98.44985,17.27132],[98.45382,17.26921],[98.45591,17.27018],[98.45575,17.27272],[98.459,17.27288],[98.46076,17.27567],[98.47402,17.27502],[98.47826,17.27671],[98.48118,17.27339],[98.48862,17.27255],[98.49011,17.27027],[98.49263,17.27261],[98.497,17.27273],[98.5033,17.27985],[98.51,17.27934],[98.51966,17.28109],[98.52385,17.27698],[98.53247,17.27434],[98.53604,17.27561],[98.54411,17.28299],[98.55265,17.28161],[98.56341,17.28249],[98.56619,17.28533],[98.57393,17.28451],[98.5757,17.28701],[98.57578,17.29112],[98.57893,17.29458],[98.57623,17.30122],[98.57063,17.30166],[98.56393,17.29882],[98.56219,17.29661],[98.55699,17.29708],[98.56092,17.30913],[98.556,17.31062],[98.55669,17.31382],[98.55904,17.31543],[98.55984,17.32314],[98.5551,17.33775],[98.55883,17.34596],[98.56314,17.34837],[98.56304,17.35173],[98.55448,17.35611],[98.54839,17.35402],[98.54247,17.35645],[98.53919,17.36142],[98.53952,17.36696],[98.55559,17.39816],[98.5539,17.40824],[98.55702,17.42025],[98.55437,17.42771],[98.54756,17.43252],[98.55416,17.42939],[98.56283,17.42891],[98.56471,17.426],[98.56629,17.42641],[98.56884,17.41875],[98.57122,17.41623],[98.57749,17.42031],[98.59031,17.42015],[98.59343,17.42138],[98.59586,17.41778],[98.599,17.41875],[98.61379,17.41472],[98.61637,17.416],[98.6223,17.41451],[98.62614,17.41835],[98.62196,17.42549],[98.62787,17.4286],[98.63459,17.44141],[98.64595,17.44605],[98.64459,17.4502],[98.64258,17.4507],[98.64199,17.4484],[98.64043,17.44861],[98.641,17.4506],[98.63455,17.45599],[98.63402,17.45911],[98.63069,17.45913],[98.62822,17.46243],[98.62879,17.46452],[98.62623,17.47029],[98.61624,17.484],[98.61198,17.48717],[98.61152,17.49052],[98.61364,17.49419],[98.61196,17.50175],[98.60336,17.50704],[98.59504,17.51473],[98.59961,17.51662],[98.60787,17.52615],[98.61461,17.52898],[98.61614,17.53938],[98.62005,17.54926],[98.60918,17.55384],[98.59928,17.55255],[98.5934,17.55565],[98.58644,17.57127],[98.57951,17.57316],[98.57422,17.58096],[98.57323,17.58661],[98.56626,17.59636],[98.54473,17.61479],[98.5319,17.61785],[98.5334,17.62093],[98.53175,17.62127],[98.52929,17.63399],[98.5322,17.63861],[98.5315,17.64731],[98.52724,17.65773],[98.52835,17.661],[98.52497,17.66612],[98.52186,17.68016],[98.5233,17.69112],[98.52189,17.69749],[98.52437,17.70107],[98.52528,17.70733],[98.52365,17.71224],[98.52075,17.71486],[98.51918,17.72584],[98.51623,17.73],[98.51724,17.73588],[98.50577,17.75303],[98.50368,17.75891],[98.50571,17.76777],[98.50915,17.77106],[98.50802,17.78227],[98.50985,17.78799],[98.50665,17.79052],[98.50552,17.79408],[98.50312,17.79369],[98.4964,17.7978],[98.49312,17.80303],[98.49206,17.81195],[98.49605,17.8161],[98.50368,17.81573],[98.50908,17.81216],[98.51491,17.81687],[98.51385,17.82338],[98.5176,17.82493],[98.52228,17.82425],[98.52338,17.82131],[98.53186,17.81423],[98.54388,17.81121],[98.56026,17.79584],[98.56474,17.79793],[98.56555,17.80126],[98.57066,17.80662],[98.57101,17.81057],[98.57896,17.80834],[98.58217,17.80019],[98.58954,17.80074],[98.59139,17.8042],[98.59672,17.80342],[98.60621,17.79117],[98.60789,17.78537],[98.61045,17.78467],[98.61372,17.78019],[98.61926,17.77872],[98.62186,17.77985],[98.62456,17.77652],[98.63099,17.78377],[98.63367,17.79327],[98.63156,17.8002],[98.63531,17.80432],[98.63872,17.81437],[98.64845,17.81755],[98.65483,17.82703],[98.65872,17.8264],[98.66081,17.82985],[98.67065,17.83328],[98.67242,17.82924],[98.6713,17.81962],[98.67456,17.81728],[98.67897,17.80434],[98.68365,17.79881],[98.68727,17.7798],[98.69418,17.77482],[98.69728,17.76861],[98.7053,17.76102],[98.70498,17.75288],[98.70191,17.74758],[98.70338,17.74308],[98.70715,17.73793],[98.71683,17.73237],[98.72373,17.72589],[98.72521,17.72374],[98.7249,17.71624],[98.73929,17.70698],[98.74386,17.70065],[98.74539,17.69317],[98.74502,17.68982],[98.73852,17.68349],[98.73051,17.68181],[98.72489,17.67666],[98.69779,17.66679],[98.68718,17.66718],[98.6838,17.66445],[98.6892,17.65542],[98.6844,17.64833],[98.68443,17.64474],[98.69126,17.63005],[98.68786,17.62487],[98.68978,17.61461],[98.6836,17.60222],[98.68269,17.59598],[98.68597,17.59122],[98.69388,17.58518],[98.69541,17.57434],[98.70213,17.55592],[98.7039,17.54289],[98.70145,17.53282],[98.70273,17.5277],[98.70176,17.52316],[98.69647,17.5148],[98.69803,17.50992],[98.70549,17.49994],[98.70418,17.49473],[98.70507,17.48569],[98.70151,17.48312],[98.69957,17.47877],[98.68794,17.47437],[98.68213,17.45987],[98.68269,17.45188],[98.68061,17.44688],[98.68872,17.43721],[98.69073,17.43236],[98.69094,17.42607],[98.69925,17.43414],[98.70343,17.44833],[98.70915,17.45389],[98.71266,17.45485],[98.71835,17.46543],[98.72603,17.46374],[98.74167,17.46874],[98.7493,17.46792],[98.75428,17.47069],[98.75656,17.47839],[98.76311,17.48409],[98.77728,17.48942],[98.77865,17.4927],[98.78557,17.49612],[98.79631,17.499],[98.81232,17.49826],[98.81441,17.49938],[98.81764,17.50926],[98.8287,17.51458],[98.83049,17.51496],[98.83324,17.51241],[98.83922,17.5149],[98.85427,17.51367],[98.85929,17.51092],[98.86966,17.50055],[98.87161,17.49311],[98.87012,17.4906],[98.87916,17.4912],[98.88061,17.49558],[98.87881,17.4984],[98.88199,17.50953],[98.88947,17.51395],[98.89074,17.51905],[98.89405,17.51884],[98.89908,17.52905],[98.90992,17.53628],[98.91391,17.53216],[98.92129,17.53028],[98.92439,17.52672],[98.92157,17.51196],[98.92828,17.50622],[98.92646,17.50345],[98.92661,17.49941],[98.92991,17.49513],[98.92629,17.49276],[98.9294,17.48499],[98.93216,17.48363],[98.93126,17.47421],[98.9368,17.4746],[98.93749,17.47064],[98.94592,17.46863],[98.95583,17.47459],[98.95914,17.46303],[98.96268,17.46662],[98.96899,17.46482],[98.97952,17.46584],[98.98559,17.46007],[98.98758,17.45488],[98.99218,17.45248],[98.99299,17.44692],[98.9966,17.44521],[99.00097,17.43862],[99.00513,17.4356],[99.00676,17.42865],[99.01347,17.4231],[99.01209,17.41469],[99.01681,17.41423],[99.01814,17.41185],[99.02257,17.4107],[99.03221,17.41076],[99.03406,17.40299],[99.04123,17.39803],[99.04337,17.39455],[99.04157,17.39052],[99.04301,17.38893],[99.04851,17.38608],[99.05722,17.38781],[99.06485,17.38356],[99.0676,17.37712],[99.07637,17.37234],[99.08805,17.37648],[99.10257,17.36597],[99.10933,17.35875],[99.11347,17.3632],[99.11274,17.37049],[99.1139,17.37266],[99.11517,17.36889],[99.1213,17.36455],[99.12789,17.36526],[99.13417,17.3615],[99.14176,17.35997],[99.14701,17.35431],[99.15185,17.34491],[99.15273,17.34765],[99.15709,17.34613],[99.17209,17.33622],[99.17615,17.34165],[99.17645,17.3484],[99.18891,17.35339],[99.19079,17.35632],[99.19551,17.35893],[99.19913,17.36463],[99.20754,17.36975],[99.20913,17.37406],[99.20633,17.38137],[99.213,17.39104],[99.22629,17.40503],[99.22934,17.40546],[99.23807,17.40258],[99.25003,17.40651],[99.26116,17.40544],[99.268,17.40193],[99.27089,17.3995],[99.27543,17.38117],[99.27291,17.37536],[99.27033,17.35915],[99.27117,17.3487],[99.27455,17.34509],[99.27764,17.34514],[99.27797,17.33769],[99.27614,17.33174],[99.285,17.31984],[99.28678,17.31183],[99.29324,17.30803],[99.29662,17.30325],[99.29662,17.29815],[99.29976,17.29416],[99.29713,17.29206],[99.29783,17.28671],[99.30229,17.27814],[99.30318,17.27303],[99.30875,17.27018],[99.31358,17.27102],[99.31622,17.26935],[99.31921,17.2619],[99.3211,17.24893],[99.32089,17.24217],[99.31893,17.23762],[99.32003,17.22987],[99.3181,17.22433],[99.31369,17.21908],[99.31942,17.21197],[99.31647,17.20389],[99.31491,17.19295],[99.31195,17.18793],[99.31343,17.18519],[99.31356,17.17663],[99.31769,17.17054],[99.31883,17.15734],[99.31437,17.14455],[99.31619,17.14237],[99.32849,17.13919],[99.32989,17.13743],[99.32061,17.12708],[99.32185,17.11285],[99.32979,17.10413],[99.33089,17.09963],[99.33783,17.0958],[99.33906,17.09354],[99.35002,17.09543],[99.35334,17.09433],[99.35462,17.09553],[99.3593,17.09214],[99.36424,17.09236],[99.36738,17.09675],[99.3704,17.09753],[99.37028,17.09495],[99.37379,17.09523],[99.38113,17.09011],[99.38517,17.08255],[99.3912,17.08418],[99.39335,17.08312],[99.39216,17.0758],[99.38721,17.07045],[99.39088,17.06755],[99.39147,17.05865],[99.39365,17.05463],[99.39108,17.04895],[99.39368,17.04662],[99.39143,17.04219],[99.39299,17.0382],[99.3918,17.03648],[99.39265,17.03036],[99.39471,17.02933],[99.39441,17.02696],[99.39731,17.02257],[99.40819,17.0216],[99.40994,17.01864],[99.41403,17.01932],[99.41914,17.01575],[99.42252,17.00549],[99.42161,16.99945],[99.4281,16.99308],[99.42861,16.98453],[99.43606,16.977],[99.4407,16.96408],[99.44348,16.96439],[99.44528,16.96115],[99.44365,16.9544],[99.44475,16.95012],[99.44321,16.94743],[99.45054,16.94348],[99.45312,16.93887],[99.45085,16.92632],[99.44726,16.92135],[99.44648,16.91558],[99.44955,16.9042],[99.44991,16.89606],[99.44804,16.89014],[99.45347,16.88407],[99.45973,16.88422],[99.46493,16.87945],[99.46585,16.87669],[99.46458,16.87168],[99.46858,16.86745],[99.45972,16.86356],[99.44738,16.86984],[99.43782,16.87128],[99.4299,16.8649],[99.42595,16.86401],[99.41668,16.86551],[99.41848,16.86125],[99.41507,16.85374],[99.41435,16.84716],[99.40589,16.84187],[99.39539,16.84235],[99.38708,16.83493],[99.38228,16.83554],[99.38702,16.82708],[99.38457,16.82278],[99.38214,16.82256],[99.38789,16.81416],[99.38664,16.81114],[99.37654,16.81225],[99.37243,16.80715],[99.36803,16.80531],[99.34502,16.81366],[99.32485,16.81504],[99.31817,16.80319],[99.3165,16.7963],[99.30238,16.79347],[99.29628,16.78988],[99.29199,16.7851],[99.29221,16.77976],[99.29406,16.77625],[99.30463,16.7708],[99.30635,16.76824],[99.30311,16.75543],[99.30445,16.75039],[99.30231,16.74509],[99.30305,16.73922],[99.29708,16.73127],[99.29789,16.72667],[99.29536,16.71846],[99.28174,16.70649],[99.28431,16.69692],[99.2825,16.68898],[99.28024,16.68641],[99.27127,16.68367],[99.2754,16.67747],[99.27245,16.67412],[99.27218,16.6687],[99.2658,16.67121],[99.26086,16.66676],[99.24674,16.6621],[99.2484,16.65738],[99.2461,16.65435],[99.24775,16.64417],[99.24309,16.6395],[99.24398,16.63728],[99.24264,16.63228],[99.24393,16.62907],[99.24282,16.62386],[99.24439,16.61755],[99.24661,16.61664],[99.2468,16.61264],[99.255,16.60322],[99.25142,16.5984],[99.25087,16.59661],[99.25251,16.59474],[99.24971,16.59085],[99.25391,16.58401],[99.25717,16.58222],[99.25437,16.57965],[99.25585,16.56744],[99.25307,16.56086],[99.2489,16.5592],[99.24519,16.55473],[99.24785,16.55123],[99.24763,16.5488],[99.24431,16.54603],[99.24267,16.54032],[99.23979,16.53804],[99.24056,16.53354],[99.23278,16.53292],[99.22999,16.5347],[99.22937,16.5331],[99.22262,16.53181],[99.21946,16.52738],[99.20566,16.53232],[99.19979,16.53153],[99.19672,16.53713],[99.19138,16.53883],[99.18911,16.53479],[99.19137,16.53103],[99.18031,16.53224],[99.17915,16.53019],[99.18012,16.52681],[99.17644,16.52586],[99.17116,16.52136],[99.16751,16.5121],[99.17248,16.51225],[99.17358,16.51097],[99.16465,16.50281],[99.16331,16.5029],[99.16226,16.50702],[99.15919,16.50396],[99.15616,16.50471],[99.15406,16.50004],[99.15052,16.50346],[99.1486,16.50079],[99.14493,16.49932],[99.13998,16.50039],[99.13792,16.49458],[99.13469,16.49409],[99.13429,16.49049],[99.12955,16.48944],[99.13023,16.48712],[99.12602,16.48601],[99.12736,16.48278],[99.12513,16.48162],[99.12514,16.47922],[99.12305,16.4789],[99.122,16.47468],[99.1187,16.47672],[99.12079,16.47831],[99.12,16.47899],[99.11294,16.47922],[99.11074,16.47761],[99.10733,16.48068],[99.10578,16.47674],[99.10018,16.47743],[99.09937,16.47357],[99.09449,16.47545],[99.08354,16.46939],[99.07484,16.46746],[99.06692,16.46111],[99.05768,16.44801],[99.0478,16.43125],[99.047,16.42892],[99.04861,16.42584],[99.04425,16.41856],[99.04029,16.41733],[99.03717,16.42073],[99.02722,16.42183],[99.02371,16.42084],[99.01976,16.41667],[99.01978,16.39824],[99.01616,16.38696],[99.02275,16.38283],[99.03263,16.3849],[99.03713,16.38275],[99.04163,16.37419],[99.04194,16.35593],[99.04502,16.35346],[99.04212,16.34709],[99.04235,16.3385],[99.05026,16.33523],[99.05216,16.33026],[99.05246,16.32142],[99.05042,16.31569],[99.05353,16.30916],[99.04898,16.30259],[99.04452,16.29917],[99.04223,16.2922],[99.04602,16.28156],[99.04555,16.27613],[99.04779,16.27011],[99.04889,16.25939],[99.05374,16.25373],[99.05491,16.24681],[99.06393,16.24109],[99.06519,16.23585],[99.0722,16.22945],[99.07457,16.2219],[99.07872,16.21925],[99.0831,16.2133],[99.08081,16.20163],[99.07372,16.19646],[99.07304,16.18661],[99.06992,16.1817],[99.07006,16.17449],[99.06832,16.17259],[99.06761,16.16524],[99.05605,16.16468],[99.05061,16.16037],[99.0514,16.15704],[99.04935,16.14446],[99.0509,16.14185],[99.05028,16.13787],[99.05211,16.13542],[99.05619,16.13495],[99.05922,16.13261],[99.06804,16.13289],[99.0722,16.12904],[99.07723,16.12745],[99.08107,16.12395],[99.08328,16.11426],[99.08838,16.11388],[99.0904,16.11181],[99.09383,16.103],[99.10287,16.10099],[99.10473,16.10229],[99.108,16.09978],[99.10804,16.08889],[99.10661,16.08663],[99.10905,16.08226],[99.11421,16.08003],[99.11648,16.07451],[99.11571,16.06855],[99.11278,16.06366],[99.11471,16.0606],[99.10895,16.05578],[99.10573,16.0498],[99.09132,16.04522],[99.08695,16.04189],[99.08688,16.0332],[99.08351,16.02626],[99.08147,16.00727],[99.08609,15.99689],[99.08875,15.97981],[99.08597,15.97212],[99.08266,15.97032],[99.08031,15.96523],[99.07699,15.96177],[99.07508,15.96201],[99.07447,15.95969],[99.07524,15.95189],[99.07986,15.95041],[99.08074,15.94859],[99.08631,15.948],[99.08902,15.9451],[99.09048,15.93733],[99.09691,15.93091],[99.09571,15.92449],[99.08665,15.9149],[99.08548,15.90989],[99.08665,15.90572],[99.08563,15.90007],[99.08842,15.89417],[99.08616,15.88497],[99.08898,15.87909],[99.09518,15.87523],[99.09735,15.87116],[99.09409,15.86117],[99.09446,15.85856],[99.09877,15.85378],[99.0947,15.83744],[99.09626,15.8314],[99.10368,15.82725],[99.1033,15.82109],[99.12355,15.81463],[99.13129,15.80725],[99.13619,15.78937],[99.13246,15.7857],[99.12978,15.77879],[99.12763,15.76712],[99.13022,15.7593],[99.13117,15.74885],[99.13391,15.74518],[99.13505,15.73795],[99.1383,15.73512],[99.13886,15.73125],[99.13344,15.72828],[99.1308,15.72477],[99.12811,15.71321],[99.13008,15.70632],[99.12749,15.7012],[99.12444,15.69985],[99.12595,15.69617],[99.11727,15.68335],[99.11613,15.67584],[99.11166,15.6682],[99.11555,15.66318],[99.11181,15.64968],[99.11668,15.6455],[99.11576,15.63351],[99.11009,15.62489],[99.10685,15.61598],[99.09758,15.61136],[99.09632,15.6005],[99.0919,15.59241],[99.09415,15.58265],[99.07846,15.57639],[99.06738,15.5687],[99.06119,15.56796],[99.05251,15.56421],[99.04832,15.55534],[99.05067,15.54391],[99.05401,15.54019],[99.05519,15.52505],[99.06042,15.51924],[99.07288,15.51195],[99.07841,15.49981],[99.07575,15.48826],[99.0716,15.48041],[99.06872,15.47931],[99.06447,15.47331],[99.06353,15.4688],[99.06513,15.46342],[99.05886,15.45965],[99.05963,15.44886],[99.05588,15.44414],[99.0576,15.44036],[99.0618,15.43766],[99.06435,15.42847],[99.06354,15.42333],[99.06772,15.41999],[99.06855,15.41429],[99.06666,15.3991],[99.06875,15.39787],[99.0683,15.39461],[99.06594,15.39258],[99.05896,15.3947],[99.0548,15.38241],[99.0508,15.38265],[99.04686,15.37618],[99.04358,15.37629],[99.04643,15.36416],[99.04493,15.36211],[99.04605,15.35914],[99.04295,15.34617],[99.03477,15.34154],[99.03096,15.33543],[99.03243,15.31831],[99.03065,15.31066],[99.03097,15.30298],[99.03269,15.29883],[99.03777,15.29792],[99.03909,15.28892],[99.02973,15.28445],[99.02398,15.27859],[99.02226,15.27164],[99.01662,15.2649],[99.01952,15.26072],[99.01935,15.24686],[99.01279,15.24467],[99.00621,15.23922],[99.00844,15.23109],[99.00597,15.22707],[99.00508,15.21915],[99.00846,15.20843],[99.00511,15.20333],[99.00501,15.19874],[99.00224,15.19322],[99.00222,15.18517],[98.99484,15.18378],[98.99185,15.18672],[98.98924,15.18677],[98.98437,15.18029],[98.98982,15.17632],[98.99418,15.16508],[99.00043,15.16431],[99.00316,15.15036],[99.00662,15.14436],[99.00034,15.13755],[99.00136,15.13461],[99.00047,15.11804],[98.99772,15.10534],[99.00324,15.10298],[99.0066,15.09826],[99.0099,15.08611],[99.00872,15.08223],[99.00587,15.08099],[99.00033,15.07132],[99.00885,15.07018],[99.01976,15.05455],[99.02477,15.05428],[99.02815,15.04956],[99.0384,15.04936],[99.05034,15.0429],[99.06799,15.0476],[99.0699,15.04662],[99.06998,15.04377],[99.07723,15.03864],[99.08078,15.04008],[99.08723,15.03931],[99.09309,15.04273],[99.10136,15.04255],[99.10258,15.0444],[99.11103,15.04734],[99.11345,15.04431],[99.11912,15.05499],[99.12484,15.05099],[99.13084,15.04945],[99.14089,15.05055],[99.14291,15.05206],[99.1466,15.04696],[99.1371,15.0426],[99.13535,15.04007],[99.13563,15.03736],[99.1425,15.03514],[99.14554,15.02695],[99.14831,15.02391],[99.15587,15.02331],[99.15708,15.01789],[99.16233,15.01547],[99.16986,15.01392],[99.17265,15.01687],[99.17526,15.01588],[99.18082,15.01739],[99.19228,15.02878],[99.19402,15.02353],[99.20401,15.01421],[99.21313,15.01166],[99.21539,15.01399],[99.22738,15.01071],[99.23335,15.0122],[99.23589,15.00878],[99.24955,14.99974],[99.25031,14.99595],[99.25294,14.99494],[99.25247,14.99233],[99.25634,14.98761],[99.26068,14.99142],[99.27575,14.99075],[99.28315,14.99812],[99.28512,14.99353],[99.28979,14.9927],[99.29202,14.98839],[99.29837,14.98714],[99.30432,14.98097],[99.30532,14.97333],[99.31232,14.96722],[99.31491,14.95624],[99.32091,14.94915],[99.32105,14.94668],[99.31586,14.94351],[99.31062,14.93553],[99.31308,14.93031],[99.32143,14.92433],[99.32201,14.92055],[99.32,14.91169],[99.31685,14.9067],[99.31811,14.89662],[99.31345,14.88413],[99.30551,14.88276],[99.30063,14.87505],[99.29374,14.86963],[99.29184,14.86498],[99.28687,14.86481],[99.28542,14.86254],[99.2816,14.86135],[99.2842,14.85839],[99.28436,14.85435],[99.28781,14.85201],[99.28786,14.8471],[99.28968,14.84614],[99.29154,14.83884],[99.29398,14.83588],[99.29337,14.83194],[99.30285,14.82605],[99.30886,14.81277],[99.31494,14.8141],[99.32998,14.80717],[99.33525,14.80021],[99.33468,14.79371],[99.34085,14.78575],[99.34337,14.78332],[99.34882,14.78187],[99.35852,14.77153],[99.36282,14.77112],[99.36665,14.77311],[99.37145,14.76778],[99.37603,14.76582],[99.38131,14.76531],[99.38393,14.76676],[99.38926,14.76566],[99.40622,14.77314],[99.41202,14.77313],[99.41417,14.7769],[99.42119,14.78143],[99.4357,14.77518],[99.43693,14.77067],[99.43327,14.76813],[99.43153,14.76459],[99.43335,14.75543],[99.43198,14.75244],[99.43891,14.74341],[99.44303,14.74074],[99.44162,14.73274],[99.44912,14.72975],[99.45288,14.72594],[99.45834,14.72487],[99.48108,14.70939],[99.49202,14.70395],[99.49636,14.70377],[99.50885,14.70885],[99.51318,14.70273],[99.51564,14.70244],[99.53346,14.70808],[99.53631,14.71365],[99.54247,14.71569],[99.5573,14.73064],[99.5659,14.73176],[99.56842,14.7305],[99.5717,14.73227],[99.57325,14.74142],[99.57783,14.74792],[99.57839,14.75619],[99.57478,14.76887],[99.57333,14.78445],[99.57751,14.7895],[99.58056,14.7899],[99.58505,14.78525],[99.58842,14.78677],[99.5995,14.78509],[99.60432,14.78589],[99.61003,14.78286],[99.61692,14.78245],[99.62695,14.78946],[99.62943,14.79576],[99.63979,14.8022],[99.65927,14.80195],[99.65748,14.80393],[99.65903,14.80411],[99.66216,14.80315],[99.66575,14.7956],[99.66919,14.79254],[99.6751,14.79061],[99.68322,14.78343],[99.68828,14.77431],[99.69596,14.77296],[99.69663,14.767],[99.70172,14.76142],[99.70965,14.75885],[99.71452,14.75473],[99.73979,14.75435],[99.75097,14.74703],[99.75369,14.74319],[99.7618,14.74542],[99.77642,14.73963],[99.78815,14.74383],[99.80122,14.7352],[99.79628,14.72482],[99.79926,14.71613],[99.79307,14.71045],[99.79465,14.69778],[99.79868,14.69246],[99.8013,14.69176],[99.79823,14.67869],[99.81028,14.66856],[99.81391,14.65874],[99.81763,14.65568],[99.81878,14.6508],[99.82088,14.65076],[99.82237,14.64609],[99.82182,14.63323],[99.8057,14.61983],[99.80318,14.61574],[99.79818,14.56792],[99.79537,14.56243],[99.79193,14.56396],[99.79339,14.55235],[99.79633,14.54519],[99.80351,14.53773],[99.80475,14.53448],[99.81124,14.53451],[99.81827,14.52779],[99.81521,14.52153],[99.81939,14.51332],[99.82142,14.50113],[99.81946,14.49475],[99.81887,14.45104],[99.81468,14.43913],[99.82423,14.41034],[99.82369,14.39682],[99.82937,14.38206],[99.82807,14.38026],[99.82397,14.37972],[99.817,14.3814],[99.81666,14.3749],[99.82046,14.35001],[99.8151,14.3397],[99.81403,14.33434],[99.82307,14.30755],[99.82395,14.28935],[99.81984,14.27609],[99.82193,14.26715],[99.82475,14.2669],[99.82172,14.26234],[99.82344,14.2503],[99.8195,14.24408],[99.82026,14.24207],[99.81832,14.23636],[99.81511,14.23431],[99.8127,14.22931],[99.80173,14.22965],[99.79836,14.22481],[99.79813,14.22066],[99.79457,14.21835],[99.79612,14.21493],[99.79345,14.21376],[99.79372,14.2098],[99.79792,14.2089],[99.79865,14.20707],[99.79407,14.20472],[99.79681,14.20031],[99.76026,14.17147],[99.76321,14.16003],[99.76214,14.15052],[99.76841,14.12776],[99.76795,14.11588],[99.77121,14.10219],[99.77041,14.09829],[99.76766,14.09501],[99.77726,14.09313],[99.78362,14.09554],[99.78839,14.10006],[99.79087,14.09964],[99.79684,14.08553],[99.80641,14.08348],[99.80881,14.08109],[99.81088,14.07538],[99.80789,14.06991],[99.81043,14.06571],[99.81692,14.06427],[99.82036,14.06103],[99.83369,14.06097],[99.8439,14.05362],[99.84916,14.05204],[99.84893,14.04305],[99.84256,14.03745],[99.84198,14.03347],[99.83715,14.03079],[99.83789,14.02383],[99.83503,14.02058],[99.83451,14.01661],[99.83478,14.01419],[99.83749,14.01185],[99.83436,14.00993],[99.83394,14.00522],[99.82966,13.99832],[99.83431,13.98978],[99.84289,13.98315],[99.84578,13.9749],[99.85202,13.9648],[99.85439,13.96396],[99.86204,13.96654],[99.87624,13.96194],[99.88545,13.94922],[99.88664,13.94447],[99.89166,13.94179],[99.90666,13.93941],[99.92008,13.9405],[99.92623,13.93797],[99.92685,13.93417],[99.92296,13.91873],[99.90923,13.9096],[99.896,13.90357],[99.9019,13.90255],[99.90516,13.89927],[99.90753,13.88951],[99.90623,13.88514],[99.90696,13.88037],[99.91156,13.87413],[99.91086,13.86833],[99.90046,13.84113],[99.90422,13.8412],[99.90816,13.84696],[99.91027,13.84719],[99.91135,13.84445],[99.91329,13.84399],[99.91984,13.84571],[99.93643,13.84132],[99.93786,13.83755],[99.93529,13.8355],[99.93541,13.83373],[99.94156,13.82991],[99.95382,13.83237],[99.95805,13.83615],[99.95901,13.83339],[99.96214,13.83162],[99.96362,13.82666],[99.96072,13.82324],[99.96335,13.81792],[99.9625,13.81403],[99.97005,13.80846],[99.96845,13.8048],[99.97029,13.80101],[99.96876,13.79769],[99.95649,13.79573],[99.95263,13.77494],[99.93809,13.76992],[99.94076,13.75514],[99.94297,13.75173],[99.94265,13.74429],[99.94673,13.74082],[99.95866,13.72324],[99.96184,13.72126],[99.9872,13.73452],[99.99413,13.7414],[99.9968,13.73983],[99.99686,13.74122],[100.00212,13.74032],[100.00817,13.74238],[100.01037,13.74538],[100.01944,13.74731],[100.02858,13.75425],[100.03023,13.7452],[100.0223,13.73499],[100.02172,13.72238],[100.02342,13.70921],[100.0266,13.70025],[100.03438,13.6914],[100.0666,13.69581],[100.06817,13.69294],[100.06713,13.68032],[100.06362,13.67362],[100.06292,13.66586],[100.0598,13.66041],[100.05661,13.64891],[100.05812,13.63542],[100.05635,13.63153],[100.05195,13.62763],[100.0536,13.62553],[100.05332,13.62026],[100.05183,13.6185],[100.04869,13.6191],[100.0445,13.6153],[100.03171,13.61217],[100.03314,13.60811],[100.04027,13.60042],[100.04254,13.59467],[100.03839,13.59277],[100.0368,13.58829],[100.03624,13.57681],[100.04353,13.55408],[100.04368,13.53995],[100.04023,13.53608],[100.03663,13.53505],[100.02941,13.52933],[100.03223,13.5227],[100.02724,13.5189],[100.02983,13.50613],[100.02556,13.50496],[100.0193,13.50968],[100.01165,13.51198],[100.00825,13.51618],[100.00019,13.5033],[99.99686,13.50377],[99.99639,13.5019],[99.99408,13.50328],[99.99336,13.50774],[99.98806,13.50356],[99.98911,13.50192],[99.98801,13.50009],[99.97414,13.49043],[99.96888,13.49056],[99.96634,13.48587],[99.96088,13.49683],[99.93582,13.4983],[99.93278,13.50478],[99.93045,13.50566],[99.92538,13.51382],[99.92145,13.51455],[99.91406,13.50896],[99.91751,13.50172],[99.91405,13.49969],[99.91123,13.49486],[99.90171,13.49039],[99.89626,13.48284],[99.89514,13.47589],[99.88918,13.46985],[99.89098,13.46438],[99.8873,13.45562],[99.89093,13.44913],[99.89129,13.43249],[99.86928,13.38112],[99.85892,13.33595],[99.85496,13.32592],[99.85432,13.31271],[99.85209,13.30777],[99.86001,13.24419],[99.86791,13.24672],[99.87216,13.24999],[99.87996,13.24966],[99.88849,13.24443],[99.89012,13.24169],[99.89231,13.24367],[99.89229,13.24652],[99.88848,13.25043],[99.8847,13.25163],[99.88187,13.25664],[99.88012,13.25705],[99.88664,13.26353],[99.89199,13.26363],[99.89325,13.26559],[99.90003,13.26675],[99.90724,13.26363],[99.91009,13.26915],[99.90741,13.27173],[99.90862,13.27419],[99.90556,13.28069],[99.90847,13.28205],[99.91119,13.28094],[99.91837,13.28496],[99.92329,13.281],[99.92487,13.28281],[99.92881,13.2826],[99.93364,13.28501],[99.9365,13.29325],[99.95307,13.29745],[99.95165,13.28585],[99.94356,13.26908],[99.94372,13.26555],[99.95322,13.26067],[99.96428,13.24371],[99.9827,13.23656],[99.98957,13.23036],[99.99937,13.21867],[100.00415,13.19999],[100.01866,13.18354],[100.02546,13.18186],[100.05371,13.16786],[100.07003,13.15264],[100.07027,13.14724],[100.06722,13.14192],[100.0643,13.13039],[100.06276,13.11184],[100.06521,13.08164],[100.07045,13.07208],[100.08511,13.05972],[100.09013,13.05714],[100.10231,13.0552],[100.08465,13.0277],[100.05843,12.99647],[100.04497,12.97214],[100.03614,12.95238],[100.02647,12.92363],[100.0231,12.88431],[100.0111,12.85567],[99.99635,12.83134],[99.99145,12.81328],[99.97658,12.77629],[99.96574,12.73955],[99.9637,12.72802],[99.96366,12.69116],[99.95959,12.67206],[99.95558,12.63249],[99.9563,12.58638],[99.96004,12.57339],[99.96366,12.56874],[99.96448,12.5536],[99.97004,12.53458],[99.97737,12.52001],[99.98201,12.51814],[99.98503,12.51398],[99.98428,12.51264],[99.98013,12.51422],[99.97492,12.50362],[99.97665,12.46614],[99.97883,12.45771],[99.98192,12.45582],[99.98166,12.45273],[99.98389,12.45026],[99.98157,12.44456],[99.98378,12.43903],[99.97944,12.43599],[99.97938,12.43228],[99.98749,12.41057],[99.99476,12.40501],[100.00154,12.37468],[99.99893,12.35682],[99.99866,12.34206],[99.99918,12.33886],[100.00234,12.33558],[100.00033,12.33451],[99.99885,12.33045],[99.99717,12.33176],[99.99244,12.32821],[99.9897,12.32278],[99.98225,12.30241],[99.97745,12.27957],[99.97395,12.2746],[99.97372,12.27034],[99.97592,12.25843],[99.98202,12.24687],[99.99059,12.2367],[99.99978,12.23002],[100.00512,12.22281],[100.00615,12.219],[100.00348,12.21624],[100.00382,12.21451],[100.00121,12.21343],[100.00168,12.21121],[100.0041,12.20788],[100.00643,12.20899],[100.01005,12.20722],[100.0127,12.20809],[100.01279,12.20511],[100.01641,12.20124],[100.01627,12.19173],[100.01753,12.18997],[100.01988,12.19055],[100.01574,12.18354],[100.01289,12.18264],[100.00827,12.17747],[100.0049,12.1727],[100.00474,12.16927],[99.99552,12.16005],[99.98371,12.15216],[99.97519,12.14325],[99.97152,12.14178],[99.9697,12.14353],[99.96635,12.14111],[99.96721,12.13438],[99.96936,12.13178],[99.96136,12.11246],[99.96262,12.10813],[99.96694,12.10584],[99.96601,12.10389],[99.96746,12.09888],[99.96348,12.09436],[99.9642,12.09144],[99.96216,12.08714],[99.95923,12.08558],[99.95708,12.08983],[99.95592,12.08968],[99.95006,12.08422],[99.94934,12.08103],[99.94468,12.08333],[99.9374,12.07701],[99.9072,12.04172],[99.87142,12.00294],[99.86844,12.0014],[99.863,11.99397],[99.86035,11.99295],[99.8607,11.9899],[99.84154,11.96087],[99.81835,11.90894],[99.81368,11.89361],[99.81177,11.88057],[99.81257,11.87247],[99.81665,11.86472],[99.82139,11.86235],[99.82267,11.86544],[99.82442,11.86672],[99.8253,11.86565],[99.82265,11.85898],[99.8226,11.85435],[99.82519,11.84956],[99.82907,11.85029],[99.8348,11.84383],[99.83317,11.83156],[99.83143,11.82898],[99.82885,11.8291],[99.82823,11.83389],[99.83024,11.83759],[99.8284,11.83951],[99.81578,11.83895],[99.80505,11.82933],[99.79928,11.81815],[99.79947,11.80495],[99.80141,11.79799],[99.81089,11.78717],[99.81305,11.78663],[99.81645,11.78901],[99.81836,11.78503],[99.8168,11.77912],[99.8129,11.77696],[99.81332,11.78453],[99.80858,11.78492],[99.80352,11.78321],[99.79904,11.77919],[99.79493,11.77087],[99.79638,11.76493],[99.80152,11.76527],[99.8041,11.76134],[99.80238,11.75289],[99.81004,11.74314],[99.81095,11.73806],[99.80637,11.73701],[99.80752,11.74036],[99.80547,11.74166],[99.80088,11.73912],[99.79897,11.73965],[99.79671,11.74608],[99.79406,11.74404],[99.79226,11.74596],[99.79033,11.7453],[99.74626,11.70689],[99.72601,11.68213],[99.72024,11.66852],[99.7207,11.66573],[99.7177,11.66214],[99.7103,11.64565],[99.69166,11.61932],[99.65627,11.55816],[99.63447,11.50919],[99.62716,11.48268],[99.62613,11.46942],[99.62208,11.46932],[99.61872,11.46586],[99.61275,11.45285],[99.60704,11.43521],[99.60543,11.41937],[99.59915,11.41525],[99.59889,11.40417],[99.58502,11.37907],[99.58035,11.35752],[99.578,11.35762],[99.57624,11.36058],[99.57241,11.35864],[99.56571,11.34928],[99.55947,11.3361],[99.55239,11.31345],[99.54994,11.29631],[99.55062,11.26357],[99.55423,11.24715],[99.56156,11.2291],[99.56897,11.21876],[99.57435,11.21481],[99.57753,11.2151],[99.57851,11.21297],[99.57999,11.21404],[99.58127,11.21176],[99.57834,11.21157],[99.57939,11.20897],[99.57633,11.2016],[99.57593,11.19796],[99.57816,11.19502],[99.57556,11.19215],[99.56985,11.18989],[99.56625,11.18374],[99.56029,11.18741],[99.55926,11.19008],[99.56102,11.19186],[99.56074,11.19827],[99.56247,11.20117],[99.56072,11.20313],[99.54292,11.20796],[99.53189,11.20355],[99.52061,11.19571],[99.50694,11.1803],[99.49754,11.16629],[99.49147,11.15283],[99.48727,11.13683],[99.4861,11.11779],[99.48899,11.09836],[99.49324,11.08403],[99.49549,11.0607],[99.5013,11.0429],[99.50089,11.01142],[99.49819,11.00072],[99.49964,10.9929],[99.50129,10.99316],[99.5023,10.99093],[99.49256,10.98791],[99.48542,10.99044],[99.47643,10.98943],[99.47276,10.99278],[99.47002,10.99276],[99.46172,10.98893],[99.43928,10.97062],[99.42635,10.96985],[99.40794,10.95561],[99.38183,10.96194],[99.3802,10.96434],[99.37879,10.96409],[99.3752,10.97263],[99.369,10.96864],[99.36173,10.96894],[99.34595,10.97563],[99.34342,10.97474],[99.33542,10.96556],[99.32499,10.96981],[99.31169,10.96876],[99.30688,10.966],[99.30257,10.96646],[99.29892,10.96896],[99.29085,10.96964],[99.27996,10.95784],[99.27405,10.96188],[99.2718,10.96605],[99.26271,10.96808],[99.25774,10.96578],[99.25596,10.96829],[99.24904,10.96889],[99.2452,10.97234],[99.24086,10.972],[99.24152,10.97736],[99.23708,10.97983],[99.23247,10.97842],[99.22187,10.98331],[99.21557,10.98238],[99.20642,10.98951],[99.20283,10.98894],[99.20178,10.98608],[99.20048,10.98853],[99.20148,10.99072],[99.19827,10.99137],[99.19967,10.99374],[99.19901,10.99706],[99.19645,10.99649],[99.19333,10.9981],[99.19099,10.99601],[99.18673,10.99823],[99.1855,10.99587],[99.18196,10.99711],[99.18243,10.9992],[99.17991,10.99847],[99.18037,11.00174],[99.17815,11.00021],[99.17605,11.00166],[99.17457,10.99986],[99.1708,11.00302],[99.16873,11.00229],[99.16515,11.01055],[99.15683,11.0131],[99.15443,11.01229],[99.15251,11.01543],[99.1485,11.01435],[99.147,11.01639],[99.15076,11.02034],[99.15145,11.02423],[99.15076,11.03345],[99.15673,11.0324],[99.16135,11.03758],[99.16454,11.03861],[99.16495,11.04234],[99.17133,11.04322],[99.1727,11.04619],[99.17028,11.05155],[99.17147,11.05552],[99.1745,11.05874],[99.18024,11.06003],[99.17689,11.06268],[99.17967,11.07198],[99.17756,11.07421],[99.17888,11.08222],[99.19057,11.08421],[99.19246,11.08748],[99.20037,11.09098],[99.2011,11.09508],[99.20348,11.09793],[99.20313,11.10136],[99.21112,11.09787],[99.21292,11.10038],[99.21598,11.1009],[99.2173,11.10591],[99.22232,11.10683],[99.22745,11.11172],[99.22885,11.13036],[99.22393,11.13548],[99.22479,11.14243],[99.23155,11.14399],[99.23972,11.15551],[99.24253,11.15514],[99.25287,11.16931],[99.25205,11.17545],[99.25894,11.18808],[99.25754,11.1928],[99.261,11.19519],[99.26278,11.2005],[99.2699,11.20452],[99.27853,11.19878]]]},"properties":{"Region":"W","px_type1":31424,"px_type2":97554,"area_rai1":17676.0,"area_rai2":54874.12,"area_aban":72550.12,"area_tot":35433146.81,"pct_aban":0.2048}},{"type":"Feature","geometry":{"type":"MultiPolygon","coordinates":[[[[98.314,7.48196],[98.31948,7.4942],[98.32465,7.49806],[98.31582,7.48372],[98.31421,7.47847],[98.314,7.48196]]],[[[98.3347,7.52255],[98.33196,7.51159],[98.32684,7.50587],[98.32813,7.50198],[98.3249,7.4994],[98.32457,7.50252],[98.32128,7.50437],[98.321,7.5079],[98.32381,7.50912],[98.32423,7.51241],[98.32757,7.51423],[98.32905,7.5177],[98.32813,7.51976],[98.33135,7.52352],[98.3347,7.52255]]],[[[98.3783,7.61324],[98.3757,7.6063],[98.37695,7.60284],[98.36996,7.59753],[98.367,7.59139],[98.36249,7.58842],[98.35536,7.5899],[98.35323,7.59862],[98.35437,7.60366],[98.35904,7.60821],[98.36851,7.60791],[98.36245,7.61466],[98.36458,7.61601],[98.36735,7.61515],[98.37002,7.60993],[98.37194,7.61082],[98.37583,7.61772],[98.3783,7.61324]]],[[[98.29525,7.73442],[98.29533,7.73762],[98.29777,7.73825],[98.29769,7.73612],[98.29525,7.73442]]],[[[98.30307,7.74741],[98.3006,7.74385],[98.29967,7.74457],[98.30012,7.74945],[98.30307,7.74741]]],[[[98.33504,7.76285],[98.33355,7.7557],[98.3319,7.75357],[98.32764,7.75346],[98.32974,7.75917],[98.33504,7.76285]]],[[[98.39051,7.75727],[98.39156,7.76141],[98.4,7.7663],[98.39943,7.76384],[98.39473,7.76091],[98.39382,7.75825],[98.39051,7.75727]]],[[[98.29761,7.76611],[98.29975,7.76796],[98.30225,7.767],[98.3004,7.7653],[98.29761,7.76611]]],[[[98.36603,7.79623],[98.38274,7.79452],[98.38334,7.78953],[98.38569,7.78977],[98.38692,7.78592],[98.38911,7.78562],[98.3882,7.78264],[98.38949,7.78061],[98.38545,7.78307],[98.38299,7.78066],[98.37752,7.77933],[98.36119,7.7815],[98.35894,7.78548],[98.35507,7.78751],[98.35538,7.78912],[98.36212,7.79212],[98.3636,7.79515],[98.36603,7.79623]]],[[[98.28499,7.8196],[98.28674,7.82142],[98.28696,7.82111],[98.28499,7.8196]]],[[[98.4188,7.82991],[98.41594,7.82574],[98.41,7.82747],[98.40908,7.82964],[98.41247,7.82968],[98.41437,7.8318],[98.4188,7.82991]]],[[[98.42175,7.83515],[98.42334,7.83719],[98.42354,7.831],[98.42245,7.83154],[98.42175,7.83515]]],[[[98.45548,7.92541],[98.45569,7.9235],[98.45496,7.92354],[98.45548,7.92541]]],[[[98.43841,7.93579],[98.4365,7.9311],[98.43118,7.92651],[98.42945,7.92886],[98.42608,7.93061],[98.4252,7.92931],[98.42323,7.93113],[98.41773,7.92878],[98.41588,7.93155],[98.41883,7.93169],[98.41831,7.93394],[98.41479,7.93348],[98.41703,7.94355],[98.42786,7.94074],[98.43568,7.94677],[98.43736,7.94535],[98.43841,7.93579]]],[[[98.45299,7.95628],[98.45212,7.95184],[98.45015,7.95166],[98.44555,7.95499],[98.44497,7.9596],[98.44897,7.96206],[98.44831,7.9556],[98.45044,7.95432],[98.45299,7.95628]]],[[[98.45003,7.96535],[98.45287,7.96709],[98.45059,7.96405],[98.45003,7.96535]]],[[[98.39224,7.96842],[98.3939,7.95842],[98.39272,7.95624],[98.39449,7.95355],[98.39192,7.94982],[98.39493,7.94917],[98.39536,7.95186],[98.39643,7.94333],[98.39925,7.94205],[98.4038,7.93568],[98.40694,7.93618],[98.41216,7.92873],[98.41401,7.92137],[98.41048,7.91823],[98.41331,7.91636],[98.41151,7.91383],[98.41418,7.91319],[98.41556,7.90874],[98.42455,7.90407],[98.4238,7.90151],[98.42617,7.90355],[98.42603,7.89937],[98.4274,7.899],[98.43202,7.9117],[98.44163,7.91554],[98.43752,7.896],[98.43905,7.88958],[98.44085,7.88728],[98.44343,7.88807],[98.44469,7.88356],[98.44218,7.87982],[98.43869,7.88267],[98.4336,7.87797],[98.43019,7.87909],[98.42935,7.87629],[98.43277,7.87054],[98.43761,7.86984],[98.43818,7.86654],[98.43327,7.86665],[98.43232,7.86966],[98.42869,7.87085],[98.42564,7.87494],[98.41982,7.87452],[98.41605,7.8699],[98.41643,7.87941],[98.3944,7.87008],[98.39596,7.86857],[98.39305,7.86873],[98.39455,7.86539],[98.39317,7.86427],[98.39283,7.85143],[98.39642,7.83894],[98.40125,7.83919],[98.40232,7.83795],[98.40667,7.83952],[98.41021,7.8377],[98.40726,7.83529],[98.40166,7.83475],[98.40165,7.83113],[98.4052,7.83053],[98.40177,7.82755],[98.40017,7.82219],[98.40452,7.81813],[98.40406,7.81617],[98.40176,7.81649],[98.4015,7.81319],[98.40456,7.80949],[98.40749,7.81118],[98.41014,7.80902],[98.41048,7.80403],[98.41231,7.8021],[98.40961,7.79985],[98.40771,7.80043],[98.40632,7.80486],[98.39982,7.80826],[98.39567,7.81478],[98.39095,7.81355],[98.38868,7.81101],[98.38886,7.80605],[98.38538,7.80932],[98.38597,7.81392],[98.3805,7.82484],[98.37731,7.83499],[98.37804,7.83731],[98.37596,7.84079],[98.3646,7.83931],[98.36082,7.83592],[98.35426,7.83429],[98.34494,7.82385],[98.33244,7.78899],[98.33789,7.7825],[98.33669,7.77831],[98.33356,7.77555],[98.32877,7.77656],[98.31792,7.77069],[98.31689,7.7679],[98.31895,7.76589],[98.31835,7.76264],[98.31581,7.76218],[98.31462,7.75995],[98.30999,7.7587],[98.3048,7.76125],[98.30263,7.75941],[98.30574,7.76863],[98.30459,7.77248],[98.30657,7.77562],[98.30317,7.77924],[98.29419,7.77883],[98.28805,7.77664],[98.28633,7.78061],[98.29058,7.78835],[98.28459,7.789],[98.28464,7.7929],[98.29268,7.7942],[98.29884,7.80466],[98.29837,7.80983],[98.29614,7.81057],[98.29553,7.81362],[98.29898,7.81516],[98.29787,7.81996],[98.29293,7.82477],[98.28989,7.82339],[98.28921,7.82467],[98.28999,7.82761],[98.29413,7.83026],[98.29474,7.83367],[98.29176,7.85378],[98.28893,7.85932],[98.28208,7.86033],[98.28257,7.86567],[98.28109,7.86667],[98.27629,7.86522],[98.27308,7.86874],[98.2718,7.87109],[98.27534,7.87704],[98.27247,7.87845],[98.27114,7.88332],[98.26493,7.88121],[98.26086,7.88678],[98.26358,7.89385],[98.26438,7.89198],[98.26989,7.89124],[98.27168,7.88753],[98.27689,7.88763],[98.28064,7.88997],[98.28272,7.88792],[98.28588,7.88842],[98.28686,7.88623],[98.28947,7.88727],[98.29561,7.89874],[98.29663,7.90975],[98.29179,7.91634],[98.28974,7.91754],[98.2849,7.91667],[98.2815,7.9184],[98.27519,7.92549],[98.27118,7.92625],[98.27048,7.92392],[98.26873,7.92365],[98.26663,7.92621],[98.26225,7.9239],[98.26299,7.92546],[98.26085,7.92833],[98.26141,7.93465],[98.25818,7.93577],[98.26241,7.94434],[98.26273,7.94931],[98.26781,7.94694],[98.27162,7.94828],[98.27311,7.9506],[98.2764,7.95084],[98.27785,7.94834],[98.27782,7.95014],[98.2823,7.95301],[98.28339,7.96242],[98.28234,7.96405],[98.27977,7.96386],[98.27842,7.9674],[98.27937,7.96927],[98.27632,7.9701],[98.2785,7.97345],[98.27679,7.98208],[98.27545,7.98437],[98.27239,7.98435],[98.26991,7.98807],[98.27262,7.98893],[98.28207,7.98425],[98.28695,7.98558],[98.29077,7.99188],[98.29293,8.00396],[98.29117,8.02295],[98.28922,8.02872],[98.28457,8.03223],[98.28301,8.03014],[98.28001,8.03003],[98.28062,8.03196],[98.28435,8.03243],[98.28454,8.03602],[98.27991,8.03403],[98.27597,8.03432],[98.27247,8.03833],[98.27217,8.04055],[98.27653,8.04351],[98.27718,8.05891],[98.27645,8.06335],[98.27295,8.06583],[98.27094,8.07143],[98.27345,8.07944],[98.28333,8.08639],[98.28932,8.08961],[98.29674,8.08927],[98.29838,8.09431],[98.29713,8.0995],[98.30075,8.10404],[98.30205,8.11009],[98.30186,8.1198],[98.29632,8.15301],[98.28715,8.19056],[98.28353,8.19651],[98.28552,8.1998],[98.29058,8.20043],[98.30185,8.19829],[98.30238,8.19523],[98.30051,8.19239],[98.30402,8.1934],[98.29806,8.18954],[98.30579,8.19252],[98.31023,8.18624],[98.31369,8.18747],[98.32029,8.18279],[98.32254,8.17903],[98.33266,8.17299],[98.33771,8.17218],[98.33952,8.1633],[98.34516,8.15745],[98.34198,8.15562],[98.34282,8.14592],[98.34789,8.14405],[98.34788,8.13827],[98.34553,8.13518],[98.34521,8.12997],[98.34718,8.11674],[98.34969,8.11541],[98.35784,8.1225],[98.36612,8.13465],[98.36013,8.1444],[98.3549,8.1701],[98.35213,8.17509],[98.33303,8.17814],[98.30586,8.19845],[98.29861,8.20212],[98.29077,8.20459],[98.28158,8.20167],[98.28311,8.21682],[98.28043,8.23666],[98.28266,8.24027],[98.28222,8.24867],[98.24766,8.39903],[98.23439,8.4413],[98.22259,8.49501],[98.21377,8.52706],[98.20383,8.55358],[98.20577,8.56623],[98.20972,8.574],[98.21097,8.58435],[98.21327,8.58839],[98.21962,8.59041],[98.23098,8.58172],[98.23831,8.58642],[98.24152,8.59859],[98.23909,8.60015],[98.23739,8.6051],[98.23762,8.61543],[98.23101,8.61814],[98.2294,8.62158],[98.23216,8.62346],[98.23179,8.6258],[98.24312,8.62989],[98.24658,8.63965],[98.24553,8.64811],[98.24665,8.65461],[98.24122,8.67464],[98.23749,8.70546],[98.23918,8.70571],[98.23757,8.70733],[98.23495,8.71951],[98.23596,8.72237],[98.23391,8.72146],[98.22821,8.72691],[98.22304,8.7284],[98.22137,8.73828],[98.22574,8.73421],[98.23284,8.73361],[98.24147,8.73803],[98.24641,8.74287],[98.25055,8.7436],[98.25535,8.74985],[98.25708,8.75965],[98.2603,8.76248],[98.26203,8.77483],[98.25989,8.79589],[98.25703,8.80261],[98.25114,8.81013],[98.25527,8.81068],[98.25987,8.81499],[98.26573,8.82857],[98.26637,8.83972],[98.2627,8.85764],[98.26653,8.86331],[98.26818,8.86967],[98.26202,8.88999],[98.25342,8.90466],[98.24707,8.91135],[98.24707,8.91629],[98.25334,8.92395],[98.26062,8.93766],[98.26333,8.95233],[98.25849,8.98702],[98.25288,9.00115],[98.2471,9.0035],[98.24708,9.0302],[98.24563,9.04012],[98.24913,9.05879],[98.25109,9.08165],[98.24964,9.12664],[98.25056,9.1286],[98.25292,9.12652],[98.25569,9.12837],[98.2608,9.14346],[98.2593,9.16892],[98.26334,9.17819],[98.26237,9.19722],[98.264,9.20641],[98.26593,9.20749],[98.26797,9.20575],[98.27367,9.20565],[98.27601,9.20789],[98.28164,9.22186],[98.2826,9.22832],[98.28715,9.22892],[98.29232,9.23824],[98.29764,9.24409],[98.29757,9.35686],[98.38998,9.33398],[98.39396,9.36292],[98.39602,9.36646],[98.39721,9.40326],[98.40248,9.4035],[98.40644,9.397],[98.41211,9.40205],[98.41513,9.40763],[98.4195,9.40934],[98.41835,9.41183],[98.42226,9.42254],[98.42428,9.42637],[98.42637,9.42624],[98.42691,9.42966],[98.42508,9.42981],[98.42655,9.43689],[98.42882,9.43952],[98.433,9.46248],[98.43513,9.49391],[98.43712,9.4929],[98.43768,9.49429],[98.4354,9.50101],[98.44722,9.53874],[98.44954,9.53998],[98.45221,9.54752],[98.45558,9.56345],[98.45908,9.56361],[98.46109,9.562],[98.46623,9.56695],[98.46948,9.56415],[98.4669,9.5592],[98.46499,9.5592],[98.46374,9.55692],[98.45984,9.55774],[98.45989,9.55563],[98.46892,9.54335],[98.47466,9.53069],[98.47544,9.5257],[98.46981,9.50836],[98.47059,9.50358],[98.46864,9.49766],[98.46601,9.49251],[98.4622,9.49265],[98.46426,9.48976],[98.46283,9.48717],[98.46336,9.48412],[98.4672,9.47892],[98.47229,9.46024],[98.47512,9.45583],[98.47445,9.4717],[98.46964,9.48451],[98.47139,9.48924],[98.48195,9.5042],[98.48267,9.51805],[98.48068,9.53146],[98.48627,9.53697],[98.49676,9.51247],[98.48032,9.49594],[98.47893,9.48361],[98.48327,9.47629],[98.48419,9.4772],[98.48108,9.48696],[98.48316,9.49573],[98.48473,9.4979],[98.49402,9.50172],[98.49469,9.50649],[98.49826,9.50976],[98.49922,9.51296],[98.49414,9.52354],[98.49188,9.53372],[98.49033,9.56507],[98.50693,9.56456],[98.52379,9.56868],[98.53567,9.57348],[98.5444,9.56997],[98.54681,9.57301],[98.52298,9.58093],[98.50817,9.59564],[98.50516,9.59609],[98.49246,9.59158],[98.48061,9.59303],[98.47618,9.59578],[98.47504,9.59498],[98.46431,9.60375],[98.46317,9.6289],[98.46945,9.62432],[98.47348,9.62639],[98.47796,9.63449],[98.47966,9.63443],[98.4814,9.62995],[98.48519,9.62935],[98.48664,9.62279],[98.49113,9.62109],[98.49704,9.61605],[98.49722,9.61924],[98.49999,9.62323],[98.50311,9.62146],[98.50379,9.62503],[98.50923,9.62512],[98.51837,9.62102],[98.5109,9.62779],[98.51577,9.63463],[98.5045,9.62866],[98.50082,9.63],[98.49998,9.63439],[98.50834,9.64321],[98.51085,9.6538],[98.52073,9.65232],[98.5243,9.65301],[98.52456,9.6549],[98.51411,9.65803],[98.50309,9.65869],[98.50027,9.65699],[98.50013,9.65266],[98.49817,9.65251],[98.49582,9.66142],[98.4919,9.66289],[98.49203,9.66883],[98.4901,9.67137],[98.48922,9.67993],[98.48786,9.68149],[98.48493,9.6811],[98.48458,9.68602],[98.4908,9.68563],[98.4938,9.68125],[98.49755,9.68134],[98.49682,9.67718],[98.49822,9.67515],[98.50678,9.67447],[98.51002,9.67204],[98.51778,9.67702],[98.52086,9.68103],[98.52952,9.67753],[98.53512,9.67765],[98.53503,9.67912],[98.52915,9.68186],[98.52925,9.68329],[98.53181,9.68403],[98.53143,9.68618],[98.53306,9.68662],[98.53199,9.68919],[98.5409,9.69839],[98.54075,9.70392],[98.53895,9.70697],[98.54172,9.70617],[98.54266,9.71131],[98.54673,9.7151],[98.54625,9.71751],[98.55119,9.71645],[98.54995,9.72342],[98.55306,9.72715],[98.55722,9.72914],[98.55668,9.73695],[98.55376,9.74148],[98.55455,9.74936],[98.55804,9.75317],[98.55271,9.75126],[98.54858,9.74548],[98.5434,9.74323],[98.53397,9.74507],[98.52988,9.75089],[98.52231,9.75035],[98.51935,9.74529],[98.51432,9.7419],[98.51087,9.7415],[98.50839,9.73718],[98.50603,9.7387],[98.50363,9.73722],[98.50026,9.74136],[98.50243,9.74483],[98.5072,9.74498],[98.50735,9.75095],[98.51217,9.75373],[98.51196,9.7623],[98.5096,9.76831],[98.5073,9.76866],[98.50629,9.77132],[98.50746,9.7768],[98.50592,9.78296],[98.5116,9.78449],[98.51369,9.78805],[98.51805,9.79033],[98.52305,9.78648],[98.53349,9.79095],[98.54232,9.78895],[98.54729,9.7901],[98.54838,9.79142],[98.54726,9.7974],[98.56471,9.81306],[98.55963,9.81199],[98.56531,9.81874],[98.56473,9.82106],[98.56243,9.82114],[98.55681,9.81638],[98.54744,9.80437],[98.53834,9.80003],[98.53489,9.80084],[98.53655,9.80583],[98.53163,9.81205],[98.52746,9.82231],[98.52793,9.8302],[98.52261,9.83307],[98.52082,9.84306],[98.51523,9.85155],[98.51519,9.85421],[98.51934,9.85707],[98.52862,9.85697],[98.53455,9.85919],[98.5279,9.86126],[98.52624,9.86623],[98.5267,9.8723],[98.53231,9.87787],[98.53418,9.88308],[98.53779,9.88589],[98.5497,9.88781],[98.55341,9.88369],[98.55436,9.8749],[98.55653,9.875],[98.55996,9.88567],[98.5646,9.88937],[98.56665,9.89647],[98.55889,9.89478],[98.55592,9.90073],[98.55676,9.91512],[98.56007,9.9207],[98.5674,9.91916],[98.56554,9.92428],[98.57266,9.93183],[98.58502,9.93445],[98.5953,9.93407],[98.58815,9.9377],[98.58459,9.94286],[98.58556,9.94844],[98.58889,9.95373],[98.59358,9.95273],[98.59087,9.96127],[98.59361,9.97072],[98.59273,9.97289],[98.59103,9.97295],[98.5913,9.97557],[98.60059,9.98259],[98.60013,9.98705],[98.60253,9.99074],[98.60354,9.99679],[98.61497,10.0173],[98.6164,10.02312],[98.62073,10.02851],[98.62366,10.0355],[98.63117,10.04194],[98.63928,10.05907],[98.64281,10.07219],[98.65145,10.08091],[98.65492,10.08673],[98.65394,10.08871],[98.63308,10.08867],[98.63422,10.10378],[98.64166,10.11786],[98.63935,10.13199],[98.64505,10.14169],[98.65402,10.16536],[98.65657,10.16778],[98.66318,10.1685],[98.6704,10.17315],[98.68247,10.19285],[98.69846,10.20934],[98.71997,10.26398],[98.72441,10.28296],[98.72948,10.29452],[98.73181,10.30963],[98.74352,10.32644],[98.74383,10.34253],[98.75482,10.39152],[98.75845,10.39777],[98.76696,10.40579],[98.77088,10.42158],[98.78143,10.44147],[98.78616,10.44463],[98.79569,10.44521],[98.79926,10.44697],[98.79987,10.44884],[98.79675,10.45575],[98.80934,10.47082],[98.80892,10.47381],[98.80281,10.47801],[98.8001,10.48406],[98.80578,10.48267],[98.80442,10.48814],[98.81106,10.48981],[98.81541,10.49495],[98.81937,10.50768],[98.81653,10.51469],[98.81814,10.51859],[98.81788,10.52705],[98.82099,10.52937],[98.81928,10.53114],[98.81263,10.53025],[98.81503,10.53976],[98.8091,10.54011],[98.81579,10.54455],[98.81736,10.54726],[98.8132,10.54937],[98.81238,10.55508],[98.80859,10.55388],[98.80316,10.55956],[98.79856,10.55959],[98.79936,10.56214],[98.80405,10.56381],[98.80635,10.56971],[98.80717,10.57916],[98.80999,10.58229],[98.80729,10.58779],[98.8107,10.59259],[98.80844,10.59364],[98.80395,10.58749],[98.80155,10.58671],[98.80162,10.59303],[98.79671,10.59603],[98.80118,10.60104],[98.79933,10.60526],[98.7908,10.60405],[98.78613,10.60625],[98.7809,10.60164],[98.78064,10.61618],[98.7733,10.61668],[98.7711,10.62139],[98.77506,10.62597],[98.77478,10.63153],[98.77699,10.6345],[98.7762,10.63964],[98.78265,10.64676],[98.7842,10.65213],[98.77974,10.67947],[98.78292,10.68424],[98.78603,10.68062],[98.78964,10.68319],[98.79037,10.68773],[98.79304,10.68992],[98.79665,10.69791],[98.80247,10.70006],[98.80316,10.70389],[98.80103,10.70724],[98.80798,10.70818],[98.81255,10.71289],[98.80962,10.71393],[98.80936,10.71587],[98.81876,10.71984],[98.81901,10.72405],[98.82372,10.72619],[98.82314,10.73162],[98.82849,10.73304],[98.83229,10.73753],[98.83082,10.73898],[98.83152,10.74037],[98.83581,10.7416],[98.83473,10.7433],[98.83915,10.74757],[98.83842,10.75259],[98.8399,10.75391],[98.84087,10.75277],[98.84398,10.75369],[98.84658,10.76002],[98.84961,10.76149],[98.85515,10.76994],[98.86034,10.77426],[98.85795,10.77579],[98.86137,10.77889],[98.86353,10.77633],[98.8669,10.77644],[98.86959,10.78274],[98.87444,10.7838],[98.87522,10.78774],[98.87767,10.78757],[98.87835,10.78891],[98.88009,10.78737],[98.87983,10.78514],[98.88293,10.78587],[98.88493,10.78371],[98.8848,10.77968],[98.88568,10.77763],[98.88847,10.77839],[98.88879,10.7744],[98.89109,10.7767],[98.89355,10.77606],[98.89808,10.78048],[98.90219,10.77908],[98.90463,10.78127],[98.90512,10.79384],[98.91037,10.79913],[98.91447,10.80739],[98.91285,10.81072],[98.91397,10.81401],[98.92037,10.82005],[98.92308,10.82721],[98.92928,10.82285],[98.93069,10.81999],[98.93698,10.81838],[98.93584,10.81331],[98.94316,10.81368],[98.94713,10.81199],[98.95403,10.8137],[98.95844,10.81211],[98.96555,10.82081],[98.96476,10.82355],[98.97133,10.82838],[98.97316,10.83239],[98.97975,10.83084],[98.98297,10.83231],[98.98986,10.8442],[98.99404,10.84363],[98.99605,10.84672],[99.00151,10.84827],[99.01104,10.85697],[99.0116,10.87259],[99.00871,10.87461],[99.00847,10.87825],[99.00016,10.88183],[99.00561,10.89181],[99.00273,10.90021],[99.00373,10.90505],[99.00265,10.9079],[98.99743,10.91127],[99.00002,10.91382],[98.99892,10.92314],[99.00317,10.93001],[99.00291,10.93513],[99.01177,10.94295],[99.01583,10.95419],[99.01579,10.95808],[99.0202,10.96675],[99.02527,10.97039],[99.03026,10.969],[99.03295,10.96424],[99.03987,10.96169],[99.04913,10.96245],[99.0502,10.95501],[99.05266,10.9534],[99.05361,10.94858],[99.05706,10.94695],[99.06218,10.95209],[99.08054,10.95505],[99.08443,10.96445],[99.09046,10.96687],[99.09385,10.97215],[99.093,10.97505],[99.0944,10.981],[99.09627,10.9826],[99.09547,10.98563],[99.10058,10.99215],[99.10265,10.9993],[99.10115,11.00207],[99.10241,11.01269],[99.10997,11.0147],[99.11483,11.02066],[99.11853,11.02135],[99.1269,11.02689],[99.12955,11.03061],[99.13234,11.03061],[99.13393,11.02824],[99.13684,11.02949],[99.1395,11.02829],[99.1411,11.03002],[99.14653,11.02947],[99.14815,11.03249],[99.15076,11.03345],[99.15094,11.02094],[99.14704,11.0159],[99.14952,11.01382],[99.15251,11.01543],[99.15443,11.01229],[99.15683,11.0131],[99.16515,11.01055],[99.16873,11.00229],[99.1708,11.00302],[99.17457,10.99986],[99.17605,11.00166],[99.17815,11.00021],[99.18037,11.00174],[99.17991,10.99847],[99.18243,10.9992],[99.18196,10.99711],[99.1855,10.99587],[99.18673,10.99823],[99.19099,10.99601],[99.19333,10.9981],[99.19645,10.99649],[99.19901,10.99706],[99.19967,10.99374],[99.19827,10.99137],[99.20148,10.99072],[99.20048,10.98853],[99.20178,10.98608],[99.20283,10.98894],[99.20642,10.98951],[99.21557,10.98238],[99.22187,10.98331],[99.23247,10.97842],[99.23708,10.97983],[99.24152,10.97736],[99.24086,10.972],[99.2452,10.97234],[99.24904,10.96889],[99.25596,10.96829],[99.25774,10.96578],[99.26271,10.96808],[99.2718,10.96605],[99.27405,10.96188],[99.27996,10.95784],[99.29085,10.96964],[99.29892,10.96896],[99.30257,10.96646],[99.30688,10.966],[99.31169,10.96876],[99.32499,10.96981],[99.33542,10.96556],[99.34342,10.97474],[99.34595,10.97563],[99.36173,10.96894],[99.369,10.96864],[99.3752,10.97263],[99.37879,10.96409],[99.3802,10.96434],[99.38183,10.96194],[99.40794,10.95561],[99.42635,10.96985],[99.43928,10.97062],[99.46172,10.98893],[99.47002,10.99276],[99.47276,10.99278],[99.47643,10.98943],[99.48542,10.99044],[99.49256,10.98791],[99.5023,10.99093],[99.50084,10.98866],[99.49889,10.98794],[99.4982,10.98915],[99.49403,10.98652],[99.48982,10.97012],[99.48866,10.95222],[99.4916,10.9351],[99.49652,10.92365],[99.50224,10.91495],[99.50521,10.91509],[99.50641,10.91748],[99.50967,10.91704],[99.51022,10.91497],[99.50724,10.91293],[99.50821,10.90627],[99.50976,10.90402],[99.51659,10.90266],[99.51877,10.89976],[99.51756,10.89371],[99.51144,10.89093],[99.50728,10.88416],[99.50851,10.87934],[99.5102,10.87914],[99.50956,10.87293],[99.50532,10.87213],[99.50603,10.8679],[99.50061,10.86317],[99.49615,10.86187],[99.49634,10.86367],[99.50027,10.86662],[99.49873,10.87069],[99.49713,10.87052],[99.4961,10.87235],[99.49665,10.87625],[99.4952,10.87971],[99.48358,10.88222],[99.49008,10.88181],[99.48363,10.88949],[99.47796,10.88804],[99.46623,10.87154],[99.46346,10.87358],[99.45804,10.87258],[99.4515,10.87409],[99.44093,10.87183],[99.44027,10.86578],[99.43305,10.85599],[99.43504,10.85311],[99.43207,10.82602],[99.42824,10.81785],[99.42594,10.806],[99.42274,10.80037],[99.42265,10.79547],[99.41158,10.77388],[99.41139,10.77042],[99.41342,10.76863],[99.41123,10.76691],[99.41266,10.76306],[99.41162,10.76236],[99.41007,10.76418],[99.40782,10.76229],[99.40607,10.75955],[99.40749,10.7575],[99.40472,10.75724],[99.40271,10.75292],[99.40426,10.75187],[99.39968,10.74965],[99.40069,10.74673],[99.39948,10.74502],[99.39391,10.74398],[99.3862,10.71986],[99.38014,10.70797],[99.37165,10.70686],[99.36484,10.70033],[99.35947,10.69188],[99.35857,10.68466],[99.36092,10.67849],[99.36455,10.68017],[99.36851,10.67779],[99.36525,10.67082],[99.36185,10.6698],[99.36101,10.66674],[99.35863,10.66525],[99.35807,10.67742],[99.35145,10.68304],[99.34366,10.68366],[99.32941,10.67936],[99.31782,10.66867],[99.31063,10.6575],[99.30666,10.64865],[99.30585,10.64214],[99.30499,10.6435],[99.30084,10.63806],[99.29542,10.62096],[99.29627,10.61879],[99.29273,10.61795],[99.2835,10.6076],[99.28056,10.59724],[99.2813,10.58539],[99.28315,10.58327],[99.28081,10.57886],[99.27856,10.57784],[99.27506,10.5699],[99.27427,10.55816],[99.27783,10.5516],[99.27583,10.54934],[99.27498,10.54443],[99.27311,10.54163],[99.26398,10.53985],[99.26052,10.53633],[99.25146,10.54145],[99.24313,10.5414],[99.23783,10.53308],[99.2372,10.52167],[99.24404,10.50717],[99.24919,10.50593],[99.25677,10.51189],[99.25815,10.51191],[99.25897,10.50932],[99.26032,10.51312],[99.26178,10.51192],[99.26652,10.51604],[99.2674,10.5154],[99.26468,10.51306],[99.25859,10.50035],[99.24708,10.49443],[99.24097,10.4931],[99.23846,10.4961],[99.23196,10.49576],[99.22832,10.4901],[99.22727,10.48316],[99.22832,10.46905],[99.23155,10.45987],[99.24063,10.44774],[99.25002,10.44296],[99.26687,10.42525],[99.27484,10.42325],[99.27584,10.41504],[99.28068,10.41084],[99.28342,10.41086],[99.28265,10.40305],[99.27937,10.39905],[99.28406,10.38338],[99.28421,10.36388],[99.27918,10.36065],[99.27766,10.35504],[99.27126,10.35272],[99.27095,10.35763],[99.26229,10.35785],[99.26336,10.36063],[99.26227,10.36322],[99.25296,10.363],[99.24664,10.35748],[99.24042,10.34772],[99.24076,10.34482],[99.23872,10.3438],[99.23039,10.35231],[99.23031,10.35698],[99.2206,10.36682],[99.22035,10.36501],[99.21664,10.36562],[99.20992,10.37345],[99.1947,10.37452],[99.19435,10.37238],[99.19297,10.37355],[99.18324,10.37272],[99.16632,10.36667],[99.16324,10.36845],[99.16131,10.36778],[99.15906,10.36583],[99.15648,10.3579],[99.14858,10.35403],[99.14574,10.346],[99.14659,10.34103],[99.15363,10.32975],[99.1498,10.32106],[99.14951,10.31247],[99.14523,10.31102],[99.14913,10.31045],[99.15009,10.30049],[99.15202,10.29686],[99.15431,10.2963],[99.15892,10.28771],[99.16427,10.28369],[99.16418,10.28125],[99.16186,10.27896],[99.17159,10.27799],[99.17575,10.27487],[99.18827,10.27564],[99.18875,10.27353],[99.18482,10.26931],[99.19035,10.265],[99.19761,10.26696],[99.20124,10.27249],[99.20641,10.27038],[99.20748,10.26613],[99.2033,10.25053],[99.21134,10.23728],[99.21835,10.23753],[99.21831,10.23004],[99.22331,10.22615],[99.23219,10.23218],[99.23583,10.23246],[99.23785,10.23848],[99.24669,10.23547],[99.24166,10.22683],[99.2329,10.22286],[99.22549,10.21474],[99.22144,10.21708],[99.21819,10.21244],[99.21304,10.21053],[99.20967,10.21275],[99.2057,10.21184],[99.2042,10.21731],[99.19964,10.21882],[99.1923,10.21355],[99.19036,10.2101],[99.19179,10.20423],[99.18715,10.19572],[99.18238,10.17593],[99.18017,10.17707],[99.17649,10.17474],[99.16918,10.15096],[99.16638,10.14868],[99.16366,10.15075],[99.15742,10.14342],[99.15527,10.14439],[99.15386,10.14316],[99.1482,10.12576],[99.14726,10.11489],[99.14884,10.0936],[99.15434,10.0885],[99.15661,10.082],[99.15626,10.0774],[99.15121,10.07251],[99.15195,10.06902],[99.16751,10.04457],[99.17413,10.04049],[99.17872,10.04393],[99.18184,10.04338],[99.17987,10.03148],[99.17755,10.03028],[99.17341,10.03106],[99.17205,10.02807],[99.17266,10.02382],[99.17875,10.01961],[99.17807,10.01218],[99.17485,10.00738],[99.16781,10.00899],[99.16401,10.01385],[99.15854,10.01077],[99.15138,9.99672],[99.14958,9.98821],[99.15083,9.97218],[99.16018,9.94444],[99.16165,9.91582],[99.16056,9.9086],[99.15889,9.90849],[99.15732,9.90521],[99.15676,9.89895],[99.1585,9.88454],[99.16518,9.85915],[99.16252,9.85758],[99.16199,9.84776],[99.1552,9.84926],[99.14923,9.84412],[99.1433,9.83617],[99.13913,9.82474],[99.13823,9.81201],[99.1458,9.74287],[99.14888,9.73171],[99.15684,9.71408],[99.15919,9.7042],[99.16096,9.67992],[99.1688,9.65937],[99.18723,9.62976],[99.20934,9.60057],[99.20737,9.5921],[99.20767,9.57771],[99.21292,9.55563],[99.2301,9.51957],[99.24111,9.48721],[99.2558,9.45947],[99.26468,9.44612],[99.28109,9.42808],[99.30209,9.40894],[99.31043,9.39705],[99.31212,9.39103],[99.31182,9.38918],[99.30749,9.39535],[99.29807,9.40122],[99.29618,9.40487],[99.29083,9.40333],[99.2831,9.39409],[99.2791,9.39168],[99.27362,9.37574],[99.26917,9.37099],[99.26775,9.3757],[99.26318,9.37076],[99.26167,9.36123],[99.23896,9.35441],[99.23734,9.34744],[99.2341,9.3506],[99.23344,9.34565],[99.22146,9.3414],[99.21878,9.33904],[99.21497,9.33011],[99.21537,9.3199],[99.21254,9.30609],[99.21493,9.30389],[99.21557,9.29587],[99.22095,9.28379],[99.22382,9.28083],[99.22666,9.28099],[99.22715,9.27752],[99.22572,9.27728],[99.2236,9.27098],[99.22296,9.25744],[99.24635,9.2274],[99.25139,9.22298],[99.2542,9.22282],[99.25542,9.22635],[99.25891,9.2272],[99.26274,9.21718],[99.26789,9.21458],[99.27242,9.21781],[99.27384,9.21509],[99.27478,9.21766],[99.27738,9.21809],[99.27891,9.22257],[99.28487,9.22798],[99.28564,9.23297],[99.28931,9.22895],[99.29411,9.23116],[99.29768,9.23099],[99.30456,9.2347],[99.30728,9.23782],[99.30699,9.24165],[99.31025,9.24517],[99.31311,9.24432],[99.31078,9.2392],[99.31718,9.24626],[99.32221,9.24561],[99.32351,9.24361],[99.3161,9.23784],[99.31524,9.23555],[99.31917,9.23378],[99.32183,9.23534],[99.32257,9.23445],[99.3204,9.23286],[99.321,9.23099],[99.31315,9.22863],[99.31159,9.22119],[99.32234,9.21552],[99.33704,9.2273],[99.33492,9.22131],[99.33689,9.22368],[99.34417,9.22161],[99.33673,9.21573],[99.33794,9.21233],[99.33503,9.20884],[99.33849,9.20882],[99.33875,9.20711],[99.34274,9.20973],[99.34528,9.20749],[99.35985,9.21577],[99.35965,9.2144],[99.36172,9.21518],[99.3584,9.20705],[99.3609,9.20475],[99.35944,9.20228],[99.36071,9.19838],[99.3659,9.19807],[99.36637,9.19629],[99.36452,9.19419],[99.36824,9.19398],[99.36706,9.19014],[99.36896,9.19083],[99.36891,9.1898],[99.37315,9.19358],[99.37549,9.20142],[99.37535,9.19498],[99.37673,9.19442],[99.3795,9.19719],[99.38134,9.19647],[99.38752,9.19975],[99.38192,9.19313],[99.38329,9.1929],[99.40028,9.20269],[99.41479,9.20627],[99.43486,9.20382],[99.46046,9.19803],[99.4664,9.19826],[99.4743,9.21038],[99.48076,9.2125],[99.4856,9.2118],[99.48766,9.21486],[99.49126,9.21516],[99.49221,9.21794],[99.49786,9.22143],[99.49635,9.22785],[99.5073,9.25863],[99.51663,9.27241],[99.52729,9.28344],[99.5399,9.28718],[99.5481,9.28469],[99.55925,9.27816],[99.58789,9.26865],[99.60188,9.26775],[99.60971,9.26945],[99.61592,9.2732],[99.62025,9.28064],[99.62083,9.27968],[99.62216,9.28146],[99.62288,9.28532],[99.64097,9.30201],[99.66043,9.30447],[99.6663,9.30329],[99.67187,9.30652],[99.67427,9.31186],[99.67677,9.31002],[99.68171,9.31327],[99.68263,9.31794],[99.68053,9.32241],[99.68326,9.32559],[99.68511,9.33219],[99.68208,9.33411],[99.68098,9.3382],[99.68851,9.33474],[99.68802,9.32915],[99.6923,9.32579],[99.70235,9.32239],[99.70443,9.3255],[99.70799,9.32152],[99.72629,9.313],[99.73166,9.31251],[99.73448,9.32064],[99.74431,9.32927],[99.74182,9.32416],[99.74436,9.32432],[99.75042,9.31796],[99.76021,9.31542],[99.76174,9.31847],[99.76912,9.32315],[99.77288,9.32099],[99.77592,9.3141],[99.78054,9.31176],[99.78309,9.31215],[99.78521,9.31834],[99.7868,9.31639],[99.78633,9.31351],[99.79324,9.31246],[99.79548,9.31824],[99.79683,9.31697],[99.79693,9.30984],[99.80085,9.32009],[99.80297,9.31672],[99.80568,9.31581],[99.80447,9.31252],[99.80059,9.31068],[99.79939,9.30626],[99.80293,9.30134],[99.80668,9.29936],[99.81331,9.29923],[99.82025,9.29698],[99.82425,9.29854],[99.82786,9.30961],[99.8298,9.31073],[99.83746,9.30437],[99.83863,9.29515],[99.84328,9.29413],[99.84185,9.29155],[99.84236,9.28426],[99.84381,9.28249],[99.84612,9.28268],[99.8446,9.26545],[99.84831,9.25422],[99.85816,9.25357],[99.86102,9.25189],[99.86354,9.24804],[99.86378,9.23856],[99.86565,9.23654],[99.87035,9.23799],[99.86939,9.23484],[99.8708,9.22894],[99.87414,9.22564],[99.87402,9.22207],[99.87643,9.22204],[99.87944,9.21831],[99.87899,9.21053],[99.88074,9.20984],[99.88094,9.20788],[99.87649,9.20692],[99.87547,9.20297],[99.87364,9.17165],[99.87536,9.14061],[99.88189,9.12544],[99.88765,9.12661],[99.89381,9.12224],[99.89663,9.11918],[99.89941,9.11099],[99.90321,9.10871],[99.90873,9.09853],[99.90934,9.09016],[99.91267,9.08368],[99.90997,9.07909],[99.90959,9.07411],[99.91431,9.02089],[99.91611,9.01521],[99.91774,9.0158],[99.92225,9.0078],[99.92762,9.00805],[99.92873,9.00686],[99.92725,9.00382],[99.92001,9.00377],[99.91536,8.99465],[99.91281,8.96055],[99.91421,8.92281],[99.92075,8.86215],[99.93411,8.79667],[99.93986,8.72593],[99.9494,8.66716],[99.94788,8.66562],[99.9482,8.65731],[99.95142,8.64622],[99.95438,8.6236],[99.95975,8.6045],[99.9658,8.58833],[99.97446,8.57736],[99.98293,8.57115],[99.99738,8.57209],[100.00245,8.56458],[100.00871,8.56398],[100.01495,8.55986],[100.02879,8.54642],[100.0431,8.52941],[100.04763,8.52069],[100.04778,8.51289],[100.05186,8.50763],[100.05312,8.49853],[100.06303,8.47757],[100.06203,8.47532],[100.06752,8.4683],[100.07252,8.45565],[100.07607,8.43728],[100.08896,8.41101],[100.09167,8.41729],[100.09368,8.41745],[100.09745,8.41304],[100.10335,8.41105],[100.11059,8.40324],[100.11677,8.4021],[100.1299,8.3941],[100.13697,8.38628],[100.1395,8.38554],[100.14103,8.38357],[100.14032,8.38192],[100.14435,8.37982],[100.14533,8.37688],[100.14736,8.37975],[100.14886,8.37848],[100.15027,8.37996],[100.1563,8.37904],[100.1547,8.3818],[100.15799,8.38311],[100.1625,8.38956],[100.16999,8.38766],[100.17503,8.38211],[100.17644,8.3823],[100.17579,8.38671],[100.17056,8.39506],[100.17119,8.39726],[100.16615,8.40105],[100.15947,8.41388],[100.15846,8.41941],[100.16133,8.42187],[100.15795,8.4276],[100.15529,8.43921],[100.15625,8.44179],[100.16354,8.44699],[100.16771,8.4547],[100.16939,8.454],[100.16956,8.45577],[100.17298,8.45792],[100.16582,8.47227],[100.16598,8.474],[100.16806,8.47354],[100.1684,8.4752],[100.16603,8.48016],[100.16519,8.48801],[100.16202,8.49339],[100.14565,8.51047],[100.13542,8.51431],[100.12876,8.51405],[100.12759,8.5167],[100.13179,8.51913],[100.14632,8.51641],[100.15935,8.51162],[100.18059,8.49422],[100.19989,8.47065],[100.2178,8.43588],[100.25319,8.33763],[100.28403,8.23143],[100.30131,8.14294],[100.33433,7.94139],[100.37713,7.74767],[100.43313,7.51811],[100.46311,7.42098],[100.47976,7.37815],[100.50298,7.32794],[100.53936,7.26411],[100.55106,7.25213],[100.55637,7.24989],[100.55981,7.25214],[100.58242,7.23366],[100.5802,7.23131],[100.58772,7.21664],[100.5911,7.21544],[100.59605,7.21678],[100.59768,7.2155],[100.61662,7.18508],[100.61871,7.18308],[100.62304,7.18417],[100.65628,7.12852],[100.69051,7.07802],[100.73917,7.01419],[100.76514,6.98521],[100.79391,6.96325],[100.81084,6.95488],[100.82923,6.95161],[100.83834,6.96055],[100.84464,6.9598],[100.84944,6.96202],[100.90137,6.91486],[100.92046,6.90019],[100.94932,6.88168],[100.95864,6.88031],[100.98376,6.86414],[101.00812,6.85653],[101.03274,6.85417],[101.09528,6.86087],[101.10113,6.86276],[101.13428,6.8601],[101.15853,6.86142],[101.16669,6.86508],[101.19272,6.86725],[101.21636,6.87315],[101.23436,6.8841],[101.24792,6.90117],[101.25994,6.90176],[101.26707,6.8992],[101.27162,6.89337],[101.28442,6.89197],[101.28322,6.88273],[101.28847,6.87872],[101.29589,6.87998],[101.30838,6.8869],[101.32484,6.87599],[101.32752,6.87494],[101.33337,6.87637],[101.3383,6.88453],[101.34403,6.8861],[101.34559,6.88917],[101.34469,6.8987],[101.34161,6.90137],[101.34331,6.90662],[101.34234,6.9105],[101.33991,6.91262],[101.33541,6.91306],[101.32975,6.91117],[101.32786,6.91431],[101.32741,6.92275],[101.32425,6.92776],[101.3194,6.92691],[101.31336,6.92287],[101.30592,6.92935],[101.30064,6.92803],[101.29934,6.93219],[101.30056,6.93281],[101.30071,6.93056],[101.30044,6.93906],[101.29654,6.93759],[101.2989,6.93412],[101.29211,6.93861],[101.28581,6.93773],[101.2855,6.94492],[101.28641,6.9442],[101.28937,6.94876],[101.28053,6.94845],[101.27449,6.94128],[101.27375,6.94697],[101.2728,6.94464],[101.26768,6.94263],[101.26806,6.94512],[101.26704,6.94293],[101.26295,6.94045],[101.26061,6.94094],[101.25616,6.93666],[101.2534,6.93799],[101.2496,6.93595],[101.24541,6.92959],[101.24479,6.93167],[101.24564,6.93089],[101.24635,6.93406],[101.24515,6.93239],[101.24459,6.93512],[101.24403,6.93245],[101.24204,6.93333],[101.23945,6.92885],[101.24099,6.93487],[101.24751,6.94221],[101.26322,6.94807],[101.27063,6.94895],[101.27916,6.95317],[101.28658,6.95212],[101.30285,6.94471],[101.32154,6.93199],[101.33824,6.91653],[101.35759,6.90398],[101.41112,6.89019],[101.41432,6.89116],[101.42794,6.88769],[101.45284,6.88507],[101.47003,6.87926],[101.4888,6.86782],[101.49246,6.86883],[101.49469,6.86696],[101.50351,6.86574],[101.50469,6.86438],[101.49976,6.86463],[101.50873,6.86203],[101.52194,6.86221],[101.5093,6.86453],[101.50976,6.86631],[101.52002,6.86358],[101.52597,6.86564],[101.54454,6.84695],[101.54767,6.84577],[101.5573,6.84621],[101.63014,6.72217],[101.63518,6.7192],[101.63783,6.71364],[101.64269,6.70951],[101.66119,6.67595],[101.7226,6.57994],[101.75557,6.53064],[101.79943,6.47131],[101.82169,6.44816],[101.82465,6.44685],[101.82622,6.44776],[101.82845,6.44464],[101.83338,6.44339],[101.85608,6.42788],[101.85966,6.42935],[101.86535,6.4273],[101.86688,6.42825],[101.87399,6.42463],[101.91742,6.37357],[101.9464,6.34455],[101.96377,6.32944],[101.98385,6.31389],[102.08656,6.2472],[102.08717,6.24145],[102.09102,6.23687],[102.08002,6.22613],[102.08073,6.22051],[102.07849,6.20969],[102.0797,6.20329],[102.07703,6.19799],[102.07695,6.19099],[102.08012,6.18036],[102.07797,6.17238],[102.07912,6.17036],[102.08227,6.17148],[102.0824,6.16873],[102.08523,6.16543],[102.08347,6.16187],[102.08454,6.15838],[102.08849,6.15921],[102.09095,6.15431],[102.08997,6.15076],[102.09267,6.14874],[102.09211,6.14631],[102.08689,6.14088],[102.08827,6.13863],[102.08229,6.13649],[102.08145,6.12958],[102.07717,6.12754],[102.07887,6.12563],[102.07861,6.12311],[102.07389,6.12018],[102.07499,6.11806],[102.07264,6.11824],[102.0738,6.11584],[102.07142,6.11503],[102.06988,6.10932],[102.06702,6.10975],[102.06594,6.10669],[102.06451,6.10697],[102.06089,6.10309],[102.05972,6.09922],[102.06066,6.0966],[102.05863,6.09702],[102.06066,6.09144],[102.05777,6.09102],[102.05676,6.08576],[102.05317,6.08015],[102.04323,6.07622],[102.04303,6.07417],[102.03851,6.07309],[102.03363,6.06958],[102.03115,6.0713],[102.02896,6.06538],[102.02188,6.06155],[102.01872,6.05222],[102.01558,6.0537],[102.01161,6.05135],[102.00438,6.05094],[102.00255,6.04937],[102.00363,6.04418],[101.99931,6.04065],[101.99043,6.04063],[101.98369,6.03293],[101.98274,6.02989],[101.98009,6.02889],[101.97772,6.03025],[101.97551,6.02421],[101.97037,6.01952],[101.97058,6.01096],[101.9723,6.00967],[101.97087,6.0059],[101.96418,6.00078],[101.96265,5.99677],[101.95887,5.99758],[101.95724,5.99381],[101.95323,5.99549],[101.95465,5.99274],[101.95226,5.99152],[101.95122,5.98784],[101.94978,5.98807],[101.94904,5.99081],[101.94742,5.99072],[101.94747,5.98389],[101.94614,5.98724],[101.94484,5.98693],[101.94168,5.98097],[101.94461,5.98037],[101.94303,5.97842],[101.9456,5.97731],[101.93896,5.97235],[101.94182,5.96513],[101.94084,5.95947],[101.94362,5.95778],[101.94303,5.9545],[101.93592,5.94827],[101.93388,5.94956],[101.9285,5.94892],[101.9286,5.94488],[101.93111,5.94506],[101.92977,5.94333],[101.93069,5.94128],[101.92839,5.93883],[101.93079,5.93634],[101.92861,5.93528],[101.93022,5.93266],[101.92702,5.92429],[101.92297,5.92437],[101.92342,5.92092],[101.92048,5.91815],[101.92152,5.91067],[101.92509,5.90897],[101.92655,5.9107],[101.92963,5.90976],[101.92977,5.90494],[101.93269,5.90697],[101.93174,5.90554],[101.93387,5.90213],[101.93297,5.90044],[101.93513,5.89952],[101.9343,5.89718],[101.93795,5.89168],[101.93647,5.88855],[101.93967,5.88899],[101.93905,5.87925],[101.94176,5.87666],[101.94323,5.87207],[101.94026,5.87046],[101.94095,5.86768],[101.93743,5.86215],[101.93535,5.86345],[101.9301,5.86134],[101.92673,5.85661],[101.92902,5.85347],[101.92002,5.84579],[101.91623,5.84545],[101.91651,5.84315],[101.9059,5.84143],[101.89901,5.84431],[101.89695,5.84306],[101.89525,5.84558],[101.89074,5.83837],[101.88624,5.83948],[101.88343,5.83793],[101.88408,5.83531],[101.8795,5.83137],[101.87662,5.82079],[101.87952,5.81595],[101.88001,5.8102],[101.87807,5.81065],[101.87844,5.80896],[101.87661,5.80924],[101.87614,5.80635],[101.87238,5.80295],[101.86963,5.8052],[101.86727,5.8026],[101.86558,5.80409],[101.86082,5.80149],[101.86034,5.79875],[101.86357,5.7977],[101.86385,5.79366],[101.86676,5.79281],[101.86615,5.79103],[101.85761,5.79191],[101.85634,5.79395],[101.85474,5.79107],[101.84291,5.78889],[101.84047,5.79159],[101.84053,5.79002],[101.83575,5.78865],[101.83493,5.78434],[101.82587,5.76977],[101.82458,5.76483],[101.8183,5.75629],[101.81898,5.75421],[101.82293,5.75394],[101.82431,5.75148],[101.82406,5.74465],[101.82698,5.73849],[101.82586,5.73398],[101.82291,5.73275],[101.81564,5.73347],[101.81444,5.73802],[101.80904,5.74338],[101.80391,5.74458],[101.79935,5.75044],[101.79267,5.75089],[101.78938,5.75356],[101.77507,5.76931],[101.77385,5.77354],[101.77635,5.78342],[101.7736,5.78641],[101.7657,5.78939],[101.76066,5.79532],[101.75345,5.79723],[101.74787,5.79295],[101.74628,5.79432],[101.74388,5.79362],[101.74343,5.78942],[101.73888,5.7822],[101.72687,5.78531],[101.72533,5.78211],[101.72157,5.78003],[101.7199,5.78787],[101.71816,5.78831],[101.71668,5.78574],[101.71685,5.77463],[101.71443,5.76363],[101.70979,5.76202],[101.70684,5.75512],[101.70218,5.75279],[101.69778,5.7525],[101.69134,5.7552],[101.68952,5.76346],[101.68782,5.76427],[101.69013,5.77168],[101.68768,5.781],[101.68449,5.78339],[101.67848,5.78126],[101.67168,5.78748],[101.66895,5.79095],[101.66988,5.79544],[101.66431,5.80084],[101.66756,5.80811],[101.66269,5.81486],[101.6591,5.81193],[101.65765,5.81242],[101.65727,5.8229],[101.65885,5.82593],[101.65665,5.83827],[101.65961,5.84201],[101.66121,5.84809],[101.66004,5.85246],[101.65714,5.85408],[101.65557,5.85734],[101.65948,5.86408],[101.66264,5.86622],[101.659,5.87121],[101.65872,5.87489],[101.65407,5.87785],[101.64147,5.87052],[101.63772,5.87113],[101.63194,5.87534],[101.62291,5.87739],[101.62187,5.89597],[101.61821,5.89605],[101.61512,5.9008],[101.61509,5.91096],[101.60828,5.91511],[101.59773,5.91198],[101.59695,5.91429],[101.58947,5.91861],[101.58777,5.92997],[101.58132,5.9345],[101.57533,5.93055],[101.57261,5.92555],[101.55931,5.9191],[101.55432,5.9211],[101.53954,5.91894],[101.53644,5.91521],[101.53287,5.91465],[101.52639,5.9095],[101.52339,5.89867],[101.52018,5.90069],[101.51784,5.8997],[101.51521,5.90388],[101.51308,5.90329],[101.50756,5.89394],[101.49885,5.8879],[101.49411,5.88175],[101.4868,5.88312],[101.48733,5.87368],[101.48549,5.87007],[101.479,5.87274],[101.47393,5.87027],[101.47032,5.8747],[101.46493,5.87666],[101.45917,5.87348],[101.45414,5.86739],[101.44678,5.87077],[101.43831,5.87081],[101.43734,5.87263],[101.43184,5.871],[101.4277,5.87564],[101.42414,5.87421],[101.41769,5.87654],[101.41339,5.87313],[101.40771,5.87215],[101.40269,5.87439],[101.39564,5.87333],[101.39122,5.87586],[101.38948,5.85837],[101.38671,5.85398],[101.37966,5.85066],[101.37934,5.84569],[101.377,5.84409],[101.37366,5.8371],[101.37435,5.83284],[101.36184,5.83118],[101.35867,5.83332],[101.354,5.82831],[101.3486,5.82585],[101.34743,5.82272],[101.34827,5.81626],[101.34597,5.80892],[101.34122,5.80963],[101.33726,5.80695],[101.33218,5.81149],[101.32337,5.81376],[101.32079,5.81246],[101.31418,5.80278],[101.31211,5.80218],[101.30746,5.80459],[101.30434,5.81403],[101.29546,5.81217],[101.29077,5.81634],[101.27672,5.81204],[101.2762,5.80987],[101.26942,5.8034],[101.26396,5.80066],[101.25872,5.78737],[101.25906,5.77864],[101.25448,5.77266],[101.25409,5.76846],[101.25061,5.76326],[101.25041,5.75907],[101.25562,5.75227],[101.25361,5.74671],[101.25479,5.7423],[101.25649,5.74136],[101.2569,5.73718],[101.25984,5.73271],[101.25761,5.7196],[101.26084,5.71766],[101.2592,5.71119],[101.25173,5.70866],[101.24861,5.70466],[101.25061,5.69913],[101.24885,5.69666],[101.24493,5.69604],[101.2417,5.69116],[101.23556,5.69008],[101.23301,5.68785],[101.21819,5.68769],[101.21861,5.68111],[101.22181,5.67561],[101.21804,5.6723],[101.21786,5.66643],[101.21447,5.664],[101.21375,5.6615],[101.20837,5.65949],[101.20449,5.65989],[101.20262,5.65447],[101.19508,5.6494],[101.18812,5.65069],[101.17139,5.64756],[101.16655,5.64124],[101.16817,5.63562],[101.16349,5.63051],[101.15158,5.62268],[101.14844,5.6242],[101.14452,5.62303],[101.14368,5.61419],[101.1341,5.61289],[101.12783,5.63194],[101.12921,5.63838],[101.1252,5.64643],[101.1257,5.65136],[101.12286,5.65704],[101.1232,5.66173],[101.11969,5.66366],[101.11831,5.67182],[101.11055,5.68155],[101.10462,5.6845],[101.10282,5.68888],[101.09988,5.6891],[101.09686,5.69227],[101.09477,5.69711],[101.09656,5.70024],[101.09515,5.70362],[101.08846,5.70469],[101.08529,5.70874],[101.08522,5.71247],[101.08089,5.71001],[101.08013,5.71725],[101.08258,5.72145],[101.07906,5.72202],[101.07582,5.72547],[101.06796,5.72878],[101.06599,5.72682],[101.06215,5.72691],[101.06285,5.73158],[101.05921,5.73421],[101.06108,5.74246],[101.06007,5.74436],[101.05618,5.74465],[101.05482,5.74305],[101.05366,5.7446],[101.05065,5.74074],[101.04095,5.74074],[101.03668,5.73748],[101.03373,5.7387],[101.02684,5.75097],[101.02,5.75924],[101.01881,5.76623],[101.00711,5.77038],[101.00726,5.77408],[101.00501,5.77522],[101.00288,5.77934],[100.99762,5.78023],[100.99631,5.78419],[100.98969,5.78383],[100.98826,5.79729],[100.9838,5.80678],[100.98477,5.80984],[100.99208,5.81176],[100.99921,5.81905],[101.0018,5.82473],[101.00106,5.82855],[101.00735,5.83298],[101.00855,5.83638],[101.01214,5.8379],[101.00935,5.84148],[101.00671,5.85133],[101.00986,5.86379],[101.00892,5.87288],[101.01325,5.87514],[101.01439,5.88218],[101.023,5.89233],[101.02408,5.8973],[101.02916,5.90131],[101.02528,5.91154],[101.02623,5.91364],[101.03699,5.91746],[101.04535,5.91614],[101.05205,5.91065],[101.05567,5.91255],[101.05601,5.91625],[101.05973,5.9163],[101.06294,5.92003],[101.06988,5.9176],[101.07499,5.91821],[101.08004,5.91559],[101.08313,5.91088],[101.08564,5.91045],[101.08877,5.92042],[101.08712,5.92496],[101.09175,5.92708],[101.09269,5.93343],[101.09919,5.94209],[101.09542,5.95097],[101.09976,5.95104],[101.10559,5.95466],[101.10863,5.95889],[101.11175,5.95784],[101.11455,5.96709],[101.12343,5.97743],[101.12262,5.98224],[101.11408,5.98637],[101.11308,5.98879],[101.1072,5.99058],[101.10621,6.00021],[101.10885,6.0061],[101.11257,6.00935],[101.10831,6.01582],[101.11014,6.01942],[101.11004,6.0238],[101.10776,6.02847],[101.11224,6.03183],[101.11376,6.0392],[101.10679,6.04476],[101.10528,6.04856],[101.10147,6.04867],[101.10015,6.05046],[101.10445,6.06017],[101.10401,6.06347],[101.11058,6.06609],[101.10987,6.07365],[101.1155,6.08129],[101.11495,6.09293],[101.12625,6.09554],[101.1267,6.10583],[101.1184,6.11492],[101.11412,6.11306],[101.10592,6.11347],[101.10768,6.11812],[101.10519,6.12391],[101.10167,6.12398],[101.09953,6.12717],[101.09522,6.12818],[101.0891,6.13421],[101.0749,6.13562],[101.07027,6.1402],[101.06341,6.1414],[101.06046,6.14046],[101.05836,6.1425],[101.06071,6.15082],[101.06357,6.15153],[101.06726,6.15671],[101.07524,6.16095],[101.0755,6.17141],[101.0843,6.17489],[101.08604,6.17896],[101.09231,6.17637],[101.09634,6.17984],[101.10139,6.17831],[101.10809,6.17976],[101.12631,6.19303],[101.12302,6.20089],[101.11505,6.20385],[101.11849,6.21172],[101.11544,6.21749],[101.11611,6.2208],[101.11285,6.22253],[101.11327,6.22648],[101.11071,6.22821],[101.10975,6.2327],[101.10523,6.23804],[101.1074,6.24356],[101.11197,6.24886],[101.11164,6.25122],[101.10766,6.25161],[101.09508,6.26025],[101.0817,6.25853],[101.07556,6.2556],[101.07199,6.25772],[101.06765,6.25573],[101.06403,6.25918],[101.05936,6.25375],[101.05005,6.25457],[101.04308,6.24937],[101.03807,6.24928],[101.02953,6.24406],[101.02172,6.25015],[101.01885,6.24709],[101.01405,6.24772],[101.01184,6.24961],[101.01006,6.25618],[100.98956,6.26625],[100.98428,6.27547],[100.98444,6.27894],[100.98228,6.27838],[100.98,6.28035],[100.97616,6.2792],[100.97179,6.28296],[100.9675,6.28319],[100.96632,6.28165],[100.96794,6.27936],[100.96751,6.27519],[100.96502,6.27242],[100.95991,6.27119],[100.9585,6.26884],[100.95571,6.2691],[100.95463,6.26543],[100.94659,6.26323],[100.94549,6.25673],[100.94699,6.2511],[100.94385,6.24295],[100.9223,6.24459],[100.91714,6.24805],[100.91311,6.24557],[100.91133,6.24131],[100.90742,6.24009],[100.90749,6.2369],[100.90407,6.23367],[100.89915,6.23437],[100.89536,6.23868],[100.89278,6.2391],[100.89212,6.24922],[100.88622,6.25011],[100.88413,6.25531],[100.88034,6.25472],[100.87593,6.25849],[100.87452,6.26328],[100.87132,6.26457],[100.86902,6.25956],[100.86923,6.25282],[100.86584,6.24529],[100.87029,6.23981],[100.8613,6.23671],[100.8591,6.23339],[100.85399,6.23128],[100.85099,6.23372],[100.84415,6.25044],[100.84601,6.25785],[100.84402,6.26081],[100.84485,6.263],[100.83896,6.27682],[100.83832,6.28272],[100.83495,6.28571],[100.83632,6.2922],[100.83468,6.29418],[100.83501,6.29674],[100.83751,6.30035],[100.84091,6.30125],[100.84155,6.30709],[100.84866,6.31052],[100.84932,6.31441],[100.84026,6.32278],[100.8404,6.32755],[100.83551,6.33871],[100.82852,6.34774],[100.82755,6.35248],[100.82172,6.35717],[100.82217,6.36547],[100.82041,6.36928],[100.82418,6.3828],[100.82183,6.39067],[100.82129,6.39985],[100.82412,6.40515],[100.82136,6.41573],[100.81628,6.42352],[100.81654,6.42697],[100.81379,6.43119],[100.81462,6.43356],[100.81202,6.44286],[100.81022,6.44469],[100.80607,6.44456],[100.79144,6.44878],[100.78799,6.45372],[100.78152,6.45477],[100.78163,6.45731],[100.77609,6.46319],[100.76788,6.45552],[100.75242,6.45861],[100.74352,6.47058],[100.74274,6.48196],[100.73858,6.4906],[100.74319,6.4998],[100.73845,6.51017],[100.73416,6.50996],[100.73316,6.50624],[100.72993,6.50547],[100.73167,6.50196],[100.72942,6.50052],[100.7302,6.49644],[100.72807,6.49504],[100.72355,6.49561],[100.72006,6.49089],[100.7194,6.48648],[100.71167,6.48131],[100.70893,6.471],[100.69739,6.47118],[100.69689,6.4663],[100.68619,6.46495],[100.68444,6.45382],[100.66228,6.45098],[100.65262,6.44285],[100.64998,6.44619],[100.64588,6.44683],[100.64296,6.44957],[100.64661,6.45613],[100.64607,6.45869],[100.62627,6.45793],[100.61722,6.46011],[100.60832,6.47229],[100.605,6.47236],[100.60274,6.46899],[100.59472,6.47788],[100.58935,6.47942],[100.58399,6.47849],[100.57284,6.4831],[100.57087,6.48733],[100.56583,6.49106],[100.5623,6.49639],[100.55321,6.49179],[100.54886,6.48521],[100.54259,6.49148],[100.53683,6.48706],[100.53208,6.49038],[100.52593,6.48809],[100.52403,6.4909],[100.51863,6.48935],[100.51554,6.4936],[100.51211,6.4927],[100.50816,6.50073],[100.50551,6.49913],[100.5023,6.49986],[100.49416,6.50834],[100.49258,6.51567],[100.49576,6.51872],[100.4954,6.52192],[100.4893,6.52578],[100.48618,6.5233],[100.47694,6.52447],[100.46908,6.52108],[100.46663,6.52491],[100.46189,6.52638],[100.45972,6.53166],[100.4577,6.53217],[100.45324,6.52762],[100.44608,6.5266],[100.43976,6.52773],[100.43243,6.52334],[100.42944,6.52412],[100.42386,6.51887],[100.42056,6.5186],[100.41693,6.52057],[100.41525,6.52416],[100.41087,6.52361],[100.40768,6.52943],[100.40241,6.53079],[100.40192,6.53673],[100.39633,6.53419],[100.38808,6.53567],[100.3865,6.5395],[100.37309,6.54499],[100.36728,6.54004],[100.36387,6.54504],[100.3601,6.54726],[100.35818,6.55478],[100.35902,6.55728],[100.3553,6.56161],[100.35313,6.56188],[100.35366,6.5681],[100.35145,6.57296],[100.34822,6.57339],[100.345,6.57178],[100.34091,6.57637],[100.34167,6.58004],[100.33607,6.58271],[100.3354,6.58499],[100.32936,6.58455],[100.32523,6.5866],[100.32491,6.58906],[100.32028,6.59187],[100.31591,6.60395],[100.31027,6.60418],[100.30696,6.60598],[100.30422,6.60513],[100.30582,6.61072],[100.31874,6.61572],[100.32542,6.62251],[100.32127,6.63568],[100.3176,6.63536],[100.31654,6.63698],[100.32158,6.64359],[100.31963,6.65417],[100.3257,6.66014],[100.32715,6.6639],[100.3254,6.66577],[100.31917,6.66493],[100.31627,6.6674],[100.30723,6.66813],[100.30199,6.67978],[100.30022,6.68062],[100.2975,6.67873],[100.29476,6.67989],[100.28995,6.69229],[100.2916,6.69946],[100.29492,6.70522],[100.29015,6.71043],[100.28674,6.70805],[100.28368,6.70894],[100.27521,6.70656],[100.27419,6.70435],[100.26985,6.70325],[100.26456,6.69932],[100.26146,6.70677],[100.25741,6.7111],[100.25656,6.70903],[100.25258,6.70818],[100.25323,6.70481],[100.25051,6.70274],[100.24918,6.69823],[100.24352,6.69639],[100.2424,6.69386],[100.2376,6.69292],[100.23182,6.69527],[100.22859,6.69427],[100.22934,6.69645],[100.22415,6.69758],[100.21816,6.70355],[100.21822,6.70968],[100.21522,6.71337],[100.21403,6.71992],[100.20659,6.72092],[100.20416,6.72462],[100.20445,6.72698],[100.19813,6.7226],[100.18567,6.71764],[100.18577,6.71387],[100.17938,6.70231],[100.17832,6.69738],[100.17156,6.69402],[100.17104,6.69203],[100.17475,6.68376],[100.17858,6.68271],[100.18036,6.67497],[100.17756,6.66903],[100.18061,6.65517],[100.16769,6.64843],[100.16849,6.63479],[100.16573,6.6314],[100.16778,6.62827],[100.16692,6.62497],[100.16958,6.60834],[100.17485,6.60454],[100.17768,6.60505],[100.18007,6.60133],[100.18052,6.59824],[100.17814,6.59581],[100.17801,6.59159],[100.18361,6.57947],[100.18306,6.57413],[100.17711,6.57312],[100.17644,6.56917],[100.17457,6.56758],[100.17137,6.57456],[100.1694,6.57469],[100.16499,6.57046],[100.16298,6.57196],[100.16238,6.57628],[100.15647,6.57986],[100.15593,6.57564],[100.15909,6.5716],[100.15921,6.56321],[100.15475,6.55986],[100.15305,6.55642],[100.15689,6.52418],[100.15415,6.52237],[100.16021,6.5027],[100.15927,6.4959],[100.16032,6.49095],[100.15931,6.48735],[100.15475,6.48711],[100.15443,6.48397],[100.15858,6.48],[100.15154,6.47692],[100.1504,6.4709],[100.14555,6.46877],[100.14492,6.46016],[100.14753,6.45282],[100.142,6.44799],[100.13959,6.44812],[100.13555,6.44495],[100.1362,6.44153],[100.13405,6.43943],[100.13482,6.43347],[100.13349,6.4294],[100.12523,6.42558],[100.12291,6.42301],[100.11985,6.42268],[100.11911,6.42389],[100.1166,6.43317],[100.11816,6.44264],[100.1139,6.44961],[100.11463,6.45807],[100.11186,6.46158],[100.10562,6.48306],[100.10178,6.48885],[100.10138,6.49663],[100.09988,6.49769],[100.08729,6.49428],[100.08478,6.49484],[100.08422,6.49692],[100.08897,6.499],[100.09272,6.51364],[100.09607,6.518],[100.09823,6.51686],[100.09874,6.53008],[100.09496,6.54196],[100.09671,6.54599],[100.10056,6.54715],[100.09995,6.55173],[100.09009,6.54906],[100.08144,6.55644],[100.08095,6.56061],[100.07941,6.55863],[100.07644,6.55849],[100.07667,6.5511],[100.06861,6.53125],[100.06794,6.52389],[100.06221,6.51685],[100.05471,6.51817],[100.04985,6.52095],[100.00953,6.55683],[100.00584,6.55502],[99.97999,6.55738],[99.95461,6.5385],[99.85786,6.56758],[99.84535,6.58494],[99.84376,6.59421],[99.9164,6.64434],[99.916,6.66858],[99.92162,6.68661],[99.91317,6.70245],[99.90865,6.70328],[99.90681,6.70533],[99.90734,6.70797],[99.91164,6.70997],[99.91287,6.71175],[99.91267,6.71288],[99.90847,6.7192],[99.90004,6.71816],[99.88769,6.72038],[99.87696,6.7189],[99.87002,6.72159],[99.86282,6.73569],[99.85676,6.74317],[99.85236,6.74467],[99.84123,6.74488],[99.84012,6.77896],[99.83574,6.77843],[99.83168,6.77585],[99.82671,6.77632],[99.82791,6.77879],[99.82133,6.77381],[99.81909,6.77409],[99.81149,6.77025],[99.80791,6.77284],[99.80491,6.77823],[99.80324,6.79273],[99.79964,6.79952],[99.80153,6.80207],[99.80001,6.80754],[99.79224,6.82177],[99.77949,6.83743],[99.77357,6.8422],[99.77033,6.84224],[99.76792,6.83626],[99.76311,6.83506],[99.75736,6.83842],[99.75425,6.83291],[99.74834,6.84202],[99.73526,6.84987],[99.72247,6.85454],[99.72188,6.86055],[99.72043,6.8619],[99.70775,6.85843],[99.7016,6.85986],[99.70258,6.86402],[99.70578,6.86407],[99.70824,6.87055],[99.71133,6.87323],[99.70869,6.8746],[99.70449,6.87105],[99.70167,6.87137],[99.70156,6.86963],[99.69985,6.87088],[99.69692,6.86997],[99.69044,6.88041],[99.68475,6.89675],[99.68134,6.89781],[99.68042,6.89983],[99.67844,6.89885],[99.6777,6.89988],[99.68308,6.91064],[99.6814,6.94583],[99.68608,6.9518],[99.69185,6.9555],[99.70102,6.95432],[99.70431,6.95786],[99.70447,6.96215],[99.70316,6.9668],[99.69689,6.96835],[99.69065,6.96678],[99.68647,6.96055],[99.68256,6.96037],[99.68191,6.96528],[99.68375,6.96671],[99.68247,6.9721],[99.68569,6.97323],[99.68124,6.9755],[99.6773,6.98106],[99.67128,6.99601],[99.67032,7.00247],[99.6734,7.00821],[99.68024,7.01058],[99.68422,7.01469],[99.68142,7.01427],[99.67658,7.02002],[99.66868,7.04272],[99.6745,7.05271],[99.67645,7.05389],[99.67902,7.0509],[99.69543,7.07892],[99.69875,7.07611],[99.69833,7.06974],[99.70057,7.06669],[99.70849,7.08054],[99.71038,7.08862],[99.71611,7.09035],[99.70975,7.10037],[99.71038,7.10307],[99.72651,7.11282],[99.72923,7.11288],[99.73368,7.11009],[99.73584,7.11907],[99.73307,7.12763],[99.73449,7.13224],[99.73169,7.13308],[99.72909,7.13064],[99.72106,7.12821],[99.71635,7.13076],[99.71439,7.13402],[99.71137,7.13088],[99.70087,7.13248],[99.69653,7.13091],[99.69023,7.12495],[99.68101,7.12306],[99.67352,7.11747],[99.66993,7.11744],[99.66721,7.11379],[99.66551,7.11635],[99.67039,7.12484],[99.66757,7.1412],[99.66447,7.14777],[99.66514,7.14975],[99.65895,7.16207],[99.64887,7.16847],[99.64568,7.16668],[99.64284,7.16812],[99.63806,7.16586],[99.63453,7.15948],[99.62003,7.1461],[99.61902,7.14306],[99.61463,7.13901],[99.60221,7.1369],[99.59965,7.13901],[99.60184,7.14313],[99.59972,7.14605],[99.60136,7.15388],[99.60035,7.15579],[99.59575,7.1576],[99.59138,7.15121],[99.58448,7.1472],[99.5773,7.1572],[99.57651,7.16439],[99.56689,7.1892],[99.55773,7.20748],[99.5453,7.22222],[99.53973,7.23126],[99.52398,7.24548],[99.52117,7.25182],[99.51121,7.25651],[99.4619,7.28868],[99.45422,7.29029],[99.45061,7.29399],[99.44758,7.29293],[99.44227,7.29374],[99.44018,7.2956],[99.43857,7.29486],[99.42604,7.30324],[99.42436,7.30342],[99.42459,7.30217],[99.41858,7.30431],[99.41298,7.31313],[99.41308,7.31446],[99.41551,7.31431],[99.41314,7.31589],[99.40363,7.31782],[99.401,7.311],[99.40174,7.30567],[99.39824,7.3044],[99.39672,7.30716],[99.39447,7.30759],[99.38952,7.31983],[99.3753,7.3399],[99.37262,7.34168],[99.37005,7.33925],[99.36135,7.3505],[99.35988,7.35444],[99.36124,7.35766],[99.3541,7.36174],[99.33665,7.38008],[99.33641,7.38243],[99.34817,7.40506],[99.34562,7.41212],[99.33821,7.40936],[99.33643,7.41083],[99.33988,7.4138],[99.34392,7.41337],[99.34488,7.41528],[99.34565,7.42628],[99.34409,7.43661],[99.34604,7.44102],[99.34352,7.44408],[99.33842,7.46149],[99.33273,7.4732],[99.3309,7.4857],[99.32764,7.49409],[99.31986,7.50298],[99.31096,7.50739],[99.31067,7.50986],[99.31307,7.51281],[99.30938,7.51284],[99.30333,7.50917],[99.30046,7.50401],[99.29705,7.50194],[99.29609,7.4976],[99.28989,7.50398],[99.29031,7.50676],[99.28365,7.51607],[99.28723,7.52195],[99.29142,7.51854],[99.29341,7.51357],[99.29775,7.51611],[99.29398,7.52004],[99.29375,7.52244],[99.29606,7.52248],[99.3003,7.51735],[99.3043,7.51889],[99.30735,7.52589],[99.30746,7.53482],[99.31224,7.53771],[99.30797,7.54546],[99.29407,7.56066],[99.29415,7.56297],[99.29928,7.56969],[99.29017,7.57632],[99.29127,7.57997],[99.27806,7.60118],[99.28045,7.61586],[99.28307,7.61939],[99.2805,7.62022],[99.27879,7.62416],[99.27699,7.62911],[99.27785,7.63315],[99.27515,7.63355],[99.27082,7.62226],[99.26776,7.62151],[99.26506,7.62309],[99.26129,7.61672],[99.25722,7.61977],[99.25118,7.62117],[99.24685,7.62588],[99.2414,7.62776],[99.2358,7.62709],[99.23269,7.63076],[99.2327,7.63296],[99.23519,7.63226],[99.23839,7.63385],[99.24408,7.63119],[99.25197,7.63063],[99.25569,7.62723],[99.25356,7.63028],[99.2513,7.63997],[99.25473,7.65064],[99.26053,7.65437],[99.26273,7.65953],[99.26221,7.66231],[99.24803,7.65179],[99.21261,7.63555],[99.17773,7.61288],[99.1443,7.72604],[99.12987,7.74644],[99.1279,7.75199],[99.1237,7.75213],[99.1172,7.75609],[99.10511,7.7598],[99.10035,7.76584],[99.09978,7.77102],[99.09973,7.7651],[99.10332,7.76073],[99.10758,7.75742],[99.11399,7.75548],[99.11552,7.75284],[99.11278,7.74124],[99.11033,7.74047],[99.11213,7.73597],[99.11096,7.72522],[99.1085,7.73918],[99.10199,7.74851],[99.10752,7.73658],[99.10781,7.72905],[99.10641,7.72623],[99.1086,7.72147],[99.1075,7.71566],[99.1088,7.71447],[99.10763,7.70701],[99.10199,7.6962],[99.0965,7.69184],[99.09133,7.69036],[99.08444,7.69045],[99.07887,7.69198],[99.07815,7.69378],[99.06731,7.69473],[99.0644,7.69793],[99.06319,7.7042],[99.05908,7.70836],[99.05394,7.72013],[99.04691,7.72491],[99.05246,7.72024],[99.06285,7.69946],[99.06149,7.69717],[99.05078,7.69702],[99.04738,7.69866],[99.04515,7.69775],[99.04167,7.70027],[99.02312,7.74683],[99.01959,7.7652],[99.02507,7.77148],[99.03716,7.77257],[99.04465,7.77126],[99.04727,7.76948],[99.04841,7.76538],[99.0431,7.75914],[99.04758,7.76206],[99.04962,7.76745],[99.04773,7.77126],[99.04189,7.77408],[99.03391,7.77515],[99.02897,7.7731],[99.02644,7.77394],[99.02483,7.77979],[99.02204,7.78093],[99.02225,7.78568],[99.02733,7.79255],[99.02772,7.79664],[99.03072,7.79718],[99.02633,7.80207],[99.02493,7.80935],[99.01807,7.81675],[99.01692,7.8231],[99.01814,7.82484],[99.02173,7.82412],[99.02293,7.8287],[99.02762,7.82954],[99.02944,7.82851],[99.03384,7.81879],[99.03898,7.81901],[99.03429,7.81938],[99.02616,7.83676],[99.03416,7.83779],[99.04023,7.84979],[99.0476,7.85997],[99.06013,7.86748],[99.0688,7.87607],[99.0768,7.88769],[99.08304,7.90728],[99.08352,7.91372],[99.08046,7.9184],[99.0739,7.91546],[99.0703,7.91611],[99.06911,7.91808],[99.06994,7.92292],[99.06677,7.923],[99.06367,7.92018],[99.05802,7.90628],[99.05105,7.89658],[99.03718,7.88609],[99.02963,7.88594],[99.02445,7.88707],[99.01873,7.89329],[99.01443,7.91654],[99.00343,7.92796],[99.0009,7.94024],[98.99562,7.9414],[98.98394,7.93849],[98.97872,7.93956],[98.97349,7.93665],[98.97355,7.93347],[98.97197,7.93336],[98.96011,7.95762],[98.94577,7.97869],[98.94134,7.99033],[98.9449,7.99499],[98.95129,7.99779],[98.95425,7.99652],[98.96122,7.98639],[98.96463,7.98471],[98.97023,7.98655],[98.97512,7.99291],[98.97962,7.99337],[98.98236,7.9959],[98.98456,8.00591],[98.98127,8.01034],[98.98169,8.0155],[98.97592,8.01151],[98.97191,8.00451],[98.9693,8.00473],[98.96784,8.00583],[98.96848,8.00735],[98.96544,8.00706],[98.968,8.00948],[98.96612,8.01174],[98.95991,8.01364],[98.96321,8.01673],[98.96017,8.01844],[98.95908,8.02689],[98.95402,8.0021],[98.94499,7.9989],[98.93841,7.99365],[98.93188,7.98096],[98.92361,7.97004],[98.89429,7.93735],[98.88486,7.95202],[98.87648,7.97203],[98.86326,7.98905],[98.85977,7.99037],[98.85606,8.02183],[98.84933,8.01445],[98.84231,8.01234],[98.84111,8.00884],[98.84494,8.00615],[98.84347,8.00249],[98.84029,8.00315],[98.84014,8.00558],[98.83474,8.00895],[98.83856,8.01005],[98.83591,8.01615],[98.83173,8.01887],[98.82854,8.01538],[98.82686,8.01678],[98.82668,8.01965],[98.82898,8.01966],[98.82912,8.02487],[98.82555,8.02934],[98.81529,8.03696],[98.81471,8.03835],[98.81617,8.03938],[98.80647,8.04531],[98.79682,8.04819],[98.79466,8.04518],[98.78728,8.04616],[98.77924,8.04216],[98.77305,8.04126],[98.77162,8.02885],[98.77361,8.02293],[98.77017,8.02203],[98.76886,8.01992],[98.76484,8.0211],[98.76301,8.02819],[98.76506,8.03599],[98.7631,8.04107],[98.75759,8.05004],[98.74979,8.05481],[98.74818,8.06077],[98.74346,8.06667],[98.74478,8.07386],[98.74185,8.07772],[98.74,8.07791],[98.74306,8.08287],[98.7432,8.08636],[98.74697,8.08869],[98.74783,8.09391],[98.74727,8.11475],[98.74144,8.11561],[98.72413,8.09888],[98.71708,8.08138],[98.70995,8.07321],[98.70297,8.05613],[98.69496,8.04624],[98.69031,8.04296],[98.66803,8.03733],[98.66803,8.03487],[98.69698,8.03614],[98.69562,8.00239],[98.69261,7.97545],[98.68222,7.94106],[98.68532,7.9259],[98.68867,7.91889],[98.68988,7.90566],[98.68556,7.88721],[98.68502,7.8604],[98.67163,7.81746],[98.65898,7.7989],[98.64849,7.77638],[98.63349,7.76439],[98.61672,7.74363],[98.60956,7.74721],[98.60431,7.75281],[98.50565,7.75274],[98.5024,7.78523],[98.50525,7.81989],[98.50393,7.84531],[98.50583,7.87478],[98.50551,7.92668],[98.50795,7.99151],[98.51035,8.00294],[98.50806,8.01727],[98.50814,8.0333],[98.51147,8.07196],[98.50849,8.07687],[98.49734,8.08417],[98.47584,8.10686],[98.46078,8.11826],[98.45546,8.11398],[98.45227,8.11405],[98.44079,8.11955],[98.4312,8.12062],[98.41789,8.12475],[98.39364,8.11915],[98.39223,8.11662],[98.39114,8.10998],[98.38248,8.09292],[98.3872,8.08705],[98.39763,8.08215],[98.40195,8.08461],[98.40428,8.08157],[98.4085,8.0811],[98.41205,8.08693],[98.41845,8.08775],[98.42227,8.09123],[98.42592,8.09685],[98.4246,8.10069],[98.42669,8.10212],[98.42768,8.09877],[98.43338,8.0993],[98.43482,8.09521],[98.44052,8.09339],[98.4394,8.08922],[98.43502,8.08693],[98.43427,8.07671],[98.43666,8.07191],[98.44187,8.0725],[98.44374,8.07065],[98.44255,8.06587],[98.4356,8.06681],[98.43029,8.0571],[98.43035,8.04295],[98.43228,8.04027],[98.42979,8.03973],[98.42761,8.04305],[98.42435,8.04401],[98.42383,8.04618],[98.42081,8.04623],[98.42071,8.04214],[98.41799,8.0427],[98.41643,8.04006],[98.41702,8.03709],[98.41418,8.03586],[98.41527,8.03392],[98.41261,8.03163],[98.41196,8.02706],[98.41131,8.03124],[98.41043,8.03055],[98.40994,8.02123],[98.41105,8.02179],[98.4095,8.01406],[98.41169,8.01434],[98.41212,8.01196],[98.40812,8.01014],[98.40801,8.00877],[98.4118,8.0097],[98.40971,8.00641],[98.41076,8.0023],[98.41326,8.0007],[98.416,7.99527],[98.41798,7.99463],[98.42063,7.9895],[98.42272,7.98818],[98.42533,7.9893],[98.42535,7.98796],[98.4239,7.98538],[98.42061,7.98437],[98.41737,7.98971],[98.41045,7.99139],[98.39989,7.98678],[98.39843,7.98192],[98.39488,7.9835],[98.39508,7.98099],[98.39317,7.97887],[98.39561,7.97492],[98.39224,7.96842]]],[[[98.46138,8.03234],[98.4608,8.0225],[98.45938,8.02612],[98.45974,8.03256],[98.46138,8.03234]]],[[[98.46693,8.06164],[98.47168,8.04643],[98.4702,8.0399],[98.46807,8.0385],[98.46618,8.03933],[98.46615,8.04621],[98.46034,8.05016],[98.4572,8.05581],[98.45777,8.06091],[98.46478,8.06218],[98.46693,8.06164]]],[[[98.44928,8.06487],[98.44978,8.05693],[98.44402,8.05834],[98.4424,8.06026],[98.44928,8.06487]]],[[[98.40616,8.10735],[98.40018,8.10443],[98.39985,8.10685],[98.4061,8.10881],[98.40616,8.10735]]],[[[98.42556,8.11839],[98.42625,8.1175],[98.42482,8.11443],[98.42432,8.11536],[98.42556,8.11839]]],[[[97.64073,8.47376],[97.62971,8.48671],[97.6298,8.48872],[97.63458,8.49087],[97.63962,8.485],[97.64764,8.48041],[97.64073,8.47376]]],[[[97.63172,8.50115],[97.62853,8.50868],[97.62311,8.51492],[97.62329,8.51683],[97.63297,8.51245],[97.64106,8.49965],[97.63938,8.4982],[97.63172,8.50115]]],[[[97.64526,8.5201],[97.64891,8.51987],[97.64966,8.51751],[97.64683,8.51725],[97.64526,8.5201]]],[[[97.63028,8.56979],[97.63228,8.56467],[97.62917,8.55409],[97.62698,8.55299],[97.62541,8.55456],[97.62506,8.56308],[97.62045,8.56972],[97.61963,8.57518],[97.62142,8.57618],[97.62375,8.57416],[97.62621,8.56807],[97.63028,8.56979]]],[[[97.63476,8.56996],[97.63576,8.57173],[97.63782,8.56967],[97.63705,8.56574],[97.63476,8.56996]]],[[[97.62691,8.58864],[97.62631,8.59936],[97.62718,8.60064],[97.63098,8.59547],[97.63376,8.59452],[97.63435,8.59137],[97.62811,8.5872],[97.62691,8.58864]]],[[[97.63868,8.6178],[97.63405,8.62371],[97.63306,8.63606],[97.6273,8.64511],[97.62578,8.65605],[97.62934,8.66003],[97.63695,8.66092],[97.63766,8.665],[97.64282,8.66343],[97.64322,8.66014],[97.64138,8.63019],[97.64376,8.61875],[97.64238,8.61687],[97.63868,8.6178]]],[[[97.64136,8.66831],[97.63634,8.66927],[97.6312,8.6734],[97.63295,8.67497],[97.63653,8.67478],[97.63737,8.67738],[97.63921,8.67717],[97.64267,8.67382],[97.64136,8.66831]]],[[[97.8025,8.82527],[97.79829,8.82718],[97.7981,8.82832],[97.8041,8.8297],[97.80488,8.82747],[97.8025,8.82527]]],[[[97.80755,9.06869],[97.80904,9.07231],[97.80719,9.08055],[97.80991,9.08249],[97.81163,9.07664],[97.81836,9.06872],[97.81916,9.06581],[97.81274,9.05934],[97.80755,9.06869]]],[[[97.86991,9.36889],[97.86647,9.36572],[97.86322,9.36624],[97.86197,9.37073],[97.8643,9.37464],[97.86718,9.37527],[97.86969,9.37227],[97.86991,9.36889]]],[[[97.89124,9.39779],[97.89243,9.39817],[97.89689,9.3957],[97.89339,9.39592],[97.89124,9.39779]]],[[[98.3927,9.39988],[98.39136,9.401],[98.39176,9.40153],[98.39245,9.40101],[98.3927,9.39988]]],[[[97.90251,9.40588],[97.90099,9.40572],[97.90102,9.40628],[97.90251,9.40588]]],[[[97.89233,9.45988],[97.89645,9.45459],[97.9028,9.45254],[97.9036,9.44947],[97.90066,9.44568],[97.9027,9.44487],[97.89987,9.43697],[97.90322,9.43382],[97.90134,9.43135],[97.9046,9.42634],[97.90011,9.42121],[97.89442,9.42833],[97.89048,9.42737],[97.88312,9.43171],[97.87628,9.43189],[97.87779,9.42187],[97.88168,9.41726],[97.88131,9.41406],[97.87911,9.41289],[97.87713,9.41572],[97.87179,9.41745],[97.87272,9.41571],[97.87132,9.41006],[97.86983,9.40962],[97.87304,9.40591],[97.87629,9.40559],[97.87647,9.40115],[97.87992,9.39832],[97.88293,9.38245],[97.88224,9.38095],[97.87913,9.38179],[97.87191,9.3788],[97.86928,9.39077],[97.86666,9.39105],[97.86562,9.39329],[97.85921,9.39637],[97.85802,9.39826],[97.85881,9.4008],[97.85497,9.40219],[97.85198,9.4008],[97.84483,9.40423],[97.843,9.4115],[97.83958,9.41584],[97.8411,9.41677],[97.85133,9.41528],[97.85476,9.42111],[97.85465,9.42388],[97.85921,9.42344],[97.86276,9.42561],[97.86184,9.42887],[97.85079,9.43142],[97.84964,9.43499],[97.84649,9.43645],[97.85915,9.43923],[97.85695,9.44546],[97.85151,9.44682],[97.85261,9.45079],[97.85525,9.45202],[97.85366,9.45421],[97.85442,9.45538],[97.8693,9.45457],[97.87067,9.45514],[97.87086,9.458],[97.87755,9.45761],[97.87801,9.46234],[97.88398,9.4641],[97.89233,9.45988]]],[[[97.82798,9.41935],[97.83149,9.42582],[97.8349,9.42468],[97.83275,9.41927],[97.82798,9.41935]]],[[[98.34908,9.43497],[98.35036,9.43903],[98.35397,9.43895],[98.35596,9.43716],[98.35562,9.4346],[98.3516,9.43222],[98.34908,9.43497]]],[[[98.32615,9.45486],[98.32565,9.45913],[98.32831,9.45882],[98.32823,9.45626],[98.32615,9.45486]]],[[[97.8768,9.47197],[97.87548,9.47118],[97.87512,9.47196],[97.8768,9.47197]]],[[[97.90182,9.4787],[97.90511,9.47813],[97.90558,9.47365],[97.90355,9.47403],[97.90182,9.4787]]],[[[98.37886,9.47752],[98.37219,9.47848],[98.37308,9.48175],[98.37001,9.49168],[98.37123,9.49461],[98.37358,9.4925],[98.37422,9.48916],[98.38391,9.4846],[98.38406,9.48135],[98.37886,9.47752]]],[[[98.33079,9.47261],[98.33266,9.48077],[98.339,9.48696],[98.33816,9.49176],[98.35432,9.50799],[98.35164,9.49893],[98.35244,9.49143],[98.34387,9.4838],[98.34303,9.47546],[98.33173,9.46883],[98.33079,9.47261]]],[[[97.87423,9.4952],[97.87366,9.49444],[97.87304,9.49509],[97.87423,9.4952]]],[[[98.37405,9.5007],[98.37325,9.49911],[98.37303,9.50069],[98.37405,9.5007]]],[[[98.36758,9.50096],[98.36976,9.50172],[98.36772,9.49955],[98.36758,9.50096]]],[[[98.35655,9.51136],[98.35457,9.51223],[98.35541,9.51381],[98.35807,9.51326],[98.35504,9.51542],[98.35732,9.51862],[98.36119,9.51431],[98.35655,9.51136]]],[[[98.38693,9.5718],[98.38384,9.56448],[98.38123,9.5647],[98.38098,9.56837],[98.3832,9.5725],[98.38693,9.5718]]],[[[98.47158,9.58381],[98.47009,9.57668],[98.46485,9.57336],[98.46065,9.5801],[98.46286,9.58528],[98.4669,9.58758],[98.46718,9.59262],[98.47158,9.58381]]],[[[98.4679,9.59674],[98.4695,9.59646],[98.46933,9.59335],[98.46765,9.59464],[98.4679,9.59674]]],[[[98.42621,9.71671],[98.42395,9.7136],[98.42154,9.71731],[98.41944,9.71774],[98.42621,9.71671]]],[[[98.41456,9.77743],[98.41424,9.75794],[98.42137,9.74597],[98.42123,9.73797],[98.42735,9.73478],[98.42301,9.73059],[98.42037,9.72324],[98.41625,9.71831],[98.40384,9.71181],[98.4011,9.70635],[98.39013,9.70454],[98.39072,9.7079],[98.39696,9.7118],[98.39788,9.71965],[98.39559,9.71977],[98.38703,9.7303],[98.38273,9.73166],[98.38018,9.73014],[98.3797,9.73298],[98.38867,9.74717],[98.38825,9.75075],[98.39288,9.75125],[98.39294,9.74766],[98.3959,9.74464],[98.40108,9.74458],[98.40538,9.74681],[98.40745,9.75159],[98.40648,9.75322],[98.40801,9.7555],[98.40819,9.76321],[98.40497,9.76539],[98.40105,9.76358],[98.39961,9.76543],[98.40693,9.77167],[98.41138,9.77153],[98.41456,9.77743]]],[[[98.4587,9.76659],[98.46412,9.77327],[98.46613,9.77383],[98.4651,9.76898],[98.45999,9.76496],[98.4587,9.76659]]],[[[98.44411,9.78226],[98.44679,9.78595],[98.44849,9.787],[98.44656,9.77921],[98.44483,9.77936],[98.44411,9.78226]]],[[[98.45923,9.85981],[98.46345,9.85919],[98.46829,9.86312],[98.47019,9.85966],[98.46915,9.853],[98.46699,9.85252],[98.46347,9.84187],[98.46094,9.84097],[98.46148,9.83577],[98.46536,9.83139],[98.46743,9.82464],[98.46228,9.81345],[98.46003,9.81878],[98.45326,9.8164],[98.45013,9.80856],[98.45011,9.80415],[98.45353,9.80216],[98.45207,9.79724],[98.45496,9.79536],[98.45412,9.79222],[98.45119,9.79051],[98.44709,9.79971],[98.44519,9.80086],[98.43867,9.79809],[98.43275,9.80492],[98.43448,9.81242],[98.43126,9.81477],[98.43049,9.82109],[98.43111,9.82429],[98.43351,9.82629],[98.43073,9.82904],[98.43253,9.83072],[98.43664,9.82848],[98.44147,9.83341],[98.44339,9.83946],[98.43932,9.85112],[98.43609,9.85571],[98.44161,9.86254],[98.44474,9.86288],[98.45013,9.87429],[98.45206,9.87331],[98.4519,9.8681],[98.45497,9.86275],[98.45923,9.85981]]],[[[98.44126,9.87894],[98.44344,9.87678],[98.44221,9.8761],[98.44126,9.87894]]],[[[99.17225,6.50871],[99.1729,6.50672],[99.17127,6.50662],[99.17225,6.50871]]],[[[99.17372,6.51374],[99.17255,6.51228],[99.17176,6.51285],[99.17273,6.51443],[99.17372,6.51374]]],[[[99.17478,6.51548],[99.1733,6.51496],[99.17359,6.51624],[99.17478,6.51548]]],[[[99.15755,6.54266],[99.16657,6.53333],[99.17297,6.53074],[99.17736,6.52434],[99.18014,6.52549],[99.18369,6.52398],[99.184,6.52149],[99.17465,6.51708],[99.17199,6.51982],[99.16716,6.521],[99.16536,6.52418],[99.1575,6.52318],[99.15372,6.52836],[99.15278,6.534],[99.15607,6.54182],[99.15755,6.54266]]],[[[99.16451,6.54221],[99.16293,6.54194],[99.16325,6.54252],[99.16451,6.54221]]],[[[99.06758,7.21211],[99.06821,7.20792],[99.06258,7.19749],[99.05913,7.19677],[99.05772,7.19945],[99.05411,7.19854],[99.05264,7.20485],[99.05854,7.21699],[99.06758,7.21211]]],[[[99.08486,7.22453],[99.08568,7.22151],[99.08329,7.21937],[99.0733,7.21791],[99.06912,7.21417],[99.06478,7.21547],[99.06115,7.22012],[99.06233,7.22149],[99.06557,7.22115],[99.06994,7.22707],[99.07554,7.22959],[99.08034,7.22917],[99.08486,7.22453]]],[[[99.12207,7.49593],[99.11691,7.49417],[99.11829,7.49806],[99.11737,7.49927],[99.12021,7.50025],[99.12207,7.49593]]],[[[99.12047,7.54396],[99.13663,7.53472],[99.13488,7.53149],[99.13518,7.52457],[99.13354,7.52653],[99.1337,7.52983],[99.12564,7.53258],[99.11701,7.54273],[99.11832,7.54432],[99.12047,7.54396]]],[[[99.04748,7.64461],[99.0592,7.6134],[99.06183,7.61184],[99.06505,7.61734],[99.06734,7.61439],[99.06617,7.60876],[99.0795,7.59705],[99.07957,7.59062],[99.07576,7.57996],[99.07688,7.57582],[99.0755,7.5672],[99.0772,7.55872],[99.0811,7.54863],[99.08587,7.54421],[99.0909,7.53523],[99.09446,7.53283],[99.09429,7.52751],[99.10022,7.52054],[99.10309,7.51011],[99.1106,7.49816],[99.10948,7.48187],[99.10628,7.47949],[99.10355,7.47082],[99.09933,7.46973],[99.09861,7.46761],[99.0982,7.47007],[99.09535,7.47256],[99.08952,7.47482],[99.09055,7.47771],[99.088,7.48281],[99.08412,7.48344],[99.08223,7.48725],[99.07998,7.48596],[99.07909,7.48899],[99.07656,7.48902],[99.07342,7.49751],[99.07164,7.49845],[99.06891,7.49698],[99.06734,7.49921],[99.05683,7.52061],[99.05236,7.52638],[99.04524,7.54543],[99.03377,7.56737],[99.03055,7.58907],[99.03206,7.59002],[99.03361,7.60263],[99.02681,7.62262],[99.02903,7.62565],[99.03217,7.62667],[99.03162,7.63258],[99.02708,7.64357],[99.02086,7.64517],[99.02031,7.64283],[99.01884,7.64707],[99.01972,7.64878],[99.02223,7.64602],[99.02711,7.64582],[99.03433,7.65052],[99.03863,7.64983],[99.04748,7.64461]]],[[[99.14376,7.56319],[99.14596,7.56077],[99.14531,7.55941],[99.14248,7.56039],[99.14376,7.56319]]],[[[99.14009,7.57934],[99.14272,7.57563],[99.14275,7.57283],[99.14048,7.57588],[99.14009,7.57934]]],[[[99.14183,7.58761],[99.14004,7.59312],[99.14203,7.59455],[99.14814,7.59035],[99.14847,7.58416],[99.14649,7.58239],[99.14183,7.58761]]],[[[99.14714,7.6115],[99.14916,7.61796],[99.1517,7.61491],[99.15048,7.60899],[99.14887,7.60881],[99.14714,7.6115]]],[[[98.86229,7.6165],[98.86515,7.61638],[98.86407,7.612],[98.86229,7.6165]]],[[[99.14413,7.62257],[99.13836,7.63975],[99.13942,7.64077],[99.14598,7.63904],[99.14964,7.63014],[99.14782,7.6179],[99.14506,7.61534],[99.14413,7.62257]]],[[[99.06881,7.6876],[99.09134,7.67942],[99.09514,7.67928],[99.0989,7.67975],[99.1094,7.68625],[99.1205,7.67233],[99.12271,7.66355],[99.12769,7.65657],[99.1299,7.6493],[99.12967,7.64023],[99.11749,7.62535],[99.11941,7.62096],[99.11942,7.61459],[99.12482,7.60979],[99.12107,7.60565],[99.1205,7.60232],[99.12343,7.59304],[99.11891,7.58719],[99.11526,7.58676],[99.11639,7.59888],[99.10825,7.6029],[99.10093,7.60228],[99.09063,7.6057],[99.09032,7.59793],[99.0875,7.59569],[99.07875,7.60085],[99.06716,7.61068],[99.06857,7.61449],[99.06584,7.61846],[99.05759,7.62396],[99.05642,7.63359],[99.051,7.64757],[99.03795,7.655],[99.04107,7.66478],[99.04072,7.67088],[99.0377,7.67961],[99.03904,7.68448],[99.05686,7.68762],[99.06881,7.6876]]],[[[98.76804,7.68932],[98.76648,7.68384],[98.76736,7.68314],[98.76951,7.68569],[98.77077,7.67877],[98.76664,7.67446],[98.76315,7.67336],[98.76155,7.67722],[98.76344,7.67872],[98.76558,7.67686],[98.76547,7.68047],[98.76121,7.68345],[98.76577,7.68921],[98.76386,7.6971],[98.76466,7.69962],[98.76804,7.68932]]],[[[99.1191,7.69603],[99.11315,7.70548],[99.11189,7.71292],[99.11288,7.71519],[99.11662,7.71201],[99.12128,7.7008],[99.1191,7.69603]]],[[[99.12369,7.74282],[99.12998,7.73666],[99.13016,7.73264],[99.12212,7.73606],[99.1219,7.74028],[99.12369,7.74282]]],[[[99.12493,7.7499],[99.12607,7.74967],[99.1292,7.74203],[99.12457,7.74523],[99.12493,7.7499]]],[[[98.77911,7.75907],[98.78803,7.74246],[98.788,7.73579],[98.79165,7.72854],[98.78999,7.72678],[98.7851,7.73003],[98.78201,7.72982],[98.78005,7.73474],[98.77346,7.73787],[98.76808,7.73828],[98.76561,7.73549],[98.76784,7.73074],[98.76988,7.7187],[98.7689,7.71771],[98.76074,7.72403],[98.75587,7.73236],[98.75621,7.74265],[98.75849,7.7456],[98.76192,7.74324],[98.76513,7.74539],[98.76552,7.74081],[98.76787,7.73968],[98.77388,7.74372],[98.77189,7.75089],[98.7648,7.75437],[98.75964,7.76072],[98.76015,7.76265],[98.75828,7.76527],[98.76038,7.7655],[98.76318,7.7622],[98.76588,7.76477],[98.75549,7.78487],[98.75662,7.78759],[98.76076,7.78343],[98.76361,7.7765],[98.77148,7.76615],[98.77162,7.76307],[98.77911,7.75907]]],[[[98.99578,7.80467],[98.99673,7.79684],[98.9932,7.80134],[98.9943,7.80485],[98.99578,7.80467]]],[[[98.98781,7.80968],[98.99302,7.80808],[98.99338,7.80617],[98.98866,7.80662],[98.98781,7.80968]]],[[[98.79298,7.8183],[98.79792,7.82024],[98.79632,7.81433],[98.79298,7.8183]]],[[[98.7709,7.81277],[98.77201,7.82241],[98.77479,7.82229],[98.77346,7.81629],[98.7709,7.81277]]],[[[98.97359,7.85147],[98.97376,7.84388],[98.97744,7.83728],[98.97757,7.83211],[98.98381,7.82197],[98.98428,7.81552],[98.98115,7.81051],[98.98512,7.8089],[98.9833,7.80343],[98.99189,7.79633],[98.99155,7.78882],[98.98815,7.78721],[98.98674,7.7834],[98.97047,7.80329],[98.96579,7.81401],[98.95844,7.82342],[98.942,7.83758],[98.93962,7.83889],[98.9364,7.83753],[98.93488,7.83894],[98.93418,7.84412],[98.93686,7.8467],[98.93721,7.85258],[98.93921,7.85437],[98.94311,7.85295],[98.9495,7.85697],[98.95532,7.858],[98.96076,7.8549],[98.96694,7.853],[98.97125,7.8534],[98.97359,7.85147]]],[[[98.98786,7.81549],[98.98134,7.83086],[98.98506,7.83984],[98.99084,7.84362],[98.99131,7.83714],[98.99467,7.83157],[98.99311,7.82776],[98.99361,7.81969],[98.98786,7.81549]]],[[[99.02237,7.83218],[99.01469,7.83048],[99.01531,7.83445],[99.02159,7.83583],[99.02237,7.83218]]],[[[98.98003,7.84715],[98.98355,7.84959],[98.98485,7.84845],[98.9835,7.84425],[98.98003,7.84715]]],[[[99.0322,7.86963],[99.0366,7.86901],[99.03997,7.86212],[99.03816,7.85475],[99.03651,7.85335],[99.03573,7.8551],[99.03257,7.85308],[99.03304,7.84627],[99.03152,7.84137],[99.02017,7.83928],[99.01887,7.83688],[99.015,7.83704],[99.00327,7.86617],[99.00257,7.87344],[99.00555,7.88158],[99.00755,7.8842],[99.0218,7.8846],[99.02399,7.88173],[99.02384,7.87761],[99.02556,7.87449],[99.0322,7.86963]]],[[[99.04281,7.87054],[99.04918,7.86901],[99.04387,7.86651],[99.04281,7.87054]]],[[[99.04243,7.87718],[99.03949,7.87892],[99.0471,7.87999],[99.04836,7.87818],[99.04243,7.87718]]],[[[99.04977,7.88109],[99.0444,7.88327],[99.05656,7.89478],[99.05319,7.88227],[99.04977,7.88109]]],[[[98.99044,7.85015],[98.98467,7.87234],[98.97639,7.88607],[98.96948,7.91054],[98.96793,7.92347],[98.97317,7.92665],[98.98559,7.928],[98.99097,7.92451],[98.99844,7.90141],[98.99877,7.89603],[98.99439,7.89056],[98.99171,7.88016],[98.99398,7.85878],[98.99316,7.85185],[98.99044,7.85015]]],[[[99.07895,7.91674],[99.08026,7.9116],[99.07971,7.90188],[99.06679,7.87804],[99.06362,7.87522],[99.05879,7.87705],[99.065,7.91927],[99.06798,7.92185],[99.06915,7.91629],[99.07185,7.91477],[99.07895,7.91674]]],[[[98.80289,7.95432],[98.8052,7.95737],[98.80938,7.95838],[98.80974,7.9527],[98.80763,7.9495],[98.80289,7.95432]]],[[[98.80564,7.97265],[98.80719,7.97438],[98.81397,7.97404],[98.80846,7.96821],[98.80564,7.97265]]],[[[98.47898,9.5386],[98.47834,9.54551],[98.4797,9.55046],[98.48144,9.55155],[98.48495,9.54866],[98.48517,9.53905],[98.48116,9.53557],[98.47898,9.5386]]],[[[98.51182,9.57314],[98.51532,9.57763],[98.52638,9.57405],[98.51676,9.5723],[98.51182,9.57314]]],[[[98.48418,9.58078],[98.48891,9.57697],[98.48671,9.57301],[98.48361,9.57313],[98.48221,9.57116],[98.47863,9.57628],[98.47419,9.57517],[98.47347,9.57933],[98.47266,9.57842],[98.47209,9.57958],[98.4743,9.58199],[98.48019,9.58014],[98.48418,9.58078]]],[[[98.51428,9.70381],[98.51409,9.69891],[98.51214,9.69866],[98.51299,9.69755],[98.5079,9.69405],[98.50665,9.69948],[98.50253,9.70254],[98.49779,9.70212],[98.49724,9.70634],[98.50282,9.70996],[98.50816,9.70557],[98.51428,9.70381]]],[[[98.48521,9.73215],[98.4841,9.73794],[98.48618,9.73916],[98.48782,9.73464],[98.48711,9.73228],[98.48521,9.73215]]],[[[98.47784,9.77964],[98.47669,9.77801],[98.47523,9.77777],[98.47661,9.78015],[98.47784,9.77964]]],[[[98.46879,9.86416],[98.47002,9.86518],[98.46974,9.8693],[98.47116,9.87047],[98.47352,9.86725],[98.47286,9.86251],[98.4713,9.86201],[98.46879,9.86416]]],[[[98.51631,9.90188],[98.51237,9.89995],[98.50684,9.90058],[98.50821,9.90124],[98.50821,9.90442],[98.51345,9.90637],[98.51631,9.90188]]],[[[98.48004,9.91428],[98.48969,9.91244],[98.49054,9.90937],[98.48552,9.90061],[98.48165,9.89684],[98.47158,9.89685],[98.46661,9.89206],[98.46548,9.89653],[98.47101,9.89869],[98.47308,9.90166],[98.47532,9.90738],[98.47419,9.91121],[98.48004,9.91428]]],[[[98.51966,9.91668],[98.51496,9.91205],[98.51212,9.91255],[98.5096,9.90723],[98.50689,9.9072],[98.50641,9.91026],[98.51282,9.92063],[98.52085,9.92203],[98.51966,9.91668]]],[[[98.52531,9.91605],[98.52669,9.91482],[98.52606,9.91323],[98.52435,9.91464],[98.52531,9.91605]]],[[[98.53364,9.92062],[98.5363,9.92171],[98.5357,9.91789],[98.53352,9.91848],[98.53364,9.92062]]],[[[98.51205,9.92622],[98.51476,9.92546],[98.51348,9.92441],[98.51205,9.92622]]],[[[98.48121,9.92764],[98.47879,9.93279],[98.48375,9.93514],[98.48675,9.93191],[98.48121,9.92764]]],[[[99.16526,10.1306],[99.16547,10.13157],[99.16583,10.13103],[99.16526,10.1306]]],[[[99.16252,10.13387],[99.16401,10.13231],[99.16308,10.13105],[99.16252,10.13387]]],[[[99.36558,6.4856],[99.36671,6.48399],[99.36599,6.48363],[99.36558,6.4856]]],[[[99.3077,6.49507],[99.31059,6.4828],[99.30907,6.47941],[99.30566,6.48095],[99.30574,6.48474],[99.30124,6.4878],[99.28677,6.48134],[99.28308,6.48248],[99.28683,6.48683],[99.29328,6.48722],[99.30345,6.49487],[99.3077,6.49507]]],[[[99.33469,6.4868],[99.3317,6.48831],[99.3355,6.48825],[99.33469,6.4868]]],[[[99.31936,6.50046],[99.31891,6.49859],[99.3175,6.49863],[99.31766,6.49978],[99.31936,6.50046]]],[[[99.18111,6.50347],[99.18123,6.50177],[99.17974,6.50174],[99.18111,6.50347]]],[[[99.17565,6.50546],[99.17925,6.50758],[99.17611,6.50317],[99.17565,6.50546]]],[[[99.2605,6.51478],[99.26204,6.51413],[99.25855,6.51248],[99.2605,6.51478]]],[[[99.2694,6.52497],[99.2695,6.52362],[99.26858,6.52411],[99.2694,6.52497]]],[[[99.26296,6.54279],[99.25888,6.54106],[99.25456,6.54298],[99.26092,6.54484],[99.26296,6.54279]]],[[[99.2902,6.57129],[99.29657,6.56631],[99.30202,6.56711],[99.30806,6.56278],[99.31609,6.56541],[99.31687,6.56422],[99.31358,6.55798],[99.31678,6.55575],[99.31867,6.55692],[99.32576,6.55279],[99.32254,6.5493],[99.32173,6.5434],[99.32321,6.52428],[99.32014,6.5171],[99.31328,6.50911],[99.31257,6.51103],[99.3056,6.50825],[99.28962,6.50954],[99.28608,6.50807],[99.28323,6.50939],[99.28607,6.51904],[99.28527,6.52515],[99.28173,6.54008],[99.27612,6.54916],[99.2733,6.5589],[99.27509,6.57823],[99.27763,6.57867],[99.2902,6.57129]]],[[[99.35042,6.55161],[99.35081,6.55004],[99.34974,6.55178],[99.35042,6.55161]]],[[[99.24687,6.58281],[99.25541,6.57563],[99.25769,6.56972],[99.25866,6.56261],[99.25719,6.55672],[99.23568,6.5505],[99.23302,6.54745],[99.22683,6.54582],[99.22678,6.54262],[99.22219,6.54155],[99.2214,6.53974],[99.21785,6.53863],[99.21508,6.54142],[99.20655,6.54094],[99.20336,6.54359],[99.20137,6.5399],[99.20051,6.5432],[99.19898,6.54259],[99.19639,6.54578],[99.19256,6.54579],[99.1914,6.54735],[99.18727,6.5463],[99.18577,6.5425],[99.18311,6.54109],[99.17216,6.54196],[99.16662,6.54492],[99.16608,6.54841],[99.16367,6.54878],[99.16547,6.55084],[99.1643,6.55398],[99.16638,6.55429],[99.17155,6.55243],[99.17199,6.5478],[99.17462,6.54682],[99.17613,6.54905],[99.17975,6.5463],[99.18302,6.54853],[99.18295,6.55023],[99.17988,6.55212],[99.18012,6.55571],[99.19019,6.56226],[99.19024,6.56668],[99.19311,6.56894],[99.19312,6.5714],[99.19121,6.57276],[99.19356,6.57804],[99.19547,6.57621],[99.19829,6.57851],[99.19826,6.57557],[99.20269,6.57658],[99.20413,6.57474],[99.20963,6.5773],[99.21085,6.57462],[99.21471,6.57604],[99.21609,6.57494],[99.22011,6.57735],[99.22234,6.57595],[99.23077,6.58089],[99.23285,6.57725],[99.24048,6.58164],[99.24687,6.58281]]],[[[99.34671,6.55738],[99.34072,6.56888],[99.34241,6.57165],[99.34946,6.5633],[99.34671,6.55738]]],[[[99.39797,7.06631],[99.39866,7.06705],[99.39824,7.06606],[99.39797,7.06631]]],[[[99.39398,7.07671],[99.39542,7.07509],[99.39435,7.07389],[99.39249,7.0751],[99.39398,7.07671]]],[[[99.395,7.30209],[99.39347,7.30285],[99.3937,7.30346],[99.39469,7.30352],[99.395,7.30209]]],[[[99.25115,7.30275],[99.2519,7.31015],[99.24781,7.32129],[99.24867,7.32446],[99.2466,7.32841],[99.24746,7.33362],[99.24957,7.32991],[99.25073,7.32206],[99.2531,7.31984],[99.25246,7.31837],[99.25934,7.30912],[99.2551,7.30345],[99.25429,7.29805],[99.25115,7.30275]]],[[[99.29655,7.39038],[99.29921,7.38422],[99.30436,7.37904],[99.3048,7.37679],[99.3144,7.37453],[99.30567,7.36981],[99.30629,7.36665],[99.30326,7.36309],[99.30508,7.36027],[99.30388,7.35574],[99.30076,7.35319],[99.29474,7.35584],[99.29333,7.36112],[99.28836,7.36564],[99.28478,7.36471],[99.28255,7.36637],[99.28423,7.37387],[99.28754,7.37617],[99.28308,7.38067],[99.28398,7.3857],[99.27995,7.38766],[99.28927,7.39096],[99.29352,7.38928],[99.29655,7.39038]]],[[[99.2474,7.37718],[99.24605,7.37984],[99.24767,7.38217],[99.24915,7.37834],[99.2474,7.37718]]],[[[99.21849,7.40275],[99.21138,7.40621],[99.20956,7.40514],[99.20968,7.40261],[99.20582,7.4049],[99.20063,7.40127],[99.19924,7.40199],[99.20099,7.40673],[99.19925,7.41942],[99.20142,7.43518],[99.21269,7.41255],[99.21753,7.40698],[99.21849,7.40275]]],[[[99.32053,7.47114],[99.31959,7.46979],[99.31838,7.47089],[99.32053,7.47114]]],[[[99.30091,7.49057],[99.29706,7.49515],[99.30406,7.49767],[99.30503,7.49357],[99.30397,7.49132],[99.30091,7.49057]]],[[[99.27722,7.54944],[99.28026,7.54869],[99.28047,7.54462],[99.27742,7.54684],[99.27722,7.54944]]],[[[99.2838,7.54975],[99.28326,7.54773],[99.28195,7.54795],[99.2821,7.54945],[99.2838,7.54975]]],[[[99.28885,7.55707],[99.28632,7.55851],[99.28686,7.56086],[99.28874,7.56139],[99.29,7.5601],[99.28885,7.55707]]],[[[99.29678,9.33273],[99.2954,9.33669],[99.29686,9.34185],[99.30205,9.34716],[99.30461,9.34725],[99.30694,9.33965],[99.30603,9.33639],[99.30113,9.33137],[99.29678,9.33273]]],[[[99.18404,10.04981],[99.18194,10.04902],[99.18527,10.05152],[99.18507,10.05589],[99.18776,10.05794],[99.18779,10.05509],[99.19038,10.0535],[99.19005,10.04881],[99.18715,10.04788],[99.18404,10.04981]]],[[[99.18199,10.0692],[99.18387,10.07216],[99.18603,10.07215],[99.18558,10.06974],[99.18371,10.07052],[99.18199,10.0692]]],[[[99.21589,10.11729],[99.21576,10.11851],[99.21607,10.1185],[99.21589,10.11729]]],[[[99.1766,10.14099],[99.17769,10.14741],[99.18037,10.14625],[99.18,10.14227],[99.1766,10.14099]]],[[[99.20457,10.14955],[99.20333,10.15182],[99.20542,10.15078],[99.20457,10.14955]]],[[[99.2183,10.15649],[99.21871,10.15331],[99.21746,10.15268],[99.21708,10.15525],[99.2183,10.15649]]],[[[99.17617,10.16493],[99.17672,10.16529],[99.17708,10.16427],[99.17617,10.16493]]],[[[99.22067,10.19688],[99.22156,10.19645],[99.22102,10.19619],[99.22067,10.19688]]],[[[99.24928,10.20206],[99.24937,10.20006],[99.24907,10.19796],[99.24788,10.20118],[99.24928,10.20206]]],[[[99.24971,10.20859],[99.24945,10.20662],[99.24817,10.20878],[99.24971,10.20859]]],[[[99.24393,10.22196],[99.24228,10.22192],[99.24231,10.22317],[99.24393,10.22196]]],[[[99.24847,10.24624],[99.24932,10.24771],[99.24934,10.24651],[99.24847,10.24624]]],[[[99.22162,10.24746],[99.22336,10.24815],[99.22479,10.25031],[99.22487,10.24748],[99.22235,10.24624],[99.22162,10.24746]]],[[[99.26037,10.25492],[99.2555,10.24954],[99.25537,10.25258],[99.25317,10.25216],[99.25197,10.2541],[99.25403,10.25914],[99.25943,10.25964],[99.26037,10.25492]]],[[[99.22744,10.25636],[99.22606,10.25405],[99.22515,10.25358],[99.2258,10.25673],[99.22744,10.25636]]],[[[99.23388,10.27367],[99.23317,10.26955],[99.23247,10.26963],[99.23388,10.27367]]],[[[99.24119,10.29175],[99.24156,10.29137],[99.24149,10.29106],[99.24119,10.29175]]],[[[99.24703,10.29702],[99.24754,10.29464],[99.24583,10.29704],[99.24703,10.29702]]],[[[99.29901,10.32072],[99.30138,10.31962],[99.29972,10.31717],[99.29901,10.32072]]],[[[99.27942,10.32347],[99.28324,10.32889],[99.28352,10.32524],[99.27975,10.32079],[99.27942,10.32347]]],[[[99.29439,10.34949],[99.29522,10.34789],[99.29415,10.34769],[99.29439,10.34949]]],[[[99.31134,10.36456],[99.30958,10.36132],[99.30797,10.3611],[99.30934,10.36423],[99.31134,10.36456]]],[[[99.32188,10.3732],[99.32045,10.37379],[99.32044,10.37627],[99.32388,10.37918],[99.32188,10.3732]]],[[[99.29237,10.39221],[99.29474,10.39159],[99.29367,10.3875],[99.29284,10.38775],[99.29237,10.39221]]],[[[99.35186,10.39691],[99.34075,10.39051],[99.34289,10.39564],[99.35068,10.40119],[99.35559,10.40863],[99.35729,10.40908],[99.35186,10.39691]]],[[[99.31525,10.42572],[99.3171,10.42544],[99.31274,10.42356],[99.31525,10.42572]]],[[[99.30228,10.44014],[99.29626,10.43425],[99.29508,10.43658],[99.29248,10.43471],[99.28794,10.43693],[99.28827,10.44197],[99.29343,10.4426],[99.29381,10.44828],[99.29787,10.45249],[99.29904,10.45081],[99.29831,10.44069],[99.30138,10.44246],[99.30228,10.44014]]],[[[99.25247,10.44695],[99.25306,10.44942],[99.2541,10.44953],[99.25359,10.44728],[99.25247,10.44695]]],[[[99.40308,10.45906],[99.40344,10.45887],[99.40321,10.45877],[99.40308,10.45906]]],[[[99.3589,10.46708],[99.35965,10.46602],[99.35941,10.46575],[99.3589,10.46708]]],[[[99.36918,10.47791],[99.36963,10.47699],[99.36953,10.47663],[99.36918,10.47791]]],[[[99.3804,10.56059],[99.38179,10.56],[99.37971,10.55604],[99.3761,10.55458],[99.37885,10.55646],[99.3804,10.56059]]],[[[99.44262,6.55698],[99.44572,6.56525],[99.44988,6.56995],[99.45027,6.57525],[99.45329,6.57747],[99.45687,6.57632],[99.4531,6.56539],[99.44753,6.5621],[99.44399,6.5558],[99.44262,6.55698]]],[[[99.45729,6.57822],[99.45088,6.58576],[99.45475,6.58812],[99.4567,6.5862],[99.45821,6.58028],[99.45729,6.57822]]],[[[99.64649,6.74056],[99.65625,6.72871],[99.65998,6.7172],[99.66078,6.7183],[99.66299,6.717],[99.66493,6.70342],[99.66907,6.69754],[99.67161,6.69691],[99.67241,6.70112],[99.67477,6.69967],[99.67523,6.7018],[99.67691,6.70182],[99.67826,6.69679],[99.67677,6.69643],[99.67882,6.69389],[99.67812,6.69119],[99.67886,6.69009],[99.67976,6.69116],[99.68397,6.68546],[99.68218,6.67558],[99.68498,6.65963],[99.68362,6.65069],[99.68189,6.64962],[99.68426,6.64475],[99.68142,6.64289],[99.68424,6.63996],[99.68027,6.63994],[99.68067,6.6333],[99.67699,6.63076],[99.67922,6.62222],[99.67783,6.61682],[99.68638,6.60764],[99.68556,6.60614],[99.68698,6.60657],[99.68736,6.60264],[99.69077,6.60838],[99.69228,6.60564],[99.6935,6.59804],[99.69148,6.59708],[99.69416,6.59399],[99.69534,6.5833],[99.69454,6.57705],[99.69269,6.57577],[99.69422,6.57349],[99.69166,6.57254],[99.69071,6.5674],[99.69319,6.56397],[99.69251,6.55985],[99.69441,6.55744],[99.69735,6.55807],[99.69813,6.5569],[99.69837,6.55095],[99.69793,6.54382],[99.69344,6.54209],[99.69248,6.53921],[99.69394,6.53761],[99.69142,6.53504],[99.69139,6.53289],[99.69364,6.5319],[99.69313,6.52976],[99.68917,6.52959],[99.68459,6.53689],[99.67992,6.53555],[99.67612,6.53951],[99.67054,6.53086],[99.66769,6.53269],[99.66647,6.53142],[99.66802,6.52345],[99.66923,6.52423],[99.67167,6.52216],[99.66906,6.52211],[99.66907,6.51716],[99.67334,6.5124],[99.66553,6.51421],[99.66097,6.50523],[99.65409,6.50335],[99.65032,6.50793],[99.64871,6.51441],[99.64449,6.51886],[99.64217,6.52989],[99.63877,6.53633],[99.63913,6.54693],[99.63186,6.55461],[99.62399,6.56704],[99.61854,6.56467],[99.61373,6.56661],[99.61121,6.57391],[99.60308,6.58326],[99.59554,6.59837],[99.59591,6.604],[99.59978,6.61225],[99.6045,6.61512],[99.60864,6.61425],[99.61256,6.61874],[99.6187,6.64604],[99.6143,6.65116],[99.61407,6.66066],[99.61763,6.66181],[99.61852,6.66487],[99.62378,6.66251],[99.62681,6.66321],[99.62858,6.66934],[99.63055,6.66791],[99.63213,6.67061],[99.63556,6.67048],[99.6375,6.67369],[99.63641,6.67544],[99.6393,6.67644],[99.64452,6.70285],[99.64029,6.70603],[99.64322,6.71377],[99.6409,6.71819],[99.64198,6.72008],[99.63925,6.72123],[99.63963,6.73608],[99.64165,6.73717],[99.64179,6.73912],[99.64649,6.74056]]],[[[99.67226,6.70721],[99.67072,6.70667],[99.66969,6.71064],[99.67141,6.71231],[99.67226,6.70721]]],[[[99.66076,6.72673],[99.65735,6.73352],[99.66261,6.72673],[99.66076,6.72673]]],[[[99.47469,6.9782],[99.47616,6.97657],[99.47508,6.9725],[99.47369,6.97627],[99.47469,6.9782]]],[[[99.473,6.98391],[99.47382,6.98387],[99.47307,6.98332],[99.473,6.98391]]],[[[99.44466,7.01511],[99.44529,7.0162],[99.44545,7.01541],[99.44466,7.01511]]],[[[99.44824,7.03254],[99.44883,7.03267],[99.44865,7.03217],[99.44824,7.03254]]],[[[99.47304,7.02734],[99.47249,7.0394],[99.46957,7.04954],[99.47076,7.05088],[99.47343,7.04733],[99.47305,7.04296],[99.47575,7.03759],[99.47531,7.02134],[99.47304,7.02734]]],[[[99.45101,7.07434],[99.4519,7.0751],[99.45199,7.07425],[99.45101,7.07434]]],[[[99.56499,7.11727],[99.57125,7.11274],[99.57405,7.11333],[99.57699,7.11095],[99.58293,7.11362],[99.5913,7.10699],[99.5913,7.10444],[99.59656,7.10395],[99.60681,7.09388],[99.61208,7.08479],[99.6151,7.08335],[99.61487,7.08105],[99.60751,7.08103],[99.60256,7.08525],[99.58868,7.09085],[99.58593,7.09104],[99.58353,7.089],[99.56497,7.09346],[99.56303,7.10451],[99.55741,7.11002],[99.55342,7.12863],[99.5605,7.12123],[99.56423,7.11948],[99.56499,7.11727]]],[[[99.42875,7.10351],[99.42724,7.11359],[99.43036,7.1099],[99.42875,7.10351]]],[[[99.42231,7.12272],[99.42339,7.12452],[99.42412,7.12156],[99.42625,7.12037],[99.42625,7.11554],[99.42456,7.11653],[99.42231,7.12272]]],[[[99.58051,7.13193],[99.57878,7.13319],[99.58393,7.13442],[99.58358,7.13261],[99.58051,7.13193]]],[[[99.63961,7.14454],[99.63814,7.14248],[99.63894,7.14491],[99.63961,7.14454]]],[[[99.63202,7.14443],[99.63095,7.1431],[99.63034,7.14315],[99.63082,7.14505],[99.63202,7.14443]]],[[[99.64979,7.15361],[99.65109,7.15571],[99.65243,7.15168],[99.65081,7.14805],[99.64979,7.15361]]],[[[99.39144,7.2749],[99.39794,7.26823],[99.39748,7.26436],[99.39565,7.2638],[99.39735,7.26244],[99.39986,7.26358],[99.41154,7.26268],[99.42666,7.26762],[99.42807,7.26399],[99.43372,7.26264],[99.43805,7.25818],[99.44974,7.25647],[99.451,7.25486],[99.44706,7.25013],[99.44228,7.25039],[99.43568,7.24743],[99.42605,7.24711],[99.41801,7.24247],[99.41386,7.24385],[99.41123,7.24194],[99.40834,7.24275],[99.40892,7.24039],[99.40764,7.23802],[99.40522,7.23752],[99.40478,7.23274],[99.40247,7.23323],[99.39231,7.22529],[99.39414,7.21111],[99.39048,7.21117],[99.38994,7.20907],[99.38352,7.20628],[99.37443,7.21088],[99.37052,7.21729],[99.37072,7.21957],[99.36529,7.22453],[99.37174,7.24479],[99.36728,7.25938],[99.36825,7.26694],[99.37134,7.26879],[99.37377,7.26654],[99.37652,7.26799],[99.38304,7.27714],[99.38285,7.28092],[99.38473,7.28159],[99.38705,7.28105],[99.38777,7.27657],[99.39144,7.2749]]],[[[99.47577,7.27187],[99.47417,7.27151],[99.47483,7.2723],[99.47577,7.27187]]],[[[99.4514,7.29188],[99.45096,7.29006],[99.44938,7.29035],[99.4496,7.29154],[99.4514,7.29188]]],[[[99.40634,7.31453],[99.40883,7.31489],[99.41013,7.31345],[99.40847,7.31188],[99.40617,7.31298],[99.40634,7.31453]]],[[[99.43354,9.26659],[99.43215,9.26315],[99.43045,9.26507],[99.43403,9.26891],[99.43523,9.26761],[99.43354,9.26659]]],[[[99.66051,9.31002],[99.65895,9.31031],[99.66002,9.31104],[99.66051,9.31002]]],[[[99.65956,9.31367],[99.65956,9.31574],[99.66018,9.317],[99.66096,9.31551],[99.65956,9.31367]]],[[[99.66507,9.38264],[99.66233,9.38434],[99.66399,9.38857],[99.66371,9.39651],[99.6682,9.4036],[99.67246,9.40575],[99.67696,9.39487],[99.67644,9.39104],[99.67103,9.38643],[99.66906,9.37977],[99.66678,9.37873],[99.66507,9.38264]]],[[[99.67134,9.40868],[99.67103,9.40732],[99.67049,9.40845],[99.67134,9.40868]]],[[[99.66724,9.43084],[99.67297,9.43406],[99.67595,9.42803],[99.67417,9.42576],[99.67109,9.4255],[99.66706,9.42737],[99.66724,9.43084]]],[[[99.65229,9.44319],[99.64971,9.44654],[99.65032,9.4495],[99.65411,9.44824],[99.65229,9.44319]]],[[[99.6649,9.54396],[99.65863,9.54535],[99.66295,9.55262],[99.66219,9.55489],[99.66547,9.55798],[99.66649,9.5503],[99.6649,9.54396]]],[[[99.66827,9.55887],[99.66843,9.55951],[99.66851,9.55891],[99.66827,9.55887]]],[[[99.67228,9.64877],[99.67482,9.64951],[99.67568,9.64689],[99.67106,9.64712],[99.66993,9.64947],[99.66541,9.64677],[99.66571,9.6501],[99.66245,9.64997],[99.66243,9.65196],[99.65979,9.65342],[99.66467,9.66106],[99.66856,9.65648],[99.66751,9.65109],[99.67137,9.6516],[99.67228,9.64877]]],[[[99.65912,9.66205],[99.65939,9.6607],[99.65831,9.66099],[99.65912,9.66205]]],[[[99.66785,9.66277],[99.66757,9.66212],[99.66762,9.66281],[99.66785,9.66277]]],[[[99.66846,9.66507],[99.66295,9.66566],[99.66378,9.66977],[99.66615,9.66973],[99.66935,9.66679],[99.66846,9.66507]]],[[[99.6681,9.67306],[99.66831,9.67495],[99.66942,9.67512],[99.66993,9.67208],[99.6681,9.67306]]],[[[99.66468,9.67699],[99.66313,9.67608],[99.66451,9.67794],[99.66468,9.67699]]],[[[99.65993,9.67687],[99.65988,9.6775],[99.66021,9.67721],[99.65993,9.67687]]],[[[99.66739,9.68003],[99.66605,9.68105],[99.6667,9.68243],[99.66738,9.68214],[99.66739,9.68003]]],[[[99.662,9.69667],[99.66285,9.69568],[99.66133,9.69696],[99.662,9.69667]]],[[[99.6625,9.70241],[99.66504,9.70215],[99.66355,9.70111],[99.6625,9.70241]]],[[[99.66798,9.76712],[99.66862,9.76698],[99.66837,9.76645],[99.66798,9.76712]]],[[[99.66853,9.77017],[99.66793,9.7687],[99.66651,9.76963],[99.66708,9.77089],[99.66853,9.77017]]],[[[99.67236,9.77286],[99.6717,9.7702],[99.67042,9.76976],[99.67107,9.77241],[99.67236,9.77286]]],[[[99.67088,9.77641],[99.67294,9.77773],[99.67383,9.7766],[99.67194,9.77502],[99.67088,9.77641]]],[[[99.67109,9.77894],[99.67303,9.7851],[99.67069,9.78846],[99.6719,9.78996],[99.67427,9.78293],[99.67359,9.77983],[99.67109,9.77894]]],[[[99.41828,10.48661],[99.41711,10.48574],[99.41774,10.48781],[99.41828,10.48661]]],[[[99.42088,10.49867],[99.42269,10.49777],[99.41871,10.49211],[99.41834,10.4935],[99.42088,10.49867]]],[[[99.42488,10.50482],[99.42389,10.50597],[99.4251,10.50653],[99.42567,10.50594],[99.42488,10.50482]]],[[[99.40754,10.70132],[99.40892,10.70423],[99.41143,10.70468],[99.41001,10.69868],[99.40754,10.70132]]],[[[99.52914,10.78164],[99.52999,10.78209],[99.52984,10.78139],[99.52914,10.78164]]],[[[99.53807,10.79966],[99.53805,10.80038],[99.53832,10.80005],[99.53807,10.79966]]],[[[99.49204,10.82467],[99.49251,10.82256],[99.49155,10.82071],[99.49051,10.82196],[99.49204,10.82467]]],[[[99.49651,10.8395],[99.49752,10.83974],[99.49689,10.83905],[99.49651,10.8395]]],[[[99.49034,10.85698],[99.48927,10.85251],[99.48458,10.84981],[99.48352,10.84647],[99.48153,10.8472],[99.4822,10.84538],[99.47748,10.83953],[99.47619,10.839],[99.47562,10.8404],[99.46979,10.83649],[99.47352,10.84508],[99.48016,10.85081],[99.48271,10.85725],[99.4857,10.85893],[99.48591,10.86073],[99.49302,10.8598],[99.49034,10.85698]]],[[[99.48636,10.86146],[99.48569,10.86212],[99.48587,10.86234],[99.48636,10.86146]]],[[[99.48859,10.86591],[99.48992,10.86431],[99.48761,10.86368],[99.48749,10.86445],[99.48859,10.86591]]],[[[99.70425,6.5204],[99.70084,6.51985],[99.70145,6.51842],[99.69758,6.52118],[99.69867,6.52305],[99.70138,6.52264],[99.70417,6.52476],[99.70425,6.5204]]],[[[99.69183,6.52768],[99.6941,6.5195],[99.69327,6.51786],[99.69122,6.51846],[99.6917,6.52019],[99.68926,6.52393],[99.69183,6.52768]]],[[[99.70595,6.546],[99.70628,6.54623],[99.70621,6.54591],[99.70595,6.546]]],[[[99.70562,6.54652],[99.70485,6.54885],[99.70702,6.54881],[99.70562,6.54652]]],[[[99.71901,6.5823],[99.71804,6.5824],[99.71849,6.58313],[99.71901,6.5823]]],[[[99.70153,6.60666],[99.69909,6.61197],[99.70052,6.61244],[99.70153,6.60666]]],[[[99.68782,6.61936],[99.68894,6.62228],[99.6903,6.61882],[99.68925,6.61596],[99.68782,6.61936]]],[[[99.69176,6.64209],[99.69448,6.64385],[99.69274,6.64163],[99.69318,6.63826],[99.69176,6.64209]]],[[[99.69183,6.65448],[99.69262,6.65194],[99.69203,6.65098],[99.69096,6.65353],[99.69183,6.65448]]],[[[99.69014,6.66904],[99.69018,6.66224],[99.68865,6.66955],[99.69014,6.66904]]],[[[99.79842,6.70485],[99.79864,6.70587],[99.79886,6.70485],[99.79842,6.70485]]],[[[99.794,6.70965],[99.79464,6.71075],[99.79487,6.71024],[99.794,6.70965]]],[[[99.70771,6.73277],[99.70526,6.73048],[99.70376,6.73525],[99.70537,6.73608],[99.70771,6.73277]]],[[[99.69713,6.84984],[99.69479,6.84776],[99.69766,6.82898],[99.69414,6.82255],[99.69294,6.81555],[99.69101,6.81502],[99.69066,6.81742],[99.68615,6.81953],[99.68303,6.83322],[99.68539,6.83689],[99.68319,6.84102],[99.6862,6.8432],[99.68904,6.85082],[99.69245,6.84948],[99.69235,6.85183],[99.69531,6.85345],[99.69713,6.84984]]],[[[99.69652,7.12606],[99.70153,7.13125],[99.7023,7.13108],[99.69777,7.12337],[99.69652,7.12606]]],[[[99.77691,9.32611],[99.78256,9.32275],[99.78,9.32256],[99.77887,9.32076],[99.77747,9.32258],[99.77523,9.32105],[99.7668,9.32536],[99.77691,9.32611]]],[[[99.70436,9.33265],[99.70432,9.33026],[99.70287,9.32916],[99.70229,9.33289],[99.70436,9.33265]]],[[[99.7215,9.35048],[99.71971,9.34975],[99.71848,9.35055],[99.7215,9.35048]]],[[[99.6844,9.35157],[99.67975,9.35345],[99.68224,9.35454],[99.6844,9.35157]]],[[[99.67263,9.41215],[99.67362,9.41224],[99.67227,9.41068],[99.67263,9.41215]]],[[[99.67769,9.46867],[99.68083,9.46892],[99.68142,9.46575],[99.6805,9.46344],[99.6777,9.46225],[99.67043,9.46465],[99.66669,9.46783],[99.66898,9.47333],[99.67435,9.47327],[99.67769,9.46867]]],[[[99.67669,9.47338],[99.67707,9.47289],[99.67658,9.47296],[99.67669,9.47338]]],[[[99.69714,9.48054],[99.69531,9.48153],[99.69558,9.48345],[99.69916,9.48162],[99.69714,9.48054]]],[[[99.70441,9.50869],[99.70277,9.50967],[99.70373,9.51136],[99.70654,9.50972],[99.70441,9.50869]]],[[[99.712,9.52235],[99.71142,9.5202],[99.71017,9.52001],[99.71034,9.52232],[99.712,9.52235]]],[[[99.69248,9.54926],[99.69877,9.55067],[99.69913,9.54838],[99.7028,9.54778],[99.70597,9.54932],[99.70753,9.54668],[99.70395,9.54326],[99.7049,9.54083],[99.70292,9.54026],[99.70457,9.53892],[99.70269,9.53673],[99.70479,9.53539],[99.69998,9.53407],[99.70595,9.53291],[99.70727,9.53125],[99.70106,9.52816],[99.70086,9.52649],[99.70377,9.52615],[99.70473,9.52312],[99.70312,9.52204],[99.69978,9.52317],[99.69839,9.52096],[99.69794,9.51816],[99.70018,9.51625],[99.70049,9.51332],[99.69678,9.51337],[99.69212,9.50977],[99.68098,9.50708],[99.67219,9.50949],[99.66583,9.51513],[99.66172,9.5143],[99.66353,9.5179],[99.6619,9.52967],[99.66637,9.52778],[99.67003,9.53157],[99.66953,9.53493],[99.66652,9.53663],[99.66821,9.53812],[99.66961,9.53688],[99.67249,9.53749],[99.67388,9.54041],[99.68154,9.54161],[99.68262,9.54303],[99.68054,9.54676],[99.68215,9.54753],[99.68426,9.54528],[99.68541,9.54591],[99.68618,9.5474],[99.68252,9.55035],[99.68723,9.55312],[99.68993,9.55261],[99.69248,9.54926]]],[[[99.67397,9.54166],[99.67211,9.5415],[99.67427,9.5437],[99.67427,9.54328],[99.67397,9.54166]]],[[[99.69378,9.55058],[99.69509,9.55136],[99.69389,9.54988],[99.69378,9.55058]]],[[[99.69125,9.55514],[99.69165,9.55512],[99.69145,9.555],[99.69125,9.55514]]],[[[99.69044,9.5555],[99.68994,9.55512],[99.69028,9.55566],[99.69044,9.5555]]],[[[99.68422,9.55745],[99.68596,9.55585],[99.68502,9.55429],[99.68236,9.55699],[99.68422,9.55745]]],[[[99.72065,9.59534],[99.72263,9.5942],[99.71983,9.59076],[99.72067,9.59223],[99.72065,9.59534]]],[[[99.7145,9.60227],[99.71706,9.60464],[99.71722,9.6032],[99.7145,9.60227]]],[[[99.71002,9.60585],[99.70935,9.6131],[99.71165,9.62043],[99.71382,9.619],[99.71501,9.61291],[99.71223,9.60785],[99.7133,9.60293],[99.71002,9.60585]]],[[[99.72038,9.61895],[99.71981,9.61977],[99.72009,9.62013],[99.72038,9.61895]]],[[[99.67347,9.63375],[99.68187,9.63096],[99.68105,9.62892],[99.68307,9.61756],[99.68477,9.61511],[99.68044,9.60865],[99.67668,9.6063],[99.67361,9.60704],[99.66869,9.61235],[99.66749,9.61696],[99.6689,9.62642],[99.66672,9.6283],[99.66642,9.63393],[99.66303,9.63507],[99.6619,9.63748],[99.66464,9.63886],[99.66478,9.64066],[99.66727,9.64023],[99.6678,9.64262],[99.6708,9.63996],[99.67347,9.63375]]],[[[99.67337,9.63925],[99.6732,9.64234],[99.67501,9.64276],[99.67621,9.63869],[99.67337,9.63925]]],[[[99.67577,9.65206],[99.67556,9.65251],[99.67584,9.65247],[99.67577,9.65206]]],[[[99.68372,9.6595],[99.68382,9.65756],[99.68108,9.65135],[99.67854,9.65325],[99.67905,9.66278],[99.68188,9.6656],[99.6834,9.66406],[99.68627,9.66563],[99.68891,9.66502],[99.68372,9.6595]]],[[[99.67684,9.66504],[99.67602,9.66216],[99.67506,9.66214],[99.67684,9.66504]]],[[[99.67996,9.66461],[99.68033,9.66434],[99.67993,9.66438],[99.67996,9.66461]]],[[[99.67827,9.66948],[99.67677,9.67012],[99.67708,9.67196],[99.67861,9.6712],[99.67827,9.66948]]],[[[99.68039,9.67372],[99.68127,9.67094],[99.68008,9.67027],[99.68039,9.67372]]],[[[99.67629,9.6762],[99.67859,9.67686],[99.67925,9.67549],[99.67816,9.67419],[99.67629,9.6762]]],[[[99.68742,9.68004],[99.68311,9.67974],[99.68263,9.67586],[99.67935,9.67776],[99.67941,9.68064],[99.6833,9.68379],[99.68411,9.68067],[99.68578,9.68216],[99.68742,9.68004]]],[[[99.6776,9.68033],[99.67587,9.68066],[99.67784,9.68113],[99.6776,9.68033]]],[[[99.67796,9.68522],[99.67747,9.68574],[99.67758,9.68592],[99.67796,9.68522]]],[[[99.67374,9.68706],[99.67618,9.68638],[99.67546,9.68533],[99.67374,9.68706]]],[[[99.67743,9.69641],[99.6798,9.69597],[99.67816,9.69237],[99.67357,9.69191],[99.67083,9.6944],[99.67454,9.69994],[99.67415,9.70429],[99.67729,9.70423],[99.67631,9.70024],[99.67743,9.69641]]],[[[99.68059,9.6987],[99.67928,9.6985],[99.68032,9.69975],[99.68059,9.6987]]],[[[99.6753,9.7057],[99.67426,9.70496],[99.67428,9.70681],[99.6753,9.7057]]],[[[99.67685,9.70647],[99.67569,9.70712],[99.67694,9.70747],[99.67685,9.70647]]],[[[99.67491,9.70746],[99.6745,9.70784],[99.67486,9.70785],[99.67491,9.70746]]],[[[99.6763,9.7078],[99.67573,9.70896],[99.67627,9.71016],[99.6763,9.7078]]],[[[99.71341,9.79618],[99.71377,9.79661],[99.7141,9.79634],[99.71341,9.79618]]],[[[99.71405,9.80026],[99.71254,9.79956],[99.71309,9.80179],[99.71405,9.80026]]],[[[99.81541,10.12148],[99.81457,10.11875],[99.81186,10.11859],[99.81086,10.12265],[99.81227,10.12551],[99.81541,10.12148]]],[[[99.83272,6.65138],[99.8311,6.65308],[99.83379,6.65449],[99.83393,6.65219],[99.83272,6.65138]]],[[[99.87612,6.65601],[99.87711,6.65434],[99.87524,6.65526],[99.87612,6.65601]]],[[[99.86509,6.6674],[99.85256,6.66161],[99.84603,6.65234],[99.84368,6.65172],[99.84432,6.6604],[99.84755,6.66766],[99.85147,6.66725],[99.86258,6.67057],[99.86509,6.6674]]],[[[99.84333,6.6718],[99.84392,6.67224],[99.84401,6.67156],[99.84333,6.6718]]],[[[99.83314,6.67501],[99.83204,6.6744],[99.83284,6.67605],[99.83314,6.67501]]],[[[99.86242,6.67549],[99.85784,6.67878],[99.86141,6.68146],[99.86396,6.69132],[99.86663,6.68521],[99.86524,6.67875],[99.86242,6.67549]]],[[[99.90584,6.68816],[99.90801,6.68738],[99.90587,6.68508],[99.90448,6.68641],[99.90584,6.68816]]],[[[99.85621,6.69429],[99.85778,6.69684],[99.86079,6.69596],[99.86024,6.69222],[99.85864,6.69119],[99.85621,6.69429]]],[[[99.84436,6.69987],[99.84058,6.69514],[99.83735,6.69557],[99.83696,6.6983],[99.83861,6.70039],[99.84409,6.70168],[99.84436,6.69987]]],[[[99.91208,6.70257],[99.91468,6.69621],[99.90799,6.68984],[99.90394,6.70623],[99.91201,6.71275],[99.91223,6.71143],[99.90788,6.70927],[99.90611,6.70585],[99.90725,6.70363],[99.90939,6.70266],[99.91208,6.70257]]],[[[99.87033,6.70526],[99.8715,6.70309],[99.87079,6.70286],[99.87033,6.70526]]],[[[99.8739,6.70197],[99.87294,6.70443],[99.87482,6.7065],[99.88582,6.7094],[99.88759,6.70818],[99.87879,6.70061],[99.87723,6.69996],[99.8739,6.70197]]],[[[99.89697,6.70808],[99.89016,6.70946],[99.90607,6.7151],[99.89697,6.70808]]],[[[99.87262,6.71748],[99.88737,6.71301],[99.87544,6.71116],[99.87287,6.71216],[99.87151,6.71534],[99.87262,6.71748]]],[[[99.82491,6.71849],[99.81543,6.71579],[99.80924,6.7118],[99.8051,6.71534],[99.81758,6.72036],[99.82462,6.72],[99.82491,6.71849]]],[[[99.88495,6.71468],[99.88293,6.71586],[99.88317,6.71729],[99.88743,6.71783],[99.89274,6.7162],[99.88495,6.71468]]],[[[99.86014,6.73054],[99.86195,6.72582],[99.86232,6.71666],[99.86649,6.70821],[99.86374,6.70476],[99.85534,6.70734],[99.84647,6.70417],[99.8409,6.71004],[99.842,6.7167],[99.84491,6.72048],[99.84655,6.73243],[99.85023,6.73361],[99.86014,6.73054]]],[[[99.9603,9.3009],[99.95919,9.30155],[99.95879,9.30218],[99.9603,9.3009]]],[[[99.95999,9.30365],[99.951,9.31099],[99.95061,9.31242],[99.95831,9.30999],[99.96313,9.31262],[99.96411,9.31049],[99.95999,9.30365]]],[[[99.91577,9.30885],[99.90911,9.31399],[99.90974,9.3159],[99.91543,9.31446],[99.91577,9.30885]]],[[[99.89039,9.30818],[99.88944,9.31762],[99.89195,9.31808],[99.89331,9.31056],[99.89177,9.30699],[99.89039,9.30818]]],[[[99.95998,9.3137],[99.96052,9.3134],[99.95959,9.3135],[99.95998,9.3137]]],[[[99.9269,9.3318],[99.92658,9.33112],[99.92641,9.33123],[99.9269,9.3318]]],[[[99.92086,9.34533],[99.92201,9.34485],[99.91978,9.34427],[99.92086,9.34533]]],[[[99.97724,9.36825],[99.97383,9.36757],[99.97161,9.36892],[99.97597,9.37114],[99.9782,9.37721],[99.98131,9.37914],[99.97724,9.36825]]],[[[99.95788,9.3685],[99.95857,9.37031],[99.95914,9.36653],[99.95759,9.36244],[99.94951,9.35839],[99.9418,9.35646],[99.92909,9.35983],[99.93334,9.36829],[99.93549,9.36613],[99.93837,9.36783],[99.93968,9.37242],[99.93801,9.37367],[99.93495,9.37292],[99.93659,9.38226],[99.94585,9.3923],[99.95126,9.39564],[99.95269,9.38974],[99.94857,9.38533],[99.94859,9.37809],[99.95188,9.37222],[99.95788,9.3685]]],[[[100.01754,9.39291],[100.02555,9.39108],[100.01661,9.39241],[100.01754,9.39291]]],[[[99.98296,9.3978],[99.98163,9.39592],[99.97864,9.39743],[99.98296,9.3978]]],[[[99.89642,9.42847],[99.89783,9.42947],[99.89672,9.42624],[99.89642,9.42847]]],[[[99.89341,9.43441],[99.8925,9.43583],[99.89506,9.43604],[99.89341,9.43441]]],[[[99.89318,9.4376],[99.89275,9.43818],[99.8931,9.43846],[99.89318,9.4376]]],[[[99.8996,9.44017],[99.90044,9.43901],[99.89996,9.43865],[99.8996,9.44017]]],[[[99.90092,9.44444],[99.90011,9.44364],[99.9005,9.44464],[99.90092,9.44444]]],[[[100.07434,9.58697],[100.07956,9.58888],[100.08048,9.58771],[100.07976,9.58358],[100.08172,9.5813],[100.07994,9.57933],[100.08054,9.57384],[100.09065,9.57019],[100.08809,9.56494],[100.08843,9.56078],[100.08356,9.55921],[100.08243,9.55632],[100.07846,9.55363],[100.07548,9.54816],[100.076,9.54038],[100.07234,9.53937],[100.06831,9.53325],[100.06144,9.52895],[100.05635,9.5158],[100.05599,9.51145],[100.05709,9.5111],[100.05491,9.50385],[100.06029,9.49932],[100.06136,9.49097],[100.06646,9.48757],[100.06595,9.47854],[100.0674,9.47749],[100.07031,9.47841],[100.07086,9.47586],[100.06948,9.47402],[100.07325,9.4728],[100.07354,9.47099],[100.06919,9.4673],[100.0681,9.46953],[100.06083,9.47224],[100.05306,9.47156],[100.04917,9.46913],[100.04396,9.46181],[100.04016,9.45245],[100.03736,9.45337],[100.03318,9.45129],[100.02827,9.45135],[100.02094,9.43362],[100.0177,9.42945],[100.01684,9.42479],[100.00945,9.42022],[100.00327,9.42228],[100.00021,9.42503],[99.98603,9.42273],[99.96874,9.4127],[99.96512,9.409],[99.96205,9.41196],[99.96006,9.41749],[99.9508,9.42284],[99.94763,9.42092],[99.94518,9.42263],[99.94056,9.42246],[99.93582,9.41882],[99.92909,9.41762],[99.92794,9.42338],[99.92904,9.42871],[99.93481,9.42618],[99.93727,9.42927],[99.93448,9.43317],[99.93382,9.43837],[99.93541,9.4483],[99.93445,9.45671],[99.93029,9.47557],[99.92846,9.47773],[99.92639,9.47763],[99.92659,9.48262],[99.92462,9.48697],[99.92118,9.49082],[99.91873,9.49004],[99.91834,9.49196],[99.92043,9.49469],[99.92126,9.4918],[99.92685,9.49211],[99.93213,9.49681],[99.93393,9.50137],[99.93487,9.5074],[99.9318,9.51655],[99.93395,9.52265],[99.93401,9.53848],[99.9262,9.55978],[99.91648,9.56975],[99.91214,9.56956],[99.9119,9.57105],[99.91507,9.57129],[99.91814,9.57724],[99.92279,9.57476],[99.93172,9.57648],[99.93355,9.57857],[99.9526,9.57931],[99.98219,9.58762],[99.98596,9.5807],[99.99829,9.57079],[100.01008,9.57019],[100.01648,9.57435],[100.01905,9.57112],[100.01762,9.57],[100.01821,9.56728],[100.02714,9.5613],[100.03549,9.56015],[100.04039,9.5622],[100.04133,9.56495],[100.04392,9.56029],[100.05216,9.5573],[100.05777,9.56006],[100.06164,9.56458],[100.06143,9.56909],[100.06548,9.57506],[100.06869,9.5841],[100.06815,9.58809],[100.0651,9.5895],[100.06673,9.59263],[100.06919,9.59375],[100.06891,9.5901],[100.07191,9.59045],[100.07434,9.58697]]],[[[100.08376,9.53459],[100.07965,9.53914],[100.08087,9.54149],[100.08409,9.53997],[100.08303,9.53682],[100.08674,9.53417],[100.08376,9.53459]]],[[[100.08696,9.57393],[100.08927,9.57401],[100.08905,9.57261],[100.08741,9.5727],[100.08696,9.57393]]],[[[100.05296,9.5931],[100.0528,9.59126],[100.05137,9.5908],[100.05141,9.59155],[100.05296,9.5931]]],[[[100.0605,9.59238],[100.05711,9.59134],[100.05494,9.59258],[100.05717,9.59426],[100.0605,9.59238]]],[[[99.94941,9.70427],[99.94489,9.70311],[99.94314,9.70682],[99.94529,9.70598],[99.94638,9.70753],[99.9495,9.70738],[99.94941,9.70427]]],[[[99.97254,9.71168],[99.9745,9.70838],[99.97172,9.7062],[99.97133,9.7105],[99.97254,9.71168]]],[[[100.03175,9.80291],[100.03366,9.79394],[100.03611,9.79263],[100.03902,9.79504],[100.04307,9.793],[100.04563,9.79415],[100.05204,9.79307],[100.06231,9.78735],[100.06216,9.78491],[100.05596,9.78246],[100.05583,9.7784],[100.05753,9.77717],[100.05627,9.77288],[100.06142,9.76959],[100.06333,9.77296],[100.06647,9.77375],[100.06864,9.76901],[100.0729,9.76653],[100.07188,9.76245],[100.07646,9.75463],[100.07406,9.75081],[100.07939,9.74561],[100.08122,9.73933],[100.08156,9.73492],[100.0795,9.73046],[100.07755,9.72981],[100.07835,9.72707],[100.07619,9.72118],[100.07987,9.71788],[100.07506,9.71452],[100.0801,9.701],[100.07874,9.69861],[100.08163,9.69702],[100.07835,9.69726],[100.07727,9.69402],[100.07451,9.69335],[100.07349,9.69102],[100.07794,9.6829],[100.0687,9.67984],[100.06784,9.6766],[100.073,9.66981],[100.07772,9.66854],[100.07711,9.66671],[100.06953,9.66719],[100.0696,9.66978],[100.065,9.67252],[100.05809,9.6816],[100.04366,9.68853],[100.03838,9.69478],[100.0245,9.6978],[100.01959,9.70104],[100.00457,9.7046],[100.00025,9.70699],[99.99084,9.70641],[99.98486,9.71184],[99.98067,9.71998],[99.97876,9.72003],[99.97606,9.72346],[99.97581,9.72994],[99.97975,9.7316],[99.98021,9.73351],[99.97356,9.75012],[99.97101,9.75225],[99.96801,9.75244],[99.96574,9.75034],[99.96354,9.75159],[99.96545,9.75358],[99.96384,9.76018],[99.9611,9.76202],[99.96151,9.77286],[99.96457,9.77377],[99.96636,9.77675],[99.96687,9.7861],[99.97043,9.78469],[99.97268,9.78693],[99.97107,9.79215],[99.97698,9.79205],[99.98234,9.7998],[99.989,9.79863],[99.98981,9.80338],[99.99239,9.80377],[99.99529,9.79718],[99.99783,9.79622],[99.99555,9.79334],[99.99634,9.79187],[100.00497,9.78732],[100.01098,9.79064],[100.01297,9.79883],[100.0148,9.79812],[100.01689,9.79956],[100.0171,9.80317],[100.02965,9.80417],[100.03175,9.80291]]],[[[99.93244,9.74079],[99.93166,9.74138],[99.93295,9.74189],[99.93244,9.74079]]],[[[99.97742,9.80183],[99.9801,9.80309],[99.98085,9.80045],[99.97788,9.80013],[99.97742,9.80183]]],[[[99.98783,9.94423],[99.98889,9.94582],[99.98986,9.94541],[99.98909,9.94409],[99.98783,9.94423]]],[[[99.84445,10.06155],[99.84444,10.06237],[99.84489,10.06202],[99.84445,10.06155]]],[[[99.84536,10.12192],[99.84345,10.12056],[99.84373,10.11853],[99.85052,10.11053],[99.84612,10.10328],[99.84992,10.10001],[99.85354,10.10165],[99.85158,10.09765],[99.85295,10.09472],[99.85185,10.09236],[99.85589,10.09117],[99.85608,10.08966],[99.84812,10.08458],[99.84877,10.08142],[99.84715,10.0793],[99.84833,10.07731],[99.84637,10.07406],[99.83942,10.07267],[99.84016,10.06714],[99.8424,10.06501],[99.83907,10.06573],[99.83706,10.06446],[99.83202,10.06645],[99.8302,10.06268],[99.831,10.06009],[99.82724,10.05892],[99.82792,10.0659],[99.82483,10.06742],[99.82244,10.0644],[99.81879,10.06842],[99.81507,10.06914],[99.81581,10.07891],[99.82392,10.08431],[99.828,10.0953],[99.82693,10.10474],[99.82507,10.10441],[99.82075,10.10924],[99.82063,10.11891],[99.82354,10.12282],[99.82325,10.12504],[99.82532,10.12626],[99.83564,10.12091],[99.83754,10.12184],[99.8386,10.12614],[99.84536,10.12192]]],[[[99.81551,10.11525],[99.81479,10.11389],[99.81338,10.11486],[99.81373,10.11608],[99.81551,10.11525]]],[[[99.81625,10.11854],[99.81507,10.11706],[99.81444,10.11744],[99.81625,10.11854]]]]},"properties":{"Region":"S","px_type1":14726,"px_type2":30720,"area_rai1":8283.38,"area_rai2":17280.0,"area_aban":25563.38,"area_tot":47205189.0,"pct_aban":0.0542}}]}